ISO-10303-21;
HEADER;
FILE_DESCRIPTION (( 'STEP AP214' ),
    '1' );
FILE_NAME ('B6PS-VH.STEP',
    '2010-06-15T04:58:34',
    ( 'JSTOEC' ),
    ( '' ),
    'SwSTEP 2.0',
    'SolidWorks 2005235',
    '' );
FILE_SCHEMA (( 'AUTOMOTIVE_DESIGN' ));
ENDSEC;

DATA;
#1 = EDGE_LOOP ( 'NONE', ( #2, #332, #331, #333 ) ) ;
#2 = ORIENTED_EDGE ( 'NONE', *, *, #205, .F. ) ;
#3 = ORIENTED_EDGE ( 'NONE', *, *, #29, .F. ) ;
#4 = ORIENTED_EDGE ( 'NONE', *, *, #346, .F. ) ;
#5 = VERTEX_POINT ( 'NONE', #782 ) ;
#6 = ORIENTED_EDGE ( 'NONE', *, *, #16, .T. ) ;
#7 = VERTEX_POINT ( 'NONE', #781 ) ;
#8 = VERTEX_POINT ( 'NONE', #780 ) ;
#9 = VERTEX_POINT ( 'NONE', #779 ) ;
#10 = ORIENTED_EDGE ( 'NONE', *, *, #13, .T. ) ;
#11 = EDGE_CURVE ( 'NONE', #4212, #17, #778, .T. ) ;
#12 = ORIENTED_EDGE ( 'NONE', *, *, #18, .F. ) ;
#13 = EDGE_CURVE ( 'NONE', #7, #17, #773, .T. ) ;
#14 = ADVANCED_FACE ( 'NONE', ( #769 ), #814, .F. ) ;
#15 = ORIENTED_EDGE ( 'NONE', *, *, #11, .F. ) ;
#16 = EDGE_CURVE ( 'NONE', #356, #5, #809, .T. ) ;
#17 = VERTEX_POINT ( 'NONE', #805 ) ;
#18 = EDGE_CURVE ( 'NONE', #19, #8, #804, .T. ) ;
#19 = VERTEX_POINT ( 'NONE', #800 ) ;
#20 = ORIENTED_EDGE ( 'NONE', *, *, #4116, .F. ) ;
#21 = ORIENTED_EDGE ( 'NONE', *, *, #106, .F. ) ;
#22 = ORIENTED_EDGE ( 'NONE', *, *, #27, .T. ) ;
#23 = EDGE_LOOP ( 'NONE', ( #21, #24, #25, #252 ) ) ;
#24 = ORIENTED_EDGE ( 'NONE', *, *, #4172, .T. ) ;
#25 = ORIENTED_EDGE ( 'NONE', *, *, #256, .T. ) ;
#26 = ORIENTED_EDGE ( 'NONE', *, *, #313, .T. ) ;
#27 = EDGE_CURVE ( 'NONE', #38, #28, #799, .T. ) ;
#28 = VERTEX_POINT ( 'NONE', #848 ) ;
#29 = EDGE_CURVE ( 'NONE', #4166, #39, #847, .T. ) ;
#30 = EDGE_CURVE ( 'NONE', #28, #7, #843, .T. ) ;
#31 = EDGE_LOOP ( 'NONE', ( #34, #12, #4198, #4193 ) ) ;
#32 = ORIENTED_EDGE ( 'NONE', *, *, #30, .T. ) ;
#33 = EDGE_CURVE ( 'NONE', #8, #9, #839, .T. ) ;
#34 = ORIENTED_EDGE ( 'NONE', *, *, #33, .F. ) ;
#35 = EDGE_LOOP ( 'NONE', ( #4185, #4070, #484, #3950 ) ) ;
#36 = EDGE_CURVE ( 'NONE', #653, #360, #835, .T. ) ;
#37 = ORIENTED_EDGE ( 'NONE', *, *, #48, .F. ) ;
#38 = VERTEX_POINT ( 'NONE', #831 ) ;
#39 = VERTEX_POINT ( 'NONE', #830 ) ;
#40 = ORIENTED_EDGE ( 'NONE', *, *, #42, .F. ) ;
#41 = ORIENTED_EDGE ( 'NONE', *, *, #206, .T. ) ;
#42 = EDGE_CURVE ( 'NONE', #4212, #4168, #829, .T. ) ;
#43 = ORIENTED_EDGE ( 'NONE', *, *, #337, .F. ) ;
#44 = ORIENTED_EDGE ( 'NONE', *, *, #668, .T. ) ;
#45 = ORIENTED_EDGE ( 'NONE', *, *, #11, .T. ) ;
#46 = ORIENTED_EDGE ( 'NONE', *, *, #673, .T. ) ;
#47 = EDGE_CURVE ( 'NONE', #38, #635, #825, .T. ) ;
#48 = EDGE_CURVE ( 'NONE', #39, #4174, #881, .T. ) ;
#49 = ORIENTED_EDGE ( 'NONE', *, *, #53, .T. ) ;
#50 = EDGE_CURVE ( 'NONE', #360, #368, #876, .T. ) ;
#51 = ADVANCED_FACE ( 'NONE', ( #872 ), #857, .F. ) ;
#52 = EDGE_LOOP ( 'NONE', ( #40, #45, #364, #361 ) ) ;
#53 = EDGE_CURVE ( 'NONE', #791, #38, #911, .T. ) ;
#54 = ORIENTED_EDGE ( 'NONE', *, *, #36, .F. ) ;
#55 = ORIENTED_EDGE ( 'NONE', *, *, #4147, .T. ) ;
#56 = ORIENTED_EDGE ( 'NONE', *, *, #4075, .F. ) ;
#57 = ORIENTED_EDGE ( 'NONE', *, *, #187, .F. ) ;
#58 = ORIENTED_EDGE ( 'NONE', *, *, #66, .F. ) ;
#59 = EDGE_LOOP ( 'NONE', ( #43, #41, #26, #20 ) ) ;
#60 = EDGE_LOOP ( 'NONE', ( #64, #71, #61, #49 ) ) ;
#61 = ORIENTED_EDGE ( 'NONE', *, *, #790, .F. ) ;
#62 = ORIENTED_EDGE ( 'NONE', *, *, #63, .F. ) ;
#63 = EDGE_CURVE ( 'NONE', #65, #4156, #907, .T. ) ;
#64 = ORIENTED_EDGE ( 'NONE', *, *, #47, .T. ) ;
#65 = VERTEX_POINT ( 'NONE', #903 ) ;
#66 = EDGE_CURVE ( 'NONE', #4160, #65, #901, .T. ) ;
#67 = EDGE_LOOP ( 'NONE', ( #344, #440, #4027, #4022 ) ) ;
#68 = ORIENTED_EDGE ( 'NONE', *, *, #48, .T. ) ;
#69 = ADVANCED_FACE ( 'NONE', ( #897 ), #939, .F. ) ;
#70 = ORIENTED_EDGE ( 'NONE', *, *, #4175, .T. ) ;
#71 = ORIENTED_EDGE ( 'NONE', *, *, #629, .T. ) ;
#72 = ORIENTED_EDGE ( 'NONE', *, *, #73, .F. ) ;
#73 = EDGE_CURVE ( 'NONE', #4202, #4212, #938, .T. ) ;
#74 = VERTEX_POINT ( 'NONE', #929 ) ;
#75 = ADVANCED_FACE ( 'NONE', ( #928 ), #967, .T. ) ;
#76 = ADVANCED_FACE ( 'NONE', ( #962 ), #946, .T. ) ;
#77 = EDGE_LOOP ( 'NONE', ( #354, #350, #347, #345 ) ) ;
#78 = VERTEX_POINT ( 'NONE', #942 ) ;
#79 = ORIENTED_EDGE ( 'NONE', *, *, #83, .F. ) ;
#80 = ORIENTED_EDGE ( 'NONE', *, *, #81, .T. ) ;
#81 = EDGE_CURVE ( 'NONE', #4144, #7, #941, .T. ) ;
#82 = ORIENTED_EDGE ( 'NONE', *, *, #30, .F. ) ;
#83 = EDGE_CURVE ( 'NONE', #380, #78, #995, .T. ) ;
#84 = VERTEX_POINT ( 'NONE', #991 ) ;
#85 = ORIENTED_EDGE ( 'NONE', *, *, #4155, .T. ) ;
#86 = EDGE_CURVE ( 'NONE', #84, #4166, #989, .T. ) ;
#87 = EDGE_LOOP ( 'NONE', ( #88, #4173, #37, #3 ) ) ;
#88 = ORIENTED_EDGE ( 'NONE', *, *, #86, .F. ) ;
#89 = ORIENTED_EDGE ( 'NONE', *, *, #312, .F. ) ;
#90 = EDGE_LOOP ( 'NONE', ( #89, #55, #70, #57 ) ) ;
#91 = ADVANCED_FACE ( 'NONE', ( #985 ), #969, .T. ) ;
#92 = EDGE_LOOP ( 'NONE', ( #94, #85, #80, #82 ) ) ;
#93 = ORIENTED_EDGE ( 'NONE', *, *, #95, .F. ) ;
#94 = ORIENTED_EDGE ( 'NONE', *, *, #96, .F. ) ;
#95 = EDGE_CURVE ( 'NONE', #78, #339, #1031, .T. ) ;
#96 = EDGE_CURVE ( 'NONE', #4161, #28, #1024, .T. ) ;
#97 = EDGE_CURVE ( 'NONE', #98, #4135, #1020, .T. ) ;
#98 = VERTEX_POINT ( 'NONE', #1016 ) ;
#99 = ORIENTED_EDGE ( 'NONE', *, *, #118, .T. ) ;
#100 = EDGE_LOOP ( 'NONE', ( #56, #68, #105, #104 ) ) ;
#101 = ORIENTED_EDGE ( 'NONE', *, *, #4106, .F. ) ;
#102 = ORIENTED_EDGE ( 'NONE', *, *, #3976, .F. ) ;
#103 = VERTEX_POINT ( 'NONE', #1015 ) ;
#104 = ORIENTED_EDGE ( 'NONE', *, *, #16, .F. ) ;
#105 = ORIENTED_EDGE ( 'NONE', *, *, #106, .T. ) ;
#106 = EDGE_CURVE ( 'NONE', #4174, #5, #1013, .T. ) ;
#107 = ADVANCED_FACE ( 'NONE', ( #1009 ), #1055, .T. ) ;
#108 = ORIENTED_EDGE ( 'NONE', *, *, #110, .T. ) ;
#109 = VERTEX_POINT ( 'NONE', #1050 ) ;
#110 = EDGE_CURVE ( 'NONE', #213, #4102, #1048, .T. ) ;
#111 = ADVANCED_FACE ( 'NONE', ( #1044 ), #1084, .T. ) ;
#112 = ORIENTED_EDGE ( 'NONE', *, *, #113, .T. ) ;
#113 = EDGE_CURVE ( 'NONE', #119, #109, #1079, .T. ) ;
#114 = VERTEX_POINT ( 'NONE', #1074 ) ;
#115 = VERTEX_POINT ( 'NONE', #1073 ) ;
#116 = ORIENTED_EDGE ( 'NONE', *, *, #608, .T. ) ;
#117 = ORIENTED_EDGE ( 'NONE', *, *, #118, .F. ) ;
#118 = EDGE_CURVE ( 'NONE', #119, #617, #1072, .T. ) ;
#119 = VERTEX_POINT ( 'NONE', #1068 ) ;
#120 = PRESENTATION_STYLE_ASSIGNMENT (( #2806 ) ) ;
#121 = EDGE_CURVE ( 'NONE', #4166, #362, #1067, .T. ) ;
#122 = EDGE_CURVE ( 'NONE', #4073, #360, #1062, .T. ) ;
#123 = EDGE_CURVE ( 'NONE', #115, #623, #1063, .T. ) ;
#124 = EDGE_LOOP ( 'NONE', ( #125, #116, #117, #112, #559, #551, #543, #535 ) ) ;
#125 = ORIENTED_EDGE ( 'NONE', *, *, #123, .T. ) ;
#126 = ORIENTED_EDGE ( 'NONE', *, *, #4092, .T. ) ;
#127 = ADVANCED_FACE ( 'NONE', ( #1109 ), #1094, .T. ) ;
#128 = ORIENTED_EDGE ( 'NONE', *, *, #328, .F. ) ;
#129 = VERTEX_POINT ( 'NONE', #1089 ) ;
#130 = ORIENTED_EDGE ( 'NONE', *, *, #133, .T. ) ;
#131 = EDGE_LOOP ( 'NONE', ( #130, #142, #143, #2544, #370, #341, #338, #141 ) ) ;
#132 = ORIENTED_EDGE ( 'NONE', *, *, #666, .T. ) ;
#133 = EDGE_CURVE ( 'NONE', #129, #4139, #1087, .T. ) ;
#134 = EDGE_LOOP ( 'NONE', ( #406, #405, #403, #400 ) ) ;
#135 = ORIENTED_EDGE ( 'NONE', *, *, #527, .T. ) ;
#136 = ORIENTED_EDGE ( 'NONE', *, *, #4008, .F. ) ;
#137 = ADVANCED_FACE ( 'NONE', ( #1144 ), #1129, .T. ) ;
#138 = ADVANCED_FACE ( 'NONE', ( #1123 ), #1165, .T. ) ;
#139 = VERTEX_POINT ( 'NONE', #1160 ) ;
#140 = EDGE_CURVE ( 'NONE', #129, #139, #1159, .T. ) ;
#141 = ORIENTED_EDGE ( 'NONE', *, *, #140, .F. ) ;
#142 = ORIENTED_EDGE ( 'NONE', *, *, #4140, .T. ) ;
#143 = ORIENTED_EDGE ( 'NONE', *, *, #144, .F. ) ;
#144 = EDGE_CURVE ( 'NONE', #2629, #4142, #1154, .T. ) ;
#145 = EDGE_CURVE ( 'NONE', #360, #674, #1149, .T. ) ;
#146 = ORIENTED_EDGE ( 'NONE', *, *, #2832, .F. ) ;
#147 = VERTEX_POINT ( 'NONE', #1201 ) ;
#148 = ORIENTED_EDGE ( 'NONE', *, *, #366, .F. ) ;
#149 = EDGE_CURVE ( 'NONE', #4073, #147, #1200, .T. ) ;
#150 = VERTEX_POINT ( 'NONE', #1196 ) ;
#151 = ORIENTED_EDGE ( 'NONE', *, *, #171, .F. ) ;
#152 = EDGE_LOOP ( 'NONE', ( #163, #167, #154, #193, #177, #175, #199 ) ) ;
#153 = ADVANCED_FACE ( 'NONE', ( #1195 ), #1194, .F. ) ;
#154 = ORIENTED_EDGE ( 'NONE', *, *, #122, .F. ) ;
#155 = ORIENTED_EDGE ( 'NONE', *, *, #410, .T. ) ;
#156 = CLOSED_SHELL ( 'NONE', ( #432, #502, #459, #883, #2111, #420, #499, #519, #4146, #4024, #194, #4186, #417, #3940, #127, #275, #297, #138, #392, #307, #3941, #241, #181, #667, #4207, #787, #153, #552, #529, #137, #4145, #263, #3981, #230, #3970, #75, #299, #334, #670, #437, #76, #51, #4074, #349, #3956, #4195, #3897, #3040, #710, #690, #684, #694, #702, #4049, #4061, #3916, #3934, #3977, #3954, #3899, #335, #91, #69, #316, #14, #4043, #4066, #4002, #107, #536, #217, #739, #915, #1945, #257, #544, #235, #4120, #4123, #730, #111, #503, #4023, #4082, #226, #450, #4133, #446, #732, #723, #4180, #4030, #4037, #4009, #207, #745, #329, #4058 ) ) ;
#157 = ORIENTED_EDGE ( 'NONE', *, *, #3924, .F. ) ;
#158 = ORIENTED_EDGE ( 'NONE', *, *, #595, .T. ) ;
#159 = ORIENTED_EDGE ( 'NONE', *, *, #3937, .T. ) ;
#160 = ORIENTED_EDGE ( 'NONE', *, *, #3908, .F. ) ;
#161 = ORIENTED_EDGE ( 'NONE', *, *, #652, .T. ) ;
#162 = ORIENTED_EDGE ( 'NONE', *, *, #646, .F. ) ;
#163 = ORIENTED_EDGE ( 'NONE', *, *, #683, .F. ) ;
#164 = ORIENTED_EDGE ( 'NONE', *, *, #36, .T. ) ;
#165 = ORIENTED_EDGE ( 'NONE', *, *, #379, .F. ) ;
#166 = ORIENTED_EDGE ( 'NONE', *, *, #408, .T. ) ;
#167 = ORIENTED_EDGE ( 'NONE', *, *, #145, .F. ) ;
#168 = ORIENTED_EDGE ( 'NONE', *, *, #3964, .F. ) ;
#169 = ORIENTED_EDGE ( 'NONE', *, *, #172, .T. ) ;
#170 = EDGE_CURVE ( 'NONE', #147, #368, #1189, .T. ) ;
#171 = EDGE_CURVE ( 'NONE', #209, #147, #1185, .T. ) ;
#172 = EDGE_CURVE ( 'NONE', #150, #4073, #1181, .T. ) ;
#173 = ORIENTED_EDGE ( 'NONE', *, *, #170, .T. ) ;
#174 = EDGE_LOOP ( 'NONE', ( #191, #158, #161, #164 ) ) ;
#175 = ORIENTED_EDGE ( 'NONE', *, *, #3903, .F. ) ;
#176 = EDGE_LOOP ( 'NONE', ( #186, #4089, #4084, #4083 ) ) ;
#177 = ORIENTED_EDGE ( 'NONE', *, *, #3909, .F. ) ;
#178 = ORIENTED_EDGE ( 'NONE', *, *, #600, .T. ) ;
#179 = EDGE_CURVE ( 'NONE', #200, #619, #1177, .T. ) ;
#180 = EDGE_CURVE ( 'NONE', #192, #204, #1231, .T. ) ;
#181 = ADVANCED_FACE ( 'NONE', ( #1227 ), #1212, .T. ) ;
#182 = ORIENTED_EDGE ( 'NONE', *, *, #197, .T. ) ;
#183 = EDGE_LOOP ( 'NONE', ( #185, #178, #4132, #311 ) ) ;
#184 = ORIENTED_EDGE ( 'NONE', *, *, #187, .T. ) ;
#185 = ORIENTED_EDGE ( 'NONE', *, *, #179, .T. ) ;
#186 = ORIENTED_EDGE ( 'NONE', *, *, #180, .T. ) ;
#187 = EDGE_CURVE ( 'NONE', #200, #188, #1207, .T. ) ;
#188 = VERTEX_POINT ( 'NONE', #1269 ) ;
#189 = VERTEX_POINT ( 'NONE', #1268 ) ;
#190 = ORIENTED_EDGE ( 'NONE', *, *, #201, .T. ) ;
#191 = ORIENTED_EDGE ( 'NONE', *, *, #145, .T. ) ;
#192 = VERTEX_POINT ( 'NONE', #1267 ) ;
#193 = ORIENTED_EDGE ( 'NONE', *, *, #172, .F. ) ;
#194 = ADVANCED_FACE ( 'NONE', ( #1266 ), #1265, .T. ) ;
#195 = ORIENTED_EDGE ( 'NONE', *, *, #206, .F. ) ;
#196 = VERTEX_POINT ( 'NONE', #1260 ) ;
#197 = EDGE_CURVE ( 'NONE', #196, #634, #1259, .T. ) ;
#198 = ORIENTED_EDGE ( 'NONE', *, *, #179, .F. ) ;
#199 = ORIENTED_EDGE ( 'NONE', *, *, #3929, .F. ) ;
#200 = VERTEX_POINT ( 'NONE', #1255 ) ;
#201 = EDGE_CURVE ( 'NONE', #188, #189, #1254, .T. ) ;
#202 = ORIENTED_EDGE ( 'NONE', *, *, #205, .T. ) ;
#203 = ORIENTED_EDGE ( 'NONE', *, *, #622, .T. ) ;
#204 = VERTEX_POINT ( 'NONE', #1250 ) ;
#205 = EDGE_CURVE ( 'NONE', #189, #213, #1249, .T. ) ;
#206 = EDGE_CURVE ( 'NONE', #196, #211, #1244, .T. ) ;
#207 = ADVANCED_FACE ( 'NONE', ( #1239 ), #1293, .T. ) ;
#208 = ORIENTED_EDGE ( 'NONE', *, *, #3964, .T. ) ;
#209 = VERTEX_POINT ( 'NONE', #1287 ) ;
#210 = EDGE_CURVE ( 'NONE', #211, #213, #1286, .T. ) ;
#211 = VERTEX_POINT ( 'NONE', #1282 ) ;
#212 = ORIENTED_EDGE ( 'NONE', *, *, #210, .F. ) ;
#213 = VERTEX_POINT ( 'NONE', #1281 ) ;
#214 = ORIENTED_EDGE ( 'NONE', *, *, #391, .T. ) ;
#215 = EDGE_LOOP ( 'NONE', ( #216, #214, #4077, #4091 ) ) ;
#216 = ORIENTED_EDGE ( 'NONE', *, *, #220, .F. ) ;
#217 = ADVANCED_FACE ( 'NONE', ( #1280 ), #1323, .T. ) ;
#218 = ORIENTED_EDGE ( 'NONE', *, *, #4086, .F. ) ;
#219 = ORIENTED_EDGE ( 'NONE', *, *, #220, .T. ) ;
#220 = EDGE_CURVE ( 'NONE', #387, #4085, #1318, .T. ) ;
#221 = ORIENTED_EDGE ( 'NONE', *, *, #4042, .T. ) ;
#222 = EDGE_LOOP ( 'NONE', ( #223, #221, #219, #218 ) ) ;
#223 = ORIENTED_EDGE ( 'NONE', *, *, #224, .F. ) ;
#224 = EDGE_CURVE ( 'NONE', #378, #4081, #1313, .T. ) ;
#225 = ORIENTED_EDGE ( 'NONE', *, *, #4090, .F. ) ;
#226 = ADVANCED_FACE ( 'NONE', ( #1309 ), #1350, .T. ) ;
#227 = ORIENTED_EDGE ( 'NONE', *, *, #224, .T. ) ;
#228 = EDGE_LOOP ( 'NONE', ( #182, #203, #198, #184, #190, #202, #212, #195 ) ) ;
#229 = ORIENTED_EDGE ( 'NONE', *, *, #180, .F. ) ;
#230 = ADVANCED_FACE ( 'NONE', ( #1344 ), #1377, .T. ) ;
#231 = EDGE_LOOP ( 'NONE', ( #232, #233, #234, #229 ) ) ;
#232 = ORIENTED_EDGE ( 'NONE', *, *, #4076, .F. ) ;
#233 = ORIENTED_EDGE ( 'NONE', *, *, #441, .T. ) ;
#234 = ORIENTED_EDGE ( 'NONE', *, *, #4078, .T. ) ;
#235 = ADVANCED_FACE ( 'NONE', ( #1371 ), #1406, .T. ) ;
#236 = ORIENTED_EDGE ( 'NONE', *, *, #249, .T. ) ;
#237 = ORIENTED_EDGE ( 'NONE', *, *, #240, .T. ) ;
#238 = VERTEX_POINT ( 'NONE', #1401 ) ;
#239 = VERTEX_POINT ( 'NONE', #1400 ) ;
#240 = EDGE_CURVE ( 'NONE', #238, #239, #1398, .T. ) ;
#241 = ADVANCED_FACE ( 'NONE', ( #1394 ), #1444, .T. ) ;
#242 = ORIENTED_EDGE ( 'NONE', *, *, #580, .T. ) ;
#243 = EDGE_LOOP ( 'NONE', ( #289, #288, #285, #283, #278, #280, #3984, #301 ) ) ;
#244 = VERTEX_POINT ( 'NONE', #1439 ) ;
#245 = ORIENTED_EDGE ( 'NONE', *, *, #246, .F. ) ;
#246 = EDGE_CURVE ( 'NONE', #244, #581, #1438, .T. ) ;
#247 = EDGE_CURVE ( 'NONE', #244, #238, #1434, .T. ) ;
#248 = ORIENTED_EDGE ( 'NONE', *, *, #247, .T. ) ;
#249 = EDGE_CURVE ( 'NONE', #239, #251, #1429, .T. ) ;
#250 = ORIENTED_EDGE ( 'NONE', *, *, #367, .F. ) ;
#251 = VERTEX_POINT ( 'NONE', #1425 ) ;
#252 = ORIENTED_EDGE ( 'NONE', *, *, #4205, .F. ) ;
#253 = ORIENTED_EDGE ( 'NONE', *, *, #254, .F. ) ;
#254 = EDGE_CURVE ( 'NONE', #255, #251, #1424, .T. ) ;
#255 = VERTEX_POINT ( 'NONE', #1420 ) ;
#256 = EDGE_CURVE ( 'NONE', #84, #365, #1418, .T. ) ;
#257 = ADVANCED_FACE ( 'NONE', ( #1414 ), #1462, .T. ) ;
#258 = EDGE_LOOP ( 'NONE', ( #260, #242, #245, #248, #237, #236, #253, #268 ) ) ;
#259 = ORIENTED_EDGE ( 'NONE', *, *, #256, .F. ) ;
#260 = ORIENTED_EDGE ( 'NONE', *, *, #264, .T. ) ;
#261 = ORIENTED_EDGE ( 'NONE', *, *, #121, .T. ) ;
#262 = ORIENTED_EDGE ( 'NONE', *, *, #86, .T. ) ;
#263 = ADVANCED_FACE ( 'NONE', ( #1456 ), #1497, .T. ) ;
#264 = EDGE_CURVE ( 'NONE', #103, #566, #1492, .T. ) ;
#265 = EDGE_LOOP ( 'NONE', ( #259, #262, #261, #250 ) ) ;
#266 = ORIENTED_EDGE ( 'NONE', *, *, #274, .F. ) ;
#267 = EDGE_LOOP ( 'NONE', ( #270, #273, #266, #269 ) ) ;
#268 = ORIENTED_EDGE ( 'NONE', *, *, #271, .F. ) ;
#269 = ORIENTED_EDGE ( 'NONE', *, *, #276, .T. ) ;
#270 = ORIENTED_EDGE ( 'NONE', *, *, #246, .T. ) ;
#271 = EDGE_CURVE ( 'NONE', #103, #255, #1488, .T. ) ;
#272 = VERTEX_POINT ( 'NONE', #1483 ) ;
#273 = ORIENTED_EDGE ( 'NONE', *, *, #576, .T. ) ;
#274 = EDGE_CURVE ( 'NONE', #272, #578, #1481, .T. ) ;
#275 = ADVANCED_FACE ( 'NONE', ( #1477 ), #1516, .T. ) ;
#276 = EDGE_CURVE ( 'NONE', #272, #244, #1511, .T. ) ;
#277 = VERTEX_POINT ( 'NONE', #1507 ) ;
#278 = ORIENTED_EDGE ( 'NONE', *, *, #279, .T. ) ;
#279 = EDGE_CURVE ( 'NONE', #282, #277, #1506, .T. ) ;
#280 = ORIENTED_EDGE ( 'NONE', *, *, #281, .T. ) ;
#281 = EDGE_CURVE ( 'NONE', #277, #3983, #1502, .T. ) ;
#282 = VERTEX_POINT ( 'NONE', #1554 ) ;
#283 = ORIENTED_EDGE ( 'NONE', *, *, #284, .T. ) ;
#284 = EDGE_CURVE ( 'NONE', #286, #282, #1553, .T. ) ;
#285 = ORIENTED_EDGE ( 'NONE', *, *, #287, .F. ) ;
#286 = VERTEX_POINT ( 'NONE', #1548 ) ;
#287 = EDGE_CURVE ( 'NONE', #286, #572, #1547, .T. ) ;
#288 = ORIENTED_EDGE ( 'NONE', *, *, #577, .T. ) ;
#289 = ORIENTED_EDGE ( 'NONE', *, *, #274, .T. ) ;
#290 = ORIENTED_EDGE ( 'NONE', *, *, #264, .F. ) ;
#291 = ORIENTED_EDGE ( 'NONE', *, *, #571, .T. ) ;
#292 = ORIENTED_EDGE ( 'NONE', *, *, #287, .T. ) ;
#293 = EDGE_LOOP ( 'NONE', ( #292, #291, #290, #295 ) ) ;
#294 = EDGE_CURVE ( 'NONE', #103, #286, #1543, .T. ) ;
#295 = ORIENTED_EDGE ( 'NONE', *, *, #294, .T. ) ;
#296 = VERTEX_POINT ( 'NONE', #1539 ) ;
#297 = ADVANCED_FACE ( 'NONE', ( #1538 ), #1585, .T. ) ;
#298 = EDGE_LOOP ( 'NONE', ( #3979, #155, #162, #168 ) ) ;
#299 = ADVANCED_FACE ( 'NONE', ( #1580 ), #1579, .F. ) ;
#300 = ORIENTED_EDGE ( 'NONE', *, *, #133, .F. ) ;
#301 = ORIENTED_EDGE ( 'NONE', *, *, #303, .F. ) ;
#302 = ORIENTED_EDGE ( 'NONE', *, *, #337, .T. ) ;
#303 = EDGE_CURVE ( 'NONE', #272, #296, #1573, .T. ) ;
#304 = ORIENTED_EDGE ( 'NONE', *, *, #197, .F. ) ;
#305 = ORIENTED_EDGE ( 'NONE', *, *, #606, .T. ) ;
#306 = EDGE_LOOP ( 'NONE', ( #4112, #4100, #4101, #4098, #4104, #4096, #4158, #4148 ) ) ;
#307 = ADVANCED_FACE ( 'NONE', ( #1568 ), #1612, .T. ) ;
#308 = ORIENTED_EDGE ( 'NONE', *, *, #4109, .T. ) ;
#309 = ORIENTED_EDGE ( 'NONE', *, *, #3980, .T. ) ;
#310 = ORIENTED_EDGE ( 'NONE', *, *, #210, .T. ) ;
#311 = ORIENTED_EDGE ( 'NONE', *, *, #312, .T. ) ;
#312 = EDGE_CURVE ( 'NONE', #4099, #200, #1607, .T. ) ;
#313 = EDGE_CURVE ( 'NONE', #211, #4103, #1602, .T. ) ;
#314 = ORIENTED_EDGE ( 'NONE', *, *, #313, .F. ) ;
#315 = EDGE_LOOP ( 'NONE', ( #314, #310, #108, #101 ) ) ;
#316 = ADVANCED_FACE ( 'NONE', ( #1598 ), #1641, .F. ) ;
#317 = ORIENTED_EDGE ( 'NONE', *, *, #663, .T. ) ;
#318 = ORIENTED_EDGE ( 'NONE', *, *, #671, .T. ) ;
#319 = ORIENTED_EDGE ( 'NONE', *, *, #4137, .T. ) ;
#320 = ORIENTED_EDGE ( 'NONE', *, *, #4036, .T. ) ;
#321 = ORIENTED_EDGE ( 'NONE', *, *, #3933, .T. ) ;
#322 = ORIENTED_EDGE ( 'NONE', *, *, #201, .F. ) ;
#323 = EDGE_CURVE ( 'NONE', #4157, #189, #1636, .T. ) ;
#324 = ORIENTED_EDGE ( 'NONE', *, *, #4164, .T. ) ;
#325 = ORIENTED_EDGE ( 'NONE', *, *, #323, .T. ) ;
#326 = VERTEX_POINT ( 'NONE', #1632 ) ;
#327 = ORIENTED_EDGE ( 'NONE', *, *, #328, .T. ) ;
#328 = EDGE_CURVE ( 'NONE', #326, #4094, #1630, .T. ) ;
#329 = ADVANCED_FACE ( 'NONE', ( #1626 ), #1665, .T. ) ;
#330 = EDGE_LOOP ( 'NONE', ( #327, #4095, #4108, #4110 ) ) ;
#331 = ORIENTED_EDGE ( 'NONE', *, *, #4163, .F. ) ;
#332 = ORIENTED_EDGE ( 'NONE', *, *, #323, .F. ) ;
#333 = ORIENTED_EDGE ( 'NONE', *, *, #110, .F. ) ;
#334 = ADVANCED_FACE ( 'NONE', ( #1658 ), #1696, .T. ) ;
#335 = ADVANCED_FACE ( 'NONE', ( #1690 ), #1675, .F. ) ;
#336 = VERTEX_POINT ( 'NONE', #1670 ) ;
#337 = EDGE_CURVE ( 'NONE', #196, #4097, #1728, .T. ) ;
#338 = ORIENTED_EDGE ( 'NONE', *, *, #348, .F. ) ;
#339 = VERTEX_POINT ( 'NONE', #1724 ) ;
#340 = VERTEX_POINT ( 'NONE', #1723 ) ;
#341 = ORIENTED_EDGE ( 'NONE', *, *, #366, .T. ) ;
#342 = VERTEX_POINT ( 'NONE', #1722 ) ;
#343 = VERTEX_POINT ( 'NONE', #1721 ) ;
#344 = ORIENTED_EDGE ( 'NONE', *, *, #441, .F. ) ;
#345 = ORIENTED_EDGE ( 'NONE', *, *, #4178, .F. ) ;
#346 = EDGE_CURVE ( 'NONE', #352, #657, #1720, .T. ) ;
#347 = ORIENTED_EDGE ( 'NONE', *, *, #42, .T. ) ;
#348 = EDGE_CURVE ( 'NONE', #139, #340, #1715, .T. ) ;
#349 = ADVANCED_FACE ( 'NONE', ( #1711 ), #1756, .F. ) ;
#350 = ORIENTED_EDGE ( 'NONE', *, *, #73, .T. ) ;
#351 = EDGE_LOOP ( 'NONE', ( #79, #369, #355, #93 ) ) ;
#352 = VERTEX_POINT ( 'NONE', #1751 ) ;
#353 = EDGE_CURVE ( 'NONE', #339, #74, #1750, .T. ) ;
#354 = ORIENTED_EDGE ( 'NONE', *, *, #4204, .F. ) ;
#355 = ORIENTED_EDGE ( 'NONE', *, *, #353, .F. ) ;
#356 = VERTEX_POINT ( 'NONE', #1746 ) ;
#357 = EDGE_CURVE ( 'NONE', #362, #356, #1745, .T. ) ;
#358 = VERTEX_POINT ( 'NONE', #1741 ) ;
#359 = ORIENTED_EDGE ( 'NONE', *, *, #357, .T. ) ;
#360 = VERTEX_POINT ( 'NONE', #1740 ) ;
#361 = ORIENTED_EDGE ( 'NONE', *, *, #4171, .F. ) ;
#362 = VERTEX_POINT ( 'NONE', #1739 ) ;
#363 = ORIENTED_EDGE ( 'NONE', *, *, #50, .F. ) ;
#364 = ORIENTED_EDGE ( 'NONE', *, *, #373, .T. ) ;
#365 = VERTEX_POINT ( 'NONE', #1738 ) ;
#366 = EDGE_CURVE ( 'NONE', #342, #340, #1737, .T. ) ;
#367 = EDGE_CURVE ( 'NONE', #365, #362, #1733, .T. ) ;
#368 = VERTEX_POINT ( 'NONE', #1729 ) ;
#369 = ORIENTED_EDGE ( 'NONE', *, *, #384, .F. ) ;
#370 = ORIENTED_EDGE ( 'NONE', *, *, #371, .T. ) ;
#371 = EDGE_CURVE ( 'NONE', #343, #342, #1794, .T. ) ;
#372 = ORIENTED_EDGE ( 'NONE', *, *, #367, .T. ) ;
#373 = EDGE_CURVE ( 'NONE', #17, #4170, #1790, .T. ) ;
#374 = ORIENTED_EDGE ( 'NONE', *, *, #27, .F. ) ;
#375 = EDGE_LOOP ( 'NONE', ( #372, #359, #6, #4210 ) ) ;
#376 = ORIENTED_EDGE ( 'NONE', *, *, #377, .F. ) ;
#377 = EDGE_CURVE ( 'NONE', #368, #4069, #1786, .T. ) ;
#378 = VERTEX_POINT ( 'NONE', #1782 ) ;
#379 = EDGE_CURVE ( 'NONE', #2629, #343, #1781, .T. ) ;
#380 = VERTEX_POINT ( 'NONE', #1776 ) ;
#381 = ORIENTED_EDGE ( 'NONE', *, *, #96, .T. ) ;
#382 = VERTEX_POINT ( 'NONE', #1775 ) ;
#383 = ORIENTED_EDGE ( 'NONE', *, *, #3933, .F. ) ;
#384 = EDGE_CURVE ( 'NONE', #74, #380, #1774, .T. ) ;
#385 = ORIENTED_EDGE ( 'NONE', *, *, #4154, .T. ) ;
#386 = ORIENTED_EDGE ( 'NONE', *, *, #171, .T. ) ;
#387 = VERTEX_POINT ( 'NONE', #1770 ) ;
#388 = ORIENTED_EDGE ( 'NONE', *, *, #53, .F. ) ;
#389 = ORIENTED_EDGE ( 'NONE', *, *, #97, .T. ) ;
#390 = ORIENTED_EDGE ( 'NONE', *, *, #3945, .T. ) ;
#391 = EDGE_CURVE ( 'NONE', #387, #439, #1768, .T. ) ;
#392 = ADVANCED_FACE ( 'NONE', ( #1764 ), #1808, .T. ) ;
#393 = EDGE_LOOP ( 'NONE', ( #394, #389, #383, #3932, #3925, #3920, #411, #409 ) ) ;
#394 = ORIENTED_EDGE ( 'NONE', *, *, #402, .T. ) ;
#395 = ORIENTED_EDGE ( 'NONE', *, *, #3894, .T. ) ;
#396 = ORIENTED_EDGE ( 'NONE', *, *, #3926, .T. ) ;
#397 = EDGE_CURVE ( 'NONE', #416, #2629, #1803, .T. ) ;
#398 = ORIENTED_EDGE ( 'NONE', *, *, #650, .T. ) ;
#399 = EDGE_LOOP ( 'NONE', ( #398, #396, #395, #390, #386, #173, #208 ) ) ;
#400 = ORIENTED_EDGE ( 'NONE', *, *, #397, .T. ) ;
#401 = EDGE_LOOP ( 'NONE', ( #169, #404, #151, #3938 ) ) ;
#402 = EDGE_CURVE ( 'NONE', #416, #98, #1798, .T. ) ;
#403 = ORIENTED_EDGE ( 'NONE', *, *, #402, .F. ) ;
#404 = ORIENTED_EDGE ( 'NONE', *, *, #149, .T. ) ;
#405 = ORIENTED_EDGE ( 'NONE', *, *, #587, .T. ) ;
#406 = ORIENTED_EDGE ( 'NONE', *, *, #144, .T. ) ;
#407 = EDGE_LOOP ( 'NONE', ( #321, #319, #300, #309 ) ) ;
#408 = EDGE_CURVE ( 'NONE', #416, #412, #1852, .T. ) ;
#409 = ORIENTED_EDGE ( 'NONE', *, *, #408, .F. ) ;
#410 = EDGE_CURVE ( 'NONE', #4069, #661, #1848, .T. ) ;
#411 = ORIENTED_EDGE ( 'NONE', *, *, #415, .F. ) ;
#412 = VERTEX_POINT ( 'NONE', #1844 ) ;
#413 = EDGE_LOOP ( 'NONE', ( #414, #320, #318, #317 ) ) ;
#414 = ORIENTED_EDGE ( 'NONE', *, *, #410, .F. ) ;
#415 = EDGE_CURVE ( 'NONE', #412, #3982, #1843, .T. ) ;
#416 = VERTEX_POINT ( 'NONE', #1839 ) ;
#417 = ADVANCED_FACE ( 'NONE', ( #1838 ), #1837, .F. ) ;
#418 = ORIENTED_EDGE ( 'NONE', *, *, #505, .F. ) ;
#419 = EDGE_LOOP ( 'NONE', ( #418, #436, #3044, #2656 ) ) ;
#420 = ADVANCED_FACE ( 'NONE', ( #1831 ), #1879, .T. ) ;
#421 = ORIENTED_EDGE ( 'NONE', *, *, #546, .F. ) ;
#422 = ORIENTED_EDGE ( 'NONE', *, *, #496, .T. ) ;
#423 = ORIENTED_EDGE ( 'NONE', *, *, #431, .F. ) ;
#424 = ORIENTED_EDGE ( 'NONE', *, *, #539, .F. ) ;
#425 = ORIENTED_EDGE ( 'NONE', *, *, #426, .T. ) ;
#426 = EDGE_CURVE ( 'NONE', #489, #483, #1880, .T. ) ;
#427 = ORIENTED_EDGE ( 'NONE', *, *, #1881, .F. ) ;
#428 = EDGE_LOOP ( 'NONE', ( #388, #385, #381, #374 ) ) ;
#429 = ORIENTED_EDGE ( 'NONE', *, *, #457, .F. ) ;
#430 = EDGE_LOOP ( 'NONE', ( #429, #427, #424, #4010 ) ) ;
#431 = EDGE_CURVE ( 'NONE', #461, #479, #1870, .T. ) ;
#432 = ADVANCED_FACE ( 'NONE', ( #1865 ), #1905, .F. ) ;
#433 = ORIENTED_EDGE ( 'NONE', *, *, #497, .T. ) ;
#434 = ORIENTED_EDGE ( 'NONE', *, *, #431, .T. ) ;
#435 = ORIENTED_EDGE ( 'NONE', *, *, #460, .F. ) ;
#436 = ORIENTED_EDGE ( 'NONE', *, *, #520, .T. ) ;
#437 = ADVANCED_FACE ( 'NONE', ( #1899 ), #1884, .F. ) ;
#438 = VERTEX_POINT ( 'NONE', #1931 ) ;
#439 = VERTEX_POINT ( 'NONE', #1930 ) ;
#440 = ORIENTED_EDGE ( 'NONE', *, *, #391, .F. ) ;
#441 = EDGE_CURVE ( 'NONE', #439, #438, #1928, .T. ) ;
#442 = EDGE_LOOP ( 'NONE', ( #444, #447, #449, #443 ) ) ;
#443 = ORIENTED_EDGE ( 'NONE', *, *, #516, .F. ) ;
#444 = ORIENTED_EDGE ( 'NONE', *, *, #451, .F. ) ;
#445 = ORIENTED_EDGE ( 'NONE', *, *, #518, .F. ) ;
#446 = ADVANCED_FACE ( 'NONE', ( #1924 ), #1908, .T. ) ;
#447 = ORIENTED_EDGE ( 'NONE', *, *, #353, .T. ) ;
#448 = EDGE_CURVE ( 'NONE', #74, #4071, #1960, .T. ) ;
#449 = ORIENTED_EDGE ( 'NONE', *, *, #448, .T. ) ;
#450 = ADVANCED_FACE ( 'NONE', ( #1956 ), #1940, .T. ) ;
#451 = EDGE_CURVE ( 'NONE', #339, #514, #1992, .T. ) ;
#452 = EDGE_LOOP ( 'NONE', ( #456, #458, #462, #475, #545, #537, #532, #525 ) ) ;
#453 = ORIENTED_EDGE ( 'NONE', *, *, #470, .T. ) ;
#454 = ORIENTED_EDGE ( 'NONE', *, *, #594, .T. ) ;
#455 = ORIENTED_EDGE ( 'NONE', *, *, #510, .F. ) ;
#456 = ORIENTED_EDGE ( 'NONE', *, *, #510, .T. ) ;
#457 = EDGE_CURVE ( 'NONE', #485, #489, #1987, .T. ) ;
#458 = ORIENTED_EDGE ( 'NONE', *, *, #589, .T. ) ;
#459 = ADVANCED_FACE ( 'NONE', ( #1983 ), #1968, .T. ) ;
#460 = EDGE_CURVE ( 'NONE', #471, #479, #2024, .T. ) ;
#461 = VERTEX_POINT ( 'NONE', #2019 ) ;
#462 = ORIENTED_EDGE ( 'NONE', *, *, #465, .F. ) ;
#463 = EDGE_LOOP ( 'NONE', ( #464, #468, #469, #476, #480, #486, #495, #500 ) ) ;
#464 = ORIENTED_EDGE ( 'NONE', *, *, #466, .T. ) ;
#465 = EDGE_CURVE ( 'NONE', #471, #582, #2018, .T. ) ;
#466 = EDGE_CURVE ( 'NONE', #467, #585, #2014, .T. ) ;
#467 = VERTEX_POINT ( 'NONE', #2010 ) ;
#468 = ORIENTED_EDGE ( 'NONE', *, *, #592, .T. ) ;
#469 = ORIENTED_EDGE ( 'NONE', *, *, #470, .F. ) ;
#470 = EDGE_CURVE ( 'NONE', #472, #569, #2009, .T. ) ;
#471 = VERTEX_POINT ( 'NONE', #2005 ) ;
#472 = VERTEX_POINT ( 'NONE', #2004 ) ;
#473 = ORIENTED_EDGE ( 'NONE', *, *, #451, .T. ) ;
#474 = EDGE_LOOP ( 'NONE', ( #481, #488, #493, #494 ) ) ;
#475 = ORIENTED_EDGE ( 'NONE', *, *, #460, .T. ) ;
#476 = ORIENTED_EDGE ( 'NONE', *, *, #477, .T. ) ;
#477 = EDGE_CURVE ( 'NONE', #472, #478, #2003, .T. ) ;
#478 = VERTEX_POINT ( 'NONE', #1998 ) ;
#479 = VERTEX_POINT ( 'NONE', #1997 ) ;
#480 = ORIENTED_EDGE ( 'NONE', *, *, #482, .T. ) ;
#481 = ORIENTED_EDGE ( 'NONE', *, *, #492, .F. ) ;
#482 = EDGE_CURVE ( 'NONE', #478, #485, #1996, .T. ) ;
#483 = VERTEX_POINT ( 'NONE', #2056 ) ;
#484 = ORIENTED_EDGE ( 'NONE', *, *, #170, .F. ) ;
#485 = VERTEX_POINT ( 'NONE', #2055 ) ;
#486 = ORIENTED_EDGE ( 'NONE', *, *, #457, .T. ) ;
#487 = ORIENTED_EDGE ( 'NONE', *, *, #448, .F. ) ;
#488 = ORIENTED_EDGE ( 'NONE', *, *, #83, .T. ) ;
#489 = VERTEX_POINT ( 'NONE', #2054 ) ;
#490 = ORIENTED_EDGE ( 'NONE', *, *, #384, .T. ) ;
#491 = ORIENTED_EDGE ( 'NONE', *, *, #492, .T. ) ;
#492 = EDGE_CURVE ( 'NONE', #380, #517, #2053, .T. ) ;
#493 = ORIENTED_EDGE ( 'NONE', *, *, #4020, .T. ) ;
#494 = ORIENTED_EDGE ( 'NONE', *, *, #4060, .F. ) ;
#495 = ORIENTED_EDGE ( 'NONE', *, *, #496, .F. ) ;
#496 = EDGE_CURVE ( 'NONE', #461, #489, #2049, .T. ) ;
#497 = EDGE_CURVE ( 'NONE', #467, #461, #2044, .T. ) ;
#498 = ORIENTED_EDGE ( 'NONE', *, *, #4038, .F. ) ;
#499 = ADVANCED_FACE ( 'NONE', ( #2039 ), #2081, .T. ) ;
#500 = ORIENTED_EDGE ( 'NONE', *, *, #497, .F. ) ;
#501 = EDGE_LOOP ( 'NONE', ( #453, #454, #455, #504 ) ) ;
#502 = ADVANCED_FACE ( 'NONE', ( #2075 ), #2060, .T. ) ;
#503 = ADVANCED_FACE ( 'NONE', ( #2107 ), #2092, .T. ) ;
#504 = ORIENTED_EDGE ( 'NONE', *, *, #505, .T. ) ;
#505 = EDGE_CURVE ( 'NONE', #508, #472, #2087, .T. ) ;
#506 = EDGE_LOOP ( 'NONE', ( #507, #509, #2382, #2586 ) ) ;
#507 = ORIENTED_EDGE ( 'NONE', *, *, #465, .T. ) ;
#508 = VERTEX_POINT ( 'NONE', #2083 ) ;
#509 = ORIENTED_EDGE ( 'NONE', *, *, #590, .T. ) ;
#510 = EDGE_CURVE ( 'NONE', #508, #567, #2141, .T. ) ;
#511 = ORIENTED_EDGE ( 'NONE', *, *, #516, .T. ) ;
#512 = EDGE_LOOP ( 'NONE', ( #487, #490, #491, #498 ) ) ;
#513 = VERTEX_POINT ( 'NONE', #2137 ) ;
#514 = VERTEX_POINT ( 'NONE', #2136 ) ;
#515 = ORIENTED_EDGE ( 'NONE', *, *, #518, .T. ) ;
#516 = EDGE_CURVE ( 'NONE', #514, #4071, #2135, .T. ) ;
#517 = VERTEX_POINT ( 'NONE', #2131 ) ;
#518 = EDGE_CURVE ( 'NONE', #513, #514, #2129, .T. ) ;
#519 = ADVANCED_FACE ( 'NONE', ( #2125 ), #2175, .T. ) ;
#520 = EDGE_CURVE ( 'NONE', #508, #524, #2170, .T. ) ;
#521 = ORIENTED_EDGE ( 'NONE', *, *, #1292, .T. ) ;
#522 = ORIENTED_EDGE ( 'NONE', *, *, #4211, .T. ) ;
#523 = EDGE_CURVE ( 'NONE', #524, #530, #2164, .T. ) ;
#524 = VERTEX_POINT ( 'NONE', #2160 ) ;
#525 = ORIENTED_EDGE ( 'NONE', *, *, #520, .F. ) ;
#526 = ORIENTED_EDGE ( 'NONE', *, *, #4107, .F. ) ;
#527 = EDGE_CURVE ( 'NONE', #658, #4004, #2158, .T. ) ;
#528 = EDGE_LOOP ( 'NONE', ( #99, #3958, #3944, #3955 ) ) ;
#529 = ADVANCED_FACE ( 'NONE', ( #2154 ), #2200, .T. ) ;
#530 = VERTEX_POINT ( 'NONE', #2195 ) ;
#531 = EDGE_CURVE ( 'NONE', #115, #533, #2194, .T. ) ;
#532 = ORIENTED_EDGE ( 'NONE', *, *, #523, .F. ) ;
#533 = VERTEX_POINT ( 'NONE', #2189 ) ;
#534 = ORIENTED_EDGE ( 'NONE', *, *, #527, .F. ) ;
#535 = ORIENTED_EDGE ( 'NONE', *, *, #531, .F. ) ;
#536 = ADVANCED_FACE ( 'NONE', ( #2188 ), #2228, .T. ) ;
#537 = ORIENTED_EDGE ( 'NONE', *, *, #539, .T. ) ;
#538 = VERTEX_POINT ( 'NONE', #2223 ) ;
#539 = EDGE_CURVE ( 'NONE', #483, #530, #2222, .T. ) ;
#540 = EDGE_LOOP ( 'NONE', ( #541, #132, #135, #136 ) ) ;
#541 = ORIENTED_EDGE ( 'NONE', *, *, #553, .F. ) ;
#542 = EDGE_CURVE ( 'NONE', #533, #538, #2217, .T. ) ;
#543 = ORIENTED_EDGE ( 'NONE', *, *, #542, .F. ) ;
#544 = ADVANCED_FACE ( 'NONE', ( #2213 ), #2252, .T. ) ;
#545 = ORIENTED_EDGE ( 'NONE', *, *, #546, .T. ) ;
#546 = EDGE_CURVE ( 'NONE', #479, #483, #2247, .T. ) ;
#547 = EDGE_LOOP ( 'NONE', ( #423, #422, #425, #421 ) ) ;
#548 = EDGE_CURVE ( 'NONE', #550, #538, #2243, .T. ) ;
#549 = ORIENTED_EDGE ( 'NONE', *, *, #4152, .T. ) ;
#550 = VERTEX_POINT ( 'NONE', #2239 ) ;
#551 = ORIENTED_EDGE ( 'NONE', *, *, #548, .T. ) ;
#552 = ADVANCED_FACE ( 'NONE', ( #2238 ), #2237, .F. ) ;
#553 = EDGE_CURVE ( 'NONE', #657, #4005, #2232, .T. ) ;
#554 = ORIENTED_EDGE ( 'NONE', *, *, #3989, .F. ) ;
#555 = ORIENTED_EDGE ( 'NONE', *, *, #346, .T. ) ;
#556 = ORIENTED_EDGE ( 'NONE', *, *, #553, .T. ) ;
#557 = EDGE_CURVE ( 'NONE', #109, #550, #2285, .T. ) ;
#558 = ORIENTED_EDGE ( 'NONE', *, *, #2292, .T. ) ;
#559 = ORIENTED_EDGE ( 'NONE', *, *, #557, .T. ) ;
#560 = ORIENTED_EDGE ( 'NONE', *, *, #482, .F. ) ;
#561 = ORIENTED_EDGE ( 'NONE', *, *, #647, .T. ) ;
#562 = EDGE_LOOP ( 'NONE', ( #563, #555, #556, #554 ) ) ;
#563 = ORIENTED_EDGE ( 'NONE', *, *, #1664, .F. ) ;
#564 = EDGE_LOOP ( 'NONE', ( #565, #549, #126, #128 ) ) ;
#565 = ORIENTED_EDGE ( 'NONE', *, *, #2292, .F. ) ;
#566 = VERTEX_POINT ( 'NONE', #2281 ) ;
#567 = VERTEX_POINT ( 'NONE', #2280 ) ;
#568 = ORIENTED_EDGE ( 'NONE', *, *, #587, .F. ) ;
#569 = VERTEX_POINT ( 'NONE', #2279 ) ;
#570 = ORIENTED_EDGE ( 'NONE', *, *, #571, .F. ) ;
#571 = EDGE_CURVE ( 'NONE', #572, #566, #2278, .T. ) ;
#572 = VERTEX_POINT ( 'NONE', #2274 ) ;
#573 = ORIENTED_EDGE ( 'NONE', *, *, #577, .F. ) ;
#574 = VERTEX_POINT ( 'NONE', #2273 ) ;
#575 = ORIENTED_EDGE ( 'NONE', *, *, #576, .F. ) ;
#576 = EDGE_CURVE ( 'NONE', #581, #578, #2272, .T. ) ;
#577 = EDGE_CURVE ( 'NONE', #578, #572, #2268, .T. ) ;
#578 = VERTEX_POINT ( 'NONE', #2264 ) ;
#579 = ORIENTED_EDGE ( 'NONE', *, *, #580, .F. ) ;
#580 = EDGE_CURVE ( 'NONE', #566, #581, #2263, .T. ) ;
#581 = VERTEX_POINT ( 'NONE', #2259 ) ;
#582 = VERTEX_POINT ( 'NONE', #2258 ) ;
#583 = ORIENTED_EDGE ( 'NONE', *, *, #590, .F. ) ;
#584 = ORIENTED_EDGE ( 'NONE', *, *, #594, .F. ) ;
#585 = VERTEX_POINT ( 'NONE', #2257 ) ;
#586 = ORIENTED_EDGE ( 'NONE', *, *, #592, .F. ) ;
#587 = EDGE_CURVE ( 'NONE', #4142, #98, #2322, .T. ) ;
#588 = EDGE_LOOP ( 'NONE', ( #586, #583, #593, #584 ) ) ;
#589 = EDGE_CURVE ( 'NONE', #567, #582, #2318, .T. ) ;
#590 = EDGE_CURVE ( 'NONE', #582, #585, #2314, .T. ) ;
#591 = EDGE_LOOP ( 'NONE', ( #579, #570, #573, #575 ) ) ;
#592 = EDGE_CURVE ( 'NONE', #585, #569, #2310, .T. ) ;
#593 = ORIENTED_EDGE ( 'NONE', *, *, #589, .F. ) ;
#594 = EDGE_CURVE ( 'NONE', #569, #567, #2306, .T. ) ;
#595 = EDGE_CURVE ( 'NONE', #674, #596, #2302, .T. ) ;
#596 = VERTEX_POINT ( 'NONE', #2298 ) ;
#597 = VERTEX_POINT ( 'NONE', #2297 ) ;
#598 = EDGE_CURVE ( 'NONE', #597, #596, #2296, .T. ) ;
#599 = ORIENTED_EDGE ( 'NONE', *, *, #598, .T. ) ;
#600 = EDGE_CURVE ( 'NONE', #619, #628, #2291, .T. ) ;
#601 = ORIENTED_EDGE ( 'NONE', *, *, #600, .F. ) ;
#602 = EDGE_LOOP ( 'NONE', ( #599, #682, #678, #679, #681, #645, #649, #664 ) ) ;
#603 = VERTEX_POINT ( 'NONE', #2352 ) ;
#604 = ORIENTED_EDGE ( 'NONE', *, *, #606, .F. ) ;
#606 = EDGE_CURVE ( 'NONE', #630, #634, #2351, .T. ) ;
#605 = EDGE_LOOP ( 'NONE', ( #1868, #1667, #1818, #560 ) ) ;
#607 = ORIENTED_EDGE ( 'NONE', *, *, #608, .F. ) ;
#608 = EDGE_CURVE ( 'NONE', #623, #617, #2347, .T. ) ;
#609 = ORIENTED_EDGE ( 'NONE', *, *, #632, .F. ) ;
#610 = ORIENTED_EDGE ( 'NONE', *, *, #611, .F. ) ;
#611 = EDGE_CURVE ( 'NONE', #617, #626, #2343, .T. ) ;
#612 = EDGE_CURVE ( 'NONE', #626, #603, #2339, .T. ) ;
#613 = VERTEX_POINT ( 'NONE', #2335 ) ;
#614 = EDGE_LOOP ( 'NONE', ( #607, #620, #625, #610 ) ) ;
#615 = ORIENTED_EDGE ( 'NONE', *, *, #616, .F. ) ;
#616 = EDGE_CURVE ( 'NONE', #628, #630, #2334, .T. ) ;
#617 = VERTEX_POINT ( 'NONE', #2330 ) ;
#618 = ORIENTED_EDGE ( 'NONE', *, *, #629, .F. ) ;
#619 = VERTEX_POINT ( 'NONE', #2329 ) ;
#620 = ORIENTED_EDGE ( 'NONE', *, *, #624, .F. ) ;
#621 = ORIENTED_EDGE ( 'NONE', *, *, #622, .F. ) ;
#622 = EDGE_CURVE ( 'NONE', #634, #619, #2328, .T. ) ;
#623 = VERTEX_POINT ( 'NONE', #2324 ) ;
#624 = EDGE_CURVE ( 'NONE', #603, #623, #2387, .T. ) ;
#625 = ORIENTED_EDGE ( 'NONE', *, *, #612, .F. ) ;
#626 = VERTEX_POINT ( 'NONE', #2383 ) ;
#627 = EDGE_CURVE ( 'NONE', #613, #635, #2381, .T. ) ;
#628 = VERTEX_POINT ( 'NONE', #2377 ) ;
#629 = EDGE_CURVE ( 'NONE', #635, #639, #2376, .T. ) ;
#630 = VERTEX_POINT ( 'NONE', #2372 ) ;
#631 = EDGE_LOOP ( 'NONE', ( #621, #604, #615, #601 ) ) ;
#632 = EDGE_CURVE ( 'NONE', #574, #613, #2371, .T. ) ;
#633 = ORIENTED_EDGE ( 'NONE', *, *, #627, .F. ) ;
#634 = VERTEX_POINT ( 'NONE', #2367 ) ;
#635 = VERTEX_POINT ( 'NONE', #2366 ) ;
#636 = EDGE_LOOP ( 'NONE', ( #637, #618, #633, #609 ) ) ;
#637 = ORIENTED_EDGE ( 'NONE', *, *, #638, .F. ) ;
#638 = EDGE_CURVE ( 'NONE', #639, #574, #2365, .T. ) ;
#639 = VERTEX_POINT ( 'NONE', #2361 ) ;
#640 = EDGE_LOOP ( 'NONE', ( #648, #677, #680, #654 ) ) ;
#641 = EDGE_CURVE ( 'NONE', #642, #597, #2360, .T. ) ;
#642 = VERTEX_POINT ( 'NONE', #2356 ) ;
#643 = VERTEX_POINT ( 'NONE', #2355 ) ;
#644 = VERTEX_POINT ( 'NONE', #2354 ) ;
#645 = ORIENTED_EDGE ( 'NONE', *, *, #646, .T. ) ;
#646 = EDGE_CURVE ( 'NONE', #651, #661, #2418, .T. ) ;
#647 = EDGE_CURVE ( 'NONE', #597, #662, #2414, .T. ) ;
#648 = ORIENTED_EDGE ( 'NONE', *, *, #652, .F. ) ;
#649 = ORIENTED_EDGE ( 'NONE', *, *, #663, .F. ) ;
#650 = EDGE_CURVE ( 'NONE', #651, #643, #2410, .T. ) ;
#651 = VERTEX_POINT ( 'NONE', #2406 ) ;
#652 = EDGE_CURVE ( 'NONE', #596, #653, #2405, .T. ) ;
#653 = VERTEX_POINT ( 'NONE', #2401 ) ;
#654 = ORIENTED_EDGE ( 'NONE', *, *, #668, .F. ) ;
#655 = ORIENTED_EDGE ( 'NONE', *, *, #641, .T. ) ;
#656 = EDGE_LOOP ( 'NONE', ( #665, #4, #4209, #4213 ) ) ;
#657 = VERTEX_POINT ( 'NONE', #2400 ) ;
#658 = VERTEX_POINT ( 'NONE', #2399 ) ;
#659 = ORIENTED_EDGE ( 'NONE', *, *, #4151, .T. ) ;
#660 = EDGE_CURVE ( 'NONE', #644, #643, #2398, .T. ) ;
#661 = VERTEX_POINT ( 'NONE', #2394 ) ;
#662 = VERTEX_POINT ( 'NONE', #2393 ) ;
#663 = EDGE_CURVE ( 'NONE', #662, #661, #2392, .T. ) ;
#664 = ORIENTED_EDGE ( 'NONE', *, *, #647, .F. ) ;
#665 = ORIENTED_EDGE ( 'NONE', *, *, #666, .F. ) ;
#666 = EDGE_CURVE ( 'NONE', #657, #658, #2388, .T. ) ;
#667 = ADVANCED_FACE ( 'NONE', ( #2452 ), #2451, .T. ) ;
#668 = EDGE_CURVE ( 'NONE', #653, #642, #2446, .T. ) ;
#669 = EDGE_LOOP ( 'NONE', ( #675, #672, #655, #561 ) ) ;
#670 = ADVANCED_FACE ( 'NONE', ( #2442, #2441, #2440, #2439, #2438, #2437, #2436 ), #2435, .T. ) ;
#671 = EDGE_CURVE ( 'NONE', #676, #662, #2430, .T. ) ;
#672 = ORIENTED_EDGE ( 'NONE', *, *, #673, .F. ) ;
#673 = EDGE_CURVE ( 'NONE', #642, #676, #2426, .T. ) ;
#674 = VERTEX_POINT ( 'NONE', #2422 ) ;
#675 = ORIENTED_EDGE ( 'NONE', *, *, #671, .F. ) ;
#676 = VERTEX_POINT ( 'NONE', #2421 ) ;
#677 = ORIENTED_EDGE ( 'NONE', *, *, #598, .F. ) ;
#678 = ORIENTED_EDGE ( 'NONE', *, *, #683, .T. ) ;
#679 = ORIENTED_EDGE ( 'NONE', *, *, #660, .T. ) ;
#680 = ORIENTED_EDGE ( 'NONE', *, *, #641, .F. ) ;
#681 = ORIENTED_EDGE ( 'NONE', *, *, #650, .F. ) ;
#682 = ORIENTED_EDGE ( 'NONE', *, *, #595, .F. ) ;
#683 = EDGE_CURVE ( 'NONE', #674, #644, #2419, .T. ) ;
#684 = ADVANCED_FACE ( 'NONE', ( #2486 ), #2468, .F. ) ;
#685 = EDGE_LOOP ( 'NONE', ( #686, #687, #688, #689 ) ) ;
#686 = ORIENTED_EDGE ( 'NONE', *, *, #709, .F. ) ;
#687 = ORIENTED_EDGE ( 'NONE', *, *, #531, .T. ) ;
#688 = ORIENTED_EDGE ( 'NONE', *, *, #697, .T. ) ;
#689 = ORIENTED_EDGE ( 'NONE', *, *, #3965, .F. ) ;
#690 = ADVANCED_FACE ( 'NONE', ( #2464 ), #2509, .F. ) ;
#691 = EDGE_LOOP ( 'NONE', ( #692, #693, #743, #744 ) ) ;
#692 = ORIENTED_EDGE ( 'NONE', *, *, #548, .F. ) ;
#693 = ORIENTED_EDGE ( 'NONE', *, *, #716, .F. ) ;
#694 = ADVANCED_FACE ( 'NONE', ( #2503 ), #2541, .F. ) ;
#695 = EDGE_LOOP ( 'NONE', ( #696, #698, #699, #701 ) ) ;
#696 = ORIENTED_EDGE ( 'NONE', *, *, #697, .F. ) ;
#697 = EDGE_CURVE ( 'NONE', #533, #3962, #2536, .T. ) ;
#698 = ORIENTED_EDGE ( 'NONE', *, *, #542, .T. ) ;
#699 = ORIENTED_EDGE ( 'NONE', *, *, #700, .T. ) ;
#700 = EDGE_CURVE ( 'NONE', #538, #720, #2531, .T. ) ;
#701 = ORIENTED_EDGE ( 'NONE', *, *, #719, .F. ) ;
#702 = ADVANCED_FACE ( 'NONE', ( #2527 ), #2566, .T. ) ;
#703 = EDGE_LOOP ( 'NONE', ( #704, #705, #760, #761 ) ) ;
#704 = ORIENTED_EDGE ( 'NONE', *, *, #3978, .F. ) ;
#705 = ORIENTED_EDGE ( 'NONE', *, *, #3972, .T. ) ;
#706 = ORIENTED_EDGE ( 'NONE', *, *, #624, .T. ) ;
#707 = ORIENTED_EDGE ( 'NONE', *, *, #123, .F. ) ;
#708 = ORIENTED_EDGE ( 'NONE', *, *, #709, .T. ) ;
#709 = EDGE_CURVE ( 'NONE', #115, #3969, #2567, .T. ) ;
#710 = ADVANCED_FACE ( 'NONE', ( #2558 ), #2604, .F. ) ;
#711 = EDGE_LOOP ( 'NONE', ( #712, #714, #715, #717 ) ) ;
#712 = ORIENTED_EDGE ( 'NONE', *, *, #713, .F. ) ;
#713 = EDGE_CURVE ( 'NONE', #3973, #109, #2599, .T. ) ;
#714 = ORIENTED_EDGE ( 'NONE', *, *, #3976, .T. ) ;
#715 = ORIENTED_EDGE ( 'NONE', *, *, #716, .T. ) ;
#716 = EDGE_CURVE ( 'NONE', #114, #550, #2595, .T. ) ;
#717 = ORIENTED_EDGE ( 'NONE', *, *, #557, .F. ) ;
#718 = ORIENTED_EDGE ( 'NONE', *, *, #719, .T. ) ;
#719 = EDGE_CURVE ( 'NONE', #3962, #720, #2591, .T. ) ;
#720 = VERTEX_POINT ( 'NONE', #2587 ) ;
#721 = ORIENTED_EDGE ( 'NONE', *, *, #722, .T. ) ;
#722 = EDGE_CURVE ( 'NONE', #720, #114, #2584, .T. ) ;
#723 = ADVANCED_FACE ( 'NONE', ( #2580 ), #2627, .T. ) ;
#724 = EDGE_LOOP ( 'NONE', ( #725, #726, #727, #729 ) ) ;
#725 = ORIENTED_EDGE ( 'NONE', *, *, #797, .F. ) ;
#726 = ORIENTED_EDGE ( 'NONE', *, *, #18, .T. ) ;
#727 = ORIENTED_EDGE ( 'NONE', *, *, #728, .T. ) ;
#728 = EDGE_CURVE ( 'NONE', #8, #749, #2621, .T. ) ;
#729 = ORIENTED_EDGE ( 'NONE', *, *, #758, .F. ) ;
#730 = ADVANCED_FACE ( 'NONE', ( #2617 ), #2652, .T. ) ;
#731 = EDGE_LOOP ( 'NONE', ( #783, #784, #785, #786 ) ) ;
#732 = ADVANCED_FACE ( 'NONE', ( #2646 ), #2684, .T. ) ;
#733 = ORIENTED_EDGE ( 'NONE', *, *, #734, .F. ) ;
#734 = EDGE_CURVE ( 'NONE', #9, #750, #2679, .T. ) ;
#735 = ORIENTED_EDGE ( 'NONE', *, *, #4188, .T. ) ;
#736 = ORIENTED_EDGE ( 'NONE', *, *, #737, .T. ) ;
#737 = EDGE_CURVE ( 'NONE', #4190, #753, #2674, .T. ) ;
#738 = ORIENTED_EDGE ( 'NONE', *, *, #752, .F. ) ;
#739 = ADVANCED_FACE ( 'NONE', ( #2670 ), #2710, .T. ) ;
#740 = EDGE_LOOP ( 'NONE', ( #741, #742, #796, #798 ) ) ;
#741 = ORIENTED_EDGE ( 'NONE', *, *, #737, .F. ) ;
#742 = ORIENTED_EDGE ( 'NONE', *, *, #4187, .T. ) ;
#743 = ORIENTED_EDGE ( 'NONE', *, *, #722, .F. ) ;
#744 = ORIENTED_EDGE ( 'NONE', *, *, #700, .F. ) ;
#745 = ADVANCED_FACE ( 'NONE', ( #2704 ), #2689, .T. ) ;
#746 = EDGE_LOOP ( 'NONE', ( #747, #751, #754, #757 ) ) ;
#747 = ORIENTED_EDGE ( 'NONE', *, *, #748, .T. ) ;
#748 = EDGE_CURVE ( 'NONE', #749, #750, #2744, .T. ) ;
#749 = VERTEX_POINT ( 'NONE', #2740 ) ;
#750 = VERTEX_POINT ( 'NONE', #2739 ) ;
#751 = ORIENTED_EDGE ( 'NONE', *, *, #752, .T. ) ;
#752 = EDGE_CURVE ( 'NONE', #750, #753, #2738, .T. ) ;
#753 = VERTEX_POINT ( 'NONE', #2734 ) ;
#754 = ORIENTED_EDGE ( 'NONE', *, *, #755, .T. ) ;
#755 = EDGE_CURVE ( 'NONE', #753, #756, #2733, .T. ) ;
#756 = VERTEX_POINT ( 'NONE', #2729 ) ;
#757 = ORIENTED_EDGE ( 'NONE', *, *, #758, .T. ) ;
#758 = EDGE_CURVE ( 'NONE', #756, #749, #2727, .T. ) ;
#759 = EDGE_LOOP ( 'NONE', ( #733, #735, #736, #738 ) ) ;
#760 = ORIENTED_EDGE ( 'NONE', *, *, #713, .T. ) ;
#761 = ORIENTED_EDGE ( 'NONE', *, *, #113, .F. ) ;
#762 = STYLED_ITEM ( 'NONE', ( #763 ), #14 ) ;
#763 = PRESENTATION_STYLE_ASSIGNMENT (( #764 ) ) ;
#764 = SURFACE_STYLE_USAGE ( .BOTH. , #765 ) ;
#765 = SURFACE_SIDE_STYLE ('',( #766 ) ) ;
#766 = SURFACE_STYLE_FILL_AREA ( #767 ) ;
#767 = FILL_AREA_STYLE ('',( #774 ) ) ;
#768 = COLOUR_RGB ( '',0.7529411764705882200, 0.7529411764705882200, 0.7529411764705882200 ) ;
#769 = FACE_OUTER_BOUND ( 'NONE', #1, .T. ) ;
#770 = DIRECTION ( 'NONE',  ( -3.681694268562979500E-015, -1.437166900243591600E-014, -1.000000000000000000 ) ) ;
#771 = VECTOR ( 'NONE', #770, 1000.000000000000000 ) ;
#772 = CARTESIAN_POINT ( 'NONE',  ( 2.549999999999984700, -3.600000000000006800, -9.269999999999933800 ) ) ;
#773 = LINE ( 'NONE', #772, #771 ) ;
#774 = FILL_AREA_STYLE_COLOUR ( '', #768 ) ;
#775 = DIRECTION ( 'NONE',  ( 4.171321041665876800E-031, -1.000000000000000000, 1.194713137725073900E-016 ) ) ;
#776 = VECTOR ( 'NONE', #775, 1000.000000000000000 ) ;
#777 = CARTESIAN_POINT ( 'NONE',  ( 2.549999999999984700, 3.659999999999992100, -9.269999999999933800 ) ) ;
#778 = LINE ( 'NONE', #777, #776 ) ;
#779 = CARTESIAN_POINT ( 'NONE',  ( 1.410000000000010100, 4.229999999999973800, -1.499999999999963100 ) ) ;
#780 = CARTESIAN_POINT ( 'NONE',  ( 1.410000000000010100, 5.369999999999973500, -1.499999999999962700 ) ) ;
#781 = CARTESIAN_POINT ( 'NONE',  ( 2.549999999999987800, -3.599999999999990300, -8.129999999999933300 ) ) ;
#782 = CARTESIAN_POINT ( 'NONE',  ( -1.409999999999961700, 5.369999999999973500, 6.200000000000048100 ) ) ;
#783 = ORIENTED_EDGE ( 'NONE', *, *, #728, .F. ) ;
#784 = ORIENTED_EDGE ( 'NONE', *, *, #33, .T. ) ;
#785 = ORIENTED_EDGE ( 'NONE', *, *, #734, .T. ) ;
#786 = ORIENTED_EDGE ( 'NONE', *, *, #748, .F. ) ;
#787 = ADVANCED_FACE ( 'NONE', ( #2723 ), #2774, .T. ) ;
#788 = EDGE_LOOP ( 'NONE', ( #789, #792, #793, #4184, #4169, #4167, #4150, #4165 ) ) ;
#789 = ORIENTED_EDGE ( 'NONE', *, *, #790, .T. ) ;
#790 = EDGE_CURVE ( 'NONE', #791, #639, #2769, .T. ) ;
#791 = VERTEX_POINT ( 'NONE', #2765 ) ;
#792 = ORIENTED_EDGE ( 'NONE', *, *, #638, .T. ) ;
#793 = ORIENTED_EDGE ( 'NONE', *, *, #794, .F. ) ;
#794 = EDGE_CURVE ( 'NONE', #795, #574, #2764, .T. ) ;
#795 = VERTEX_POINT ( 'NONE', #2760 ) ;
#796 = ORIENTED_EDGE ( 'NONE', *, *, #797, .T. ) ;
#797 = EDGE_CURVE ( 'NONE', #19, #756, #2758, .T. ) ;
#798 = ORIENTED_EDGE ( 'NONE', *, *, #755, .F. ) ;
#799 = CIRCLE ( 'NONE', #852, 0.5699999999999663100 ) ;
#800 = CARTESIAN_POINT ( 'NONE',  ( 2.550000000000010500, 5.369999999999973500, -1.499999999999966700 ) ) ;
#801 = DIRECTION ( 'NONE',  ( -1.000000000000000000, 0.0000000000000000000, 3.491483361109382100E-015 ) ) ;
#802 = VECTOR ( 'NONE', #801, 1000.000000000000000 ) ;
#803 = CARTESIAN_POINT ( 'NONE',  ( -11.84999999999998900, 5.369999999999973500, -1.499999999999916300 ) ) ;
#804 = LINE ( 'NONE', #803, #802 ) ;
#805 = CARTESIAN_POINT ( 'NONE',  ( 2.549999999999984700, -3.600000000000006800, -9.269999999999933800 ) ) ;
#806 = DIRECTION ( 'NONE',  ( -1.902109074535972000E-016, 1.000000000000000000, 6.641182184757512200E-031 ) ) ;
#807 = VECTOR ( 'NONE', #806, 1000.000000000000000 ) ;
#808 = CARTESIAN_POINT ( 'NONE',  ( -1.409999999999961700, 5.369999999999973500, 6.200000000000048100 ) ) ;
#809 = LINE ( 'NONE', #808, #807 ) ;
#810 = DIRECTION ( 'NONE',  ( 1.000000000000000000, 0.0000000000000000000, -3.491483361109382100E-015 ) ) ;
#811 = DIRECTION ( 'NONE',  ( -5.017844319337647300E-029, 1.000000000000000000, -1.437166900243591600E-014 ) ) ;
#812 = CARTESIAN_POINT ( 'NONE',  ( 9.329999999999987600, -3.599999999999990300, -8.129999999999956400 ) ) ;
#813 = AXIS2_PLACEMENT_3D ( 'NONE', #812, #811, #810 ) ;
#814 = PLANE ( 'NONE',  #813 ) ;
#815 =( GEOMETRIC_REPRESENTATION_CONTEXT ( 3 ) GLOBAL_UNCERTAINTY_ASSIGNED_CONTEXT ( ( #816 ) ) GLOBAL_UNIT_ASSIGNED_CONTEXT ( ( #819, #818, #817 ) ) REPRESENTATION_CONTEXT ( 'NONE', 'WORKASPACE' ) );
#816 = UNCERTAINTY_MEASURE_WITH_UNIT (LENGTH_MEASURE( 1.000000000000000100E-005 ), #819, 'distance_accuracy_value', 'NONE');
#817 =( NAMED_UNIT ( * ) SI_UNIT ( $, .STERADIAN. ) SOLID_ANGLE_UNIT ( ) );
#818 =( NAMED_UNIT ( * ) PLANE_ANGLE_UNIT ( ) SI_UNIT ( $, .RADIAN. ) );
#819 =( LENGTH_UNIT ( ) NAMED_UNIT ( * ) SI_UNIT ( .MILLI., .METRE. ) );
#820 = MECHANICAL_DESIGN_GEOMETRIC_PRESENTATION_REPRESENTATION (  '', ( #762 ), #815 ) ;
#821 = PRESENTATION_LAYER_ASSIGNMENT (  '', '', ( #762 ) ) ;
#822 = DIRECTION ( 'NONE',  ( 3.491483361109382100E-015, 0.0000000000000000000, 1.000000000000000000 ) ) ;
#823 = VECTOR ( 'NONE', #822, 1000.000000000000000 ) ;
#824 = CARTESIAN_POINT ( 'NONE',  ( 2.549999999999989600, 4.229999999999973800, -7.559999999999958800 ) ) ;
#825 = LINE ( 'NONE', #824, #823 ) ;
#826 = DIRECTION ( 'NONE',  ( -1.000000000000000000, 0.0000000000000000000, 3.491483361109382100E-015 ) ) ;
#827 = VECTOR ( 'NONE', #826, 1000.000000000000000 ) ;
#828 = CARTESIAN_POINT ( 'NONE',  ( 1.409999999999984200, 3.659999999999992100, -9.269999999999930300 ) ) ;
#829 = LINE ( 'NONE', #828, #827 ) ;
#830 = CARTESIAN_POINT ( 'NONE',  ( -1.409999999999989500, 4.229999999999973800, -1.499999999999953100 ) ) ;
#831 = CARTESIAN_POINT ( 'NONE',  ( 2.549999999999989600, 4.229999999999973800, -7.559999999999958800 ) ) ;
#832 = DIRECTION ( 'NONE',  ( 1.000000000000000000, 0.0000000000000000000, -3.491483361109382100E-015 ) ) ;
#833 = VECTOR ( 'NONE', #832, 1000.000000000000000 ) ;
#834 = CARTESIAN_POINT ( 'NONE',  ( -11.84999999999998900, 6.799999999999999800, -1.499999999999916300 ) ) ;
#835 = LINE ( 'NONE', #834, #833 ) ;
#836 = DIRECTION ( 'NONE',  ( -4.453498641543274300E-031, -1.000000000000000000, -1.275531967630005200E-016 ) ) ;
#837 = VECTOR ( 'NONE', #836, 1000.000000000000000 ) ;
#838 = CARTESIAN_POINT ( 'NONE',  ( 1.410000000000010100, 6.799999999999999800, -1.499999999999962700 ) ) ;
#839 = LINE ( 'NONE', #838, #837 ) ;
#840 = DIRECTION ( 'NONE',  ( 4.171321041665876800E-031, -1.000000000000000000, 1.194713137725073900E-016 ) ) ;
#841 = VECTOR ( 'NONE', #840, 1000.000000000000000 ) ;
#842 = CARTESIAN_POINT ( 'NONE',  ( 2.549999999999987800, 3.660000000000008600, -8.129999999999933300 ) ) ;
#843 = LINE ( 'NONE', #842, #841 ) ;
#844 = DIRECTION ( 'NONE',  ( 1.000000000000000000, 0.0000000000000000000, -3.491483361109382100E-015 ) ) ;
#845 = VECTOR ( 'NONE', #844, 1000.000000000000000 ) ;
#846 = CARTESIAN_POINT ( 'NONE',  ( -11.84999999999998900, 4.229999999999973800, -1.499999999999916700 ) ) ;
#847 = LINE ( 'NONE', #846, #845 ) ;
#848 = CARTESIAN_POINT ( 'NONE',  ( 2.549999999999987800, 3.660000000000008600, -8.129999999999933300 ) ) ;
#849 = DIRECTION ( 'NONE',  ( 3.804218149072169900E-015, 0.0000000000000000000, 1.000000000000000000 ) ) ;
#850 = DIRECTION ( 'NONE',  ( -1.000000000000000000, 0.0000000000000000000, 3.491483361109382100E-015 ) ) ;
#851 = CARTESIAN_POINT ( 'NONE',  ( 2.549999999999989600, 3.660000000000007200, -7.559999999999967600 ) ) ;
#852 = AXIS2_PLACEMENT_3D ( 'NONE', #851, #850, #849 ) ;
#853 = DIRECTION ( 'NONE',  ( 4.171321041665876800E-031, -1.000000000000000000, 1.194713137725073900E-016 ) ) ;
#854 = DIRECTION ( 'NONE',  ( 3.491483361109382100E-015, 1.194713137725073900E-016, 1.000000000000000000 ) ) ;
#855 = CARTESIAN_POINT ( 'NONE',  ( 1.409999999999984200, 3.659999999999992100, -9.269999999999930300 ) ) ;
#856 = AXIS2_PLACEMENT_3D ( 'NONE', #855, #854, #853 ) ;
#857 = PLANE ( 'NONE',  #856 ) ;
#858 =( GEOMETRIC_REPRESENTATION_CONTEXT ( 3 ) GLOBAL_UNCERTAINTY_ASSIGNED_CONTEXT ( ( #859 ) ) GLOBAL_UNIT_ASSIGNED_CONTEXT ( ( #862, #861, #860 ) ) REPRESENTATION_CONTEXT ( 'NONE', 'WORKASPACE' ) );
#859 = UNCERTAINTY_MEASURE_WITH_UNIT (LENGTH_MEASURE( 1.000000000000000100E-005 ), #862, 'distance_accuracy_value', 'NONE');
#860 =( NAMED_UNIT ( * ) SI_UNIT ( $, .STERADIAN. ) SOLID_ANGLE_UNIT ( ) );
#861 =( NAMED_UNIT ( * ) PLANE_ANGLE_UNIT ( ) SI_UNIT ( $, .RADIAN. ) );
#862 =( LENGTH_UNIT ( ) NAMED_UNIT ( * ) SI_UNIT ( .MILLI., .METRE. ) );
#863 = MECHANICAL_DESIGN_GEOMETRIC_PRESENTATION_REPRESENTATION (  '', ( #865 ), #858 ) ;
#864 = PRESENTATION_LAYER_ASSIGNMENT (  '', '', ( #865 ) ) ;
#865 = STYLED_ITEM ( 'NONE', ( #866 ), #51 ) ;
#866 = PRESENTATION_STYLE_ASSIGNMENT (( #867 ) ) ;
#867 = SURFACE_STYLE_USAGE ( .BOTH. , #868 ) ;
#868 = SURFACE_SIDE_STYLE ('',( #869 ) ) ;
#869 = SURFACE_STYLE_FILL_AREA ( #870 ) ;
#870 = FILL_AREA_STYLE ('',( #877 ) ) ;
#871 = COLOUR_RGB ( '',0.7529411764705882200, 0.7529411764705882200, 0.7529411764705882200 ) ;
#872 = FACE_OUTER_BOUND ( 'NONE', #52, .T. ) ;
#873 = DIRECTION ( 'NONE',  ( 1.000000000000000000, 0.0000000000000000000, -3.491483361109382100E-015 ) ) ;
#874 = VECTOR ( 'NONE', #873, 1000.000000000000000 ) ;
#875 = CARTESIAN_POINT ( 'NONE',  ( -11.84999999999998900, 6.799999999999999800, -1.499999999999916300 ) ) ;
#876 = LINE ( 'NONE', #875, #874 ) ;
#877 = FILL_AREA_STYLE_COLOUR ( '', #871 ) ;
#878 = DIRECTION ( 'NONE',  ( -1.902109074535967600E-016, 1.000000000000000000, 1.275531967630011900E-016 ) ) ;
#879 = VECTOR ( 'NONE', #878, 1000.000000000000000 ) ;
#880 = CARTESIAN_POINT ( 'NONE',  ( -1.409999999999989500, 6.800000000000001600, -1.499999999999952700 ) ) ;
#881 = LINE ( 'NONE', #880, #879 ) ;
#882 =( GEOMETRIC_REPRESENTATION_CONTEXT ( 3 ) GLOBAL_UNCERTAINTY_ASSIGNED_CONTEXT ( ( #884 ) ) GLOBAL_UNIT_ASSIGNED_CONTEXT ( ( #887, #886, #885 ) ) REPRESENTATION_CONTEXT ( 'NONE', 'WORKASPACE' ) );
#883 = ADVANCED_FACE ( 'NONE', ( #2754 ), #2796, .F. ) ;
#884 = UNCERTAINTY_MEASURE_WITH_UNIT (LENGTH_MEASURE( 1.000000000000000100E-005 ), #887, 'distance_accuracy_value', 'NONE');
#885 =( NAMED_UNIT ( * ) SI_UNIT ( $, .STERADIAN. ) SOLID_ANGLE_UNIT ( ) );
#886 =( NAMED_UNIT ( * ) PLANE_ANGLE_UNIT ( ) SI_UNIT ( $, .RADIAN. ) );
#887 =( LENGTH_UNIT ( ) NAMED_UNIT ( * ) SI_UNIT ( .MILLI., .METRE. ) );
#888 = MECHANICAL_DESIGN_GEOMETRIC_PRESENTATION_REPRESENTATION (  '', ( #890 ), #882 ) ;
#889 = PRESENTATION_LAYER_ASSIGNMENT (  '', '', ( #890 ) ) ;
#890 = STYLED_ITEM ( 'NONE', ( #891 ), #69 ) ;
#891 = PRESENTATION_STYLE_ASSIGNMENT (( #892 ) ) ;
#892 = SURFACE_STYLE_USAGE ( .BOTH. , #893 ) ;
#893 = SURFACE_SIDE_STYLE ('',( #894 ) ) ;
#894 = SURFACE_STYLE_FILL_AREA ( #895 ) ;
#895 = FILL_AREA_STYLE ('',( #902 ) ) ;
#896 = COLOUR_RGB ( '',0.7529411764705882200, 0.7529411764705882200, 0.7529411764705882200 ) ;
#897 = FACE_OUTER_BOUND ( 'NONE', #59, .T. ) ;
#898 = DIRECTION ( 'NONE',  ( 1.000000000000000000, 0.0000000000000000000, -3.491483361109382100E-015 ) ) ;
#899 = VECTOR ( 'NONE', #898, 1000.000000000000000 ) ;
#900 = CARTESIAN_POINT ( 'NONE',  ( -11.84999999999998900, 4.229999999999973800, -1.499999999999916700 ) ) ;
#901 = LINE ( 'NONE', #900, #899 ) ;
#902 = FILL_AREA_STYLE_COLOUR ( '', #896 ) ;
#903 = CARTESIAN_POINT ( 'NONE',  ( 6.510000000000011300, 4.229999999999973800, -1.499999999999980900 ) ) ;
#904 = DIRECTION ( 'NONE',  ( -1.902109074535967600E-016, 1.000000000000000000, 1.275531967630011900E-016 ) ) ;
#905 = VECTOR ( 'NONE', #904, 1000.000000000000000 ) ;
#906 = CARTESIAN_POINT ( 'NONE',  ( 6.510000000000009600, 6.800000000000003400, -1.499999999999980500 ) ) ;
#907 = LINE ( 'NONE', #906, #905 ) ;
#908 = DIRECTION ( 'NONE',  ( 1.000000000000000000, 0.0000000000000000000, -3.491483361109382100E-015 ) ) ;
#909 = VECTOR ( 'NONE', #908, 1000.000000000000000 ) ;
#910 = CARTESIAN_POINT ( 'NONE',  ( 1.409999999999989500, 4.229999999999973800, -7.559999999999955200 ) ) ;
#911 = LINE ( 'NONE', #910, #909 ) ;
#912 =( GEOMETRIC_REPRESENTATION_CONTEXT ( 3 ) GLOBAL_UNCERTAINTY_ASSIGNED_CONTEXT ( ( #913 ) ) GLOBAL_UNIT_ASSIGNED_CONTEXT ( ( #917, #916, #914 ) ) REPRESENTATION_CONTEXT ( 'NONE', 'WORKASPACE' ) );
#913 = UNCERTAINTY_MEASURE_WITH_UNIT (LENGTH_MEASURE( 1.000000000000000100E-005 ), #917, 'distance_accuracy_value', 'NONE');
#914 =( NAMED_UNIT ( * ) SI_UNIT ( $, .STERADIAN. ) SOLID_ANGLE_UNIT ( ) );
#915 = ADVANCED_FACE ( 'NONE', ( #2790 ), #2831, .T. ) ;
#916 =( NAMED_UNIT ( * ) PLANE_ANGLE_UNIT ( ) SI_UNIT ( $, .RADIAN. ) );
#917 =( LENGTH_UNIT ( ) NAMED_UNIT ( * ) SI_UNIT ( .MILLI., .METRE. ) );
#918 = MECHANICAL_DESIGN_GEOMETRIC_PRESENTATION_REPRESENTATION (  '', ( #920 ), #912 ) ;
#919 = PRESENTATION_LAYER_ASSIGNMENT (  '', '', ( #920 ) ) ;
#920 = STYLED_ITEM ( 'NONE', ( #921 ), #75 ) ;
#921 = PRESENTATION_STYLE_ASSIGNMENT (( #922 ) ) ;
#922 = SURFACE_STYLE_USAGE ( .BOTH. , #923 ) ;
#923 = SURFACE_SIDE_STYLE ('',( #924 ) ) ;
#924 = SURFACE_STYLE_FILL_AREA ( #925 ) ;
#925 = FILL_AREA_STYLE ('',( #926 ) ) ;
#926 = FILL_AREA_STYLE_COLOUR ( '', #927 ) ;
#927 = COLOUR_RGB ( '',0.7529411764705882200, 0.7529411764705882200, 0.7529411764705882200 ) ;
#928 = FACE_OUTER_BOUND ( 'NONE', #60, .T. ) ;
#929 = CARTESIAN_POINT ( 'NONE',  ( -5.369999999999989400, 5.369999999999973500, -1.499999999999938900 ) ) ;
#930 = DIRECTION ( 'NONE',  ( 3.550603605800551700E-015, 0.0000000000000000000, 1.000000000000000000 ) ) ;
#931 = DIRECTION ( 'NONE',  ( -1.000000000000000000, 0.0000000000000000000, 3.491483361109382100E-015 ) ) ;
#932 = CARTESIAN_POINT ( 'NONE',  ( 2.549999999999989600, 3.660000000000007200, -7.559999999999967600 ) ) ;
#933 = AXIS2_PLACEMENT_3D ( 'NONE', #932, #931, #930 ) ;
#934 = DIRECTION ( 'NONE',  ( 3.043374519257736300E-015, 0.0000000000000000000, 1.000000000000000000 ) ) ;
#935 = DIRECTION ( 'NONE',  ( -1.000000000000000000, 0.0000000000000000000, 3.491483361109382100E-015 ) ) ;
#936 = CARTESIAN_POINT ( 'NONE',  ( 9.899999999999987900, 3.660000000000007200, -7.559999999999993400 ) ) ;
#937 = AXIS2_PLACEMENT_3D ( 'NONE', #936, #935, #934 ) ;
#938 = CIRCLE ( 'NONE', #933, 1.709999999999966700 ) ;
#939 = CYLINDRICAL_SURFACE ( 'NONE', #937, 0.5699999999999663100 ) ;
#940 = CARTESIAN_POINT ( 'NONE',  ( 1.409999999999987700, -3.599999999999990300, -8.129999999999929700 ) ) ;
#941 = LINE ( 'NONE', #940, #997 ) ;
#942 = CARTESIAN_POINT ( 'NONE',  ( -6.509999999999991800, 4.229999999999973800, -1.499999999999935400 ) ) ;
#943 = DIRECTION ( 'NONE',  ( 3.550603605800551700E-015, 0.0000000000000000000, 1.000000000000000000 ) ) ;
#944 = DIRECTION ( 'NONE',  ( -1.000000000000000000, 0.0000000000000000000, 3.491483361109382100E-015 ) ) ;
#945 = AXIS2_PLACEMENT_3D ( 'NONE', #947, #944, #943 ) ;
#946 = CYLINDRICAL_SURFACE ( 'NONE', #945, 1.709999999999966700 ) ;
#947 = CARTESIAN_POINT ( 'NONE',  ( 1.979999999999988700, 3.660000000000007200, -7.559999999999965900 ) ) ;
#948 =( GEOMETRIC_REPRESENTATION_CONTEXT ( 3 ) GLOBAL_UNCERTAINTY_ASSIGNED_CONTEXT ( ( #949 ) ) GLOBAL_UNIT_ASSIGNED_CONTEXT ( ( #952, #951, #950 ) ) REPRESENTATION_CONTEXT ( 'NONE', 'WORKASPACE' ) );
#949 = UNCERTAINTY_MEASURE_WITH_UNIT (LENGTH_MEASURE( 1.000000000000000100E-005 ), #952, 'distance_accuracy_value', 'NONE');
#950 =( NAMED_UNIT ( * ) SI_UNIT ( $, .STERADIAN. ) SOLID_ANGLE_UNIT ( ) );
#951 =( NAMED_UNIT ( * ) PLANE_ANGLE_UNIT ( ) SI_UNIT ( $, .RADIAN. ) );
#952 =( LENGTH_UNIT ( ) NAMED_UNIT ( * ) SI_UNIT ( .MILLI., .METRE. ) );
#953 = MECHANICAL_DESIGN_GEOMETRIC_PRESENTATION_REPRESENTATION (  '', ( #955 ), #948 ) ;
#954 = PRESENTATION_LAYER_ASSIGNMENT (  '', '', ( #955 ) ) ;
#955 = STYLED_ITEM ( 'NONE', ( #956 ), #76 ) ;
#956 = PRESENTATION_STYLE_ASSIGNMENT (( #957 ) ) ;
#957 = SURFACE_STYLE_USAGE ( .BOTH. , #958 ) ;
#958 = SURFACE_SIDE_STYLE ('',( #959 ) ) ;
#959 = SURFACE_STYLE_FILL_AREA ( #960 ) ;
#960 = FILL_AREA_STYLE ('',( #968 ) ) ;
#961 = COLOUR_RGB ( '',0.7529411764705882200, 0.7529411764705882200, 0.7529411764705882200 ) ;
#962 = FACE_OUTER_BOUND ( 'NONE', #77, .T. ) ;
#963 = DIRECTION ( 'NONE',  ( -1.000000000000000000, 0.0000000000000000000, 3.491483361109382100E-015 ) ) ;
#964 = DIRECTION ( 'NONE',  ( 0.0000000000000000000, -1.000000000000000000, 0.0000000000000000000 ) ) ;
#965 = CARTESIAN_POINT ( 'NONE',  ( 1.409999999999989500, 4.229999999999973800, -7.559999999999955200 ) ) ;
#966 = AXIS2_PLACEMENT_3D ( 'NONE', #965, #964, #963 ) ;
#967 = PLANE ( 'NONE',  #966 ) ;
#968 = FILL_AREA_STYLE_COLOUR ( '', #961 ) ;
#969 = CYLINDRICAL_SURFACE ( 'NONE', #1030, 1.709999999999966700 ) ;
#970 = CARTESIAN_POINT ( 'NONE',  ( 9.899999999999987900, 3.660000000000007200, -7.559999999999993400 ) ) ;
#971 =( GEOMETRIC_REPRESENTATION_CONTEXT ( 3 ) GLOBAL_UNCERTAINTY_ASSIGNED_CONTEXT ( ( #972 ) ) GLOBAL_UNIT_ASSIGNED_CONTEXT ( ( #975, #974, #973 ) ) REPRESENTATION_CONTEXT ( 'NONE', 'WORKASPACE' ) );
#972 = UNCERTAINTY_MEASURE_WITH_UNIT (LENGTH_MEASURE( 1.000000000000000100E-005 ), #975, 'distance_accuracy_value', 'NONE');
#973 =( NAMED_UNIT ( * ) SI_UNIT ( $, .STERADIAN. ) SOLID_ANGLE_UNIT ( ) );
#974 =( NAMED_UNIT ( * ) PLANE_ANGLE_UNIT ( ) SI_UNIT ( $, .RADIAN. ) );
#975 =( LENGTH_UNIT ( ) NAMED_UNIT ( * ) SI_UNIT ( .MILLI., .METRE. ) );
#976 = MECHANICAL_DESIGN_GEOMETRIC_PRESENTATION_REPRESENTATION (  '', ( #978 ), #971 ) ;
#977 = PRESENTATION_LAYER_ASSIGNMENT (  '', '', ( #978 ) ) ;
#978 = STYLED_ITEM ( 'NONE', ( #979 ), #91 ) ;
#979 = PRESENTATION_STYLE_ASSIGNMENT (( #980 ) ) ;
#980 = SURFACE_STYLE_USAGE ( .BOTH. , #981 ) ;
#981 = SURFACE_SIDE_STYLE ('',( #982 ) ) ;
#982 = SURFACE_STYLE_FILL_AREA ( #983 ) ;
#983 = FILL_AREA_STYLE ('',( #990 ) ) ;
#984 = COLOUR_RGB ( '',0.7529411764705882200, 0.7529411764705882200, 0.7529411764705882200 ) ;
#985 = FACE_OUTER_BOUND ( 'NONE', #90, .T. ) ;
#986 = DIRECTION ( 'NONE',  ( -4.453498641543274300E-031, -1.000000000000000000, -1.275531967630005200E-016 ) ) ;
#987 = VECTOR ( 'NONE', #986, 1000.000000000000000 ) ;
#988 = CARTESIAN_POINT ( 'NONE',  ( -2.549999999999989600, 6.799999999999999800, -1.499999999999948900 ) ) ;
#989 = LINE ( 'NONE', #988, #987 ) ;
#990 = FILL_AREA_STYLE_COLOUR ( '', #984 ) ;
#991 = CARTESIAN_POINT ( 'NONE',  ( -2.549999999999989600, 5.369999999999973500, -1.499999999999948900 ) ) ;
#992 = DIRECTION ( 'NONE',  ( -4.453498641543274300E-031, -1.000000000000000000, -1.275531967630005200E-016 ) ) ;
#993 = VECTOR ( 'NONE', #992, 1000.000000000000000 ) ;
#994 = CARTESIAN_POINT ( 'NONE',  ( -6.509999999999991800, 6.799999999999999800, -1.499999999999934900 ) ) ;
#995 = LINE ( 'NONE', #994, #993 ) ;
#996 = DIRECTION ( 'NONE',  ( 1.000000000000000000, 0.0000000000000000000, -3.491483361109382100E-015 ) ) ;
#997 = VECTOR ( 'NONE', #996, 1000.000000000000000 ) ;
#998 =( NAMED_UNIT ( * ) PLANE_ANGLE_UNIT ( ) SI_UNIT ( $, .RADIAN. ) );
#999 =( LENGTH_UNIT ( ) NAMED_UNIT ( * ) SI_UNIT ( .MILLI., .METRE. ) );
#1000 = MECHANICAL_DESIGN_GEOMETRIC_PRESENTATION_REPRESENTATION (  '', ( #1002 ), #1056 ) ;
#1001 = PRESENTATION_LAYER_ASSIGNMENT (  '', '', ( #1002 ) ) ;
#1002 = STYLED_ITEM ( 'NONE', ( #1003 ), #107 ) ;
#1003 = PRESENTATION_STYLE_ASSIGNMENT (( #1004 ) ) ;
#1004 = SURFACE_STYLE_USAGE ( .BOTH. , #1005 ) ;
#1005 = SURFACE_SIDE_STYLE ('',( #1006 ) ) ;
#1006 = SURFACE_STYLE_FILL_AREA ( #1007 ) ;
#1007 = FILL_AREA_STYLE ('',( #1014 ) ) ;
#1008 = COLOUR_RGB ( '',0.7529411764705882200, 0.7529411764705882200, 0.7529411764705882200 ) ;
#1009 = FACE_OUTER_BOUND ( 'NONE', #23, .T. ) ;
#1010 = DIRECTION ( 'NONE',  ( 3.491483361109382100E-015, 0.0000000000000000000, 1.000000000000000000 ) ) ;
#1011 = VECTOR ( 'NONE', #1010, 1000.000000000000000 ) ;
#1012 = CARTESIAN_POINT ( 'NONE',  ( -1.410000000000010100, 5.369999999999973500, -7.559999999999945400 ) ) ;
#1013 = LINE ( 'NONE', #1012, #1011 ) ;
#1014 = FILL_AREA_STYLE_COLOUR ( '', #1008 ) ;
#1015 = CARTESIAN_POINT ( 'NONE',  ( -2.550000000000010500, 4.229999999999973800, -7.559999999999941000 ) ) ;
#1016 = CARTESIAN_POINT ( 'NONE',  ( -9.329999999999998300, 5.369999999999974300, -4.699999999999926500 ) ) ;
#1017 = DIRECTION ( 'NONE',  ( 1.902109074535972000E-016, -1.000000000000000000, -6.641182184757512200E-031 ) ) ;
#1018 = VECTOR ( 'NONE', #1017, 1000.000000000000000 ) ;
#1019 = CARTESIAN_POINT ( 'NONE',  ( -9.329999999999998300, 4.793314867830654300E-016, -4.699999999999926500 ) ) ;
#1020 = LINE ( 'NONE', #1019, #1018 ) ;
#1021 = DIRECTION ( 'NONE',  ( 1.000000000000000000, 0.0000000000000000000, -3.491483361109382100E-015 ) ) ;
#1022 = VECTOR ( 'NONE', #1021, 1000.000000000000000 ) ;
#1023 = CARTESIAN_POINT ( 'NONE',  ( 1.409999999999987700, 3.660000000000008600, -8.129999999999931500 ) ) ;
#1024 = LINE ( 'NONE', #1023, #1022 ) ;
#1025 = DIRECTION ( 'NONE',  ( 1.000000000000000000, 0.0000000000000000000, -3.491483361109382100E-015 ) ) ;
#1026 = VECTOR ( 'NONE', #1025, 1000.000000000000000 ) ;
#1027 = CARTESIAN_POINT ( 'NONE',  ( -11.84999999999998900, 4.229999999999973800, -1.499999999999916700 ) ) ;
#1028 = DIRECTION ( 'NONE',  ( 3.043374519257615600E-015, 0.0000000000000000000, 1.000000000000000000 ) ) ;
#1029 = DIRECTION ( 'NONE',  ( -1.000000000000000000, 0.0000000000000000000, 3.491483361109382100E-015 ) ) ;
#1030 = AXIS2_PLACEMENT_3D ( 'NONE', #970, #1029, #1028 ) ;
#1031 = LINE ( 'NONE', #1027, #1026 ) ;
#1032 =( NAMED_UNIT ( * ) SI_UNIT ( $, .STERADIAN. ) SOLID_ANGLE_UNIT ( ) );
#1033 =( NAMED_UNIT ( * ) PLANE_ANGLE_UNIT ( ) SI_UNIT ( $, .RADIAN. ) );
#1034 =( LENGTH_UNIT ( ) NAMED_UNIT ( * ) SI_UNIT ( .MILLI., .METRE. ) );
#1035 = MECHANICAL_DESIGN_GEOMETRIC_PRESENTATION_REPRESENTATION (  '', ( #1037 ), #1085 ) ;
#1036 = PRESENTATION_LAYER_ASSIGNMENT (  '', '', ( #1037 ) ) ;
#1037 = STYLED_ITEM ( 'NONE', ( #1038 ), #111 ) ;
#1038 = PRESENTATION_STYLE_ASSIGNMENT (( #1039 ) ) ;
#1039 = SURFACE_STYLE_USAGE ( .BOTH. , #1040 ) ;
#1040 = SURFACE_SIDE_STYLE ('',( #1041 ) ) ;
#1041 = SURFACE_STYLE_FILL_AREA ( #1042 ) ;
#1042 = FILL_AREA_STYLE ('',( #1049 ) ) ;
#1043 = COLOUR_RGB ( '',0.7529411764705882200, 0.7529411764705882200, 0.7529411764705882200 ) ;
#1044 = FACE_OUTER_BOUND ( 'NONE', #100, .T. ) ;
#1045 = DIRECTION ( 'NONE',  ( 1.000000000000000000, 0.0000000000000000000, -3.491483361109382100E-015 ) ) ;
#1046 = VECTOR ( 'NONE', #1045, 1000.000000000000000 ) ;
#1047 = CARTESIAN_POINT ( 'NONE',  ( 9.329999999999987600, -3.599999999999990300, -8.129999999999956400 ) ) ;
#1048 = LINE ( 'NONE', #1047, #1046 ) ;
#1049 = FILL_AREA_STYLE_COLOUR ( '', #1043 ) ;
#1050 = CARTESIAN_POINT ( 'NONE',  ( 5.369999999999984100, 3.659999999999992100, -9.269999999999944500 ) ) ;
#1051 = DIRECTION ( 'NONE',  ( 1.000000000000000000, 0.0000000000000000000, -3.491483361109382100E-015 ) ) ;
#1052 = DIRECTION ( 'NONE',  ( 0.0000000000000000000, 1.000000000000000000, 0.0000000000000000000 ) ) ;
#1053 = CARTESIAN_POINT ( 'NONE',  ( -2.550000000000010500, 5.369999999999973500, -7.559999999999941000 ) ) ;
#1054 = AXIS2_PLACEMENT_3D ( 'NONE', #1053, #1052, #1051 ) ;
#1055 = PLANE ( 'NONE',  #1054 ) ;
#1056 =( GEOMETRIC_REPRESENTATION_CONTEXT ( 3 ) GLOBAL_UNCERTAINTY_ASSIGNED_CONTEXT ( ( #1057 ) ) GLOBAL_UNIT_ASSIGNED_CONTEXT ( ( #999, #998, #1058 ) ) REPRESENTATION_CONTEXT ( 'NONE', 'WORKASPACE' ) );
#1057 = UNCERTAINTY_MEASURE_WITH_UNIT (LENGTH_MEASURE( 1.000000000000000100E-005 ), #999, 'distance_accuracy_value', 'NONE');
#1058 =( NAMED_UNIT ( * ) SI_UNIT ( $, .STERADIAN. ) SOLID_ANGLE_UNIT ( ) );
#1059 = DIRECTION ( 'NONE',  ( -3.491483361109382100E-015, -5.167261417803254300E-015, -1.000000000000000000 ) ) ;
#1060 = VECTOR ( 'NONE', #1059, 1000.000000000000000 ) ;
#1061 = CARTESIAN_POINT ( 'NONE',  ( -10.59999999999999800, 6.799999999999959000, -4.699999999999922000 ) ) ;
#1062 = LINE ( 'NONE', #1061, #1060 ) ;
#1063 = LINE ( 'NONE', #1112, #1111 ) ;
#1064 = DIRECTION ( 'NONE',  ( 3.491483361109382100E-015, 0.0000000000000000000, 1.000000000000000000 ) ) ;
#1065 = VECTOR ( 'NONE', #1064, 1000.000000000000000 ) ;
#1066 = CARTESIAN_POINT ( 'NONE',  ( -2.550000000000010500, 4.229999999999973800, -7.559999999999941000 ) ) ;
#1067 = LINE ( 'NONE', #1066, #1065 ) ;
#1068 = CARTESIAN_POINT ( 'NONE',  ( 5.369999999999989400, 5.369999999999973500, -7.559999999999968500 ) ) ;
#1069 = DIRECTION ( 'NONE',  ( 3.491483361109382100E-015, 0.0000000000000000000, 1.000000000000000000 ) ) ;
#1070 = VECTOR ( 'NONE', #1069, 1000.000000000000000 ) ;
#1071 = CARTESIAN_POINT ( 'NONE',  ( 5.369999999999989400, 5.369999999999973500, -7.559999999999968500 ) ) ;
#1072 = LINE ( 'NONE', #1071, #1070 ) ;
#1073 = CARTESIAN_POINT ( 'NONE',  ( 5.369999999999989400, 4.229999999999973800, -7.559999999999968500 ) ) ;
#1074 = CARTESIAN_POINT ( 'NONE',  ( 6.509999999999984700, -3.600000000000006800, -9.269999999999948100 ) ) ;
#1075 = DIRECTION ( 'NONE',  ( 3.550603605800551700E-015, 0.0000000000000000000, 1.000000000000000000 ) ) ;
#1076 = DIRECTION ( 'NONE',  ( -1.000000000000000000, 0.0000000000000000000, 3.491483361109382100E-015 ) ) ;
#1077 = CARTESIAN_POINT ( 'NONE',  ( 5.369999999999989400, 3.660000000000007200, -7.559999999999978300 ) ) ;
#1078 = AXIS2_PLACEMENT_3D ( 'NONE', #1077, #1076, #1075 ) ;
#1079 = CIRCLE ( 'NONE', #1078, 1.709999999999966700 ) ;
#1080 = DIRECTION ( 'NONE',  ( 1.902109074535972000E-016, -1.000000000000000000, -6.641182184757512200E-031 ) ) ;
#1081 = DIRECTION ( 'NONE',  ( 1.000000000000000000, 1.902109074535972000E-016, -3.491483361109382100E-015 ) ) ;
#1082 = CARTESIAN_POINT ( 'NONE',  ( -1.410000000000010100, 5.369999999999973500, -7.559999999999945400 ) ) ;
#1083 = AXIS2_PLACEMENT_3D ( 'NONE', #1082, #1081, #1080 ) ;
#1084 = PLANE ( 'NONE',  #1083 ) ;
#1085 =( GEOMETRIC_REPRESENTATION_CONTEXT ( 3 ) GLOBAL_UNCERTAINTY_ASSIGNED_CONTEXT ( ( #1086 ) ) GLOBAL_UNIT_ASSIGNED_CONTEXT ( ( #1034, #1033, #1032 ) ) REPRESENTATION_CONTEXT ( 'NONE', 'WORKASPACE' ) );
#1086 = UNCERTAINTY_MEASURE_WITH_UNIT (LENGTH_MEASURE( 1.000000000000000100E-005 ), #1034, 'distance_accuracy_value', 'NONE');
#1087 = LINE ( 'NONE', #1147, #1146 ) ;
#1088 = FILL_AREA_STYLE_COLOUR ( '', #1143 ) ;
#1089 = CARTESIAN_POINT ( 'NONE',  ( -10.47000000000001100, 4.229999999999973800, -7.559999999999913500 ) ) ;
#1090 = DIRECTION ( 'NONE',  ( 3.491483361109382100E-015, 0.0000000000000000000, 1.000000000000000000 ) ) ;
#1091 = DIRECTION ( 'NONE',  ( -1.000000000000000000, 0.0000000000000000000, 3.491483361109382100E-015 ) ) ;
#1092 = CARTESIAN_POINT ( 'NONE',  ( 5.369999999999989400, 5.369999999999973500, -7.559999999999968500 ) ) ;
#1093 = AXIS2_PLACEMENT_3D ( 'NONE', #1092, #1091, #1090 ) ;
#1094 = PLANE ( 'NONE',  #1093 ) ;
#1095 =( GEOMETRIC_REPRESENTATION_CONTEXT ( 3 ) GLOBAL_UNCERTAINTY_ASSIGNED_CONTEXT ( ( #1096 ) ) GLOBAL_UNIT_ASSIGNED_CONTEXT ( ( #1099, #1098, #1097 ) ) REPRESENTATION_CONTEXT ( 'NONE', 'WORKASPACE' ) );
#1096 = UNCERTAINTY_MEASURE_WITH_UNIT (LENGTH_MEASURE( 1.000000000000000100E-005 ), #1099, 'distance_accuracy_value', 'NONE');
#1097 =( NAMED_UNIT ( * ) SI_UNIT ( $, .STERADIAN. ) SOLID_ANGLE_UNIT ( ) );
#1098 =( NAMED_UNIT ( * ) PLANE_ANGLE_UNIT ( ) SI_UNIT ( $, .RADIAN. ) );
#1099 =( LENGTH_UNIT ( ) NAMED_UNIT ( * ) SI_UNIT ( .MILLI., .METRE. ) );
#1100 = MECHANICAL_DESIGN_GEOMETRIC_PRESENTATION_REPRESENTATION (  '', ( #1102 ), #1095 ) ;
#1101 = PRESENTATION_LAYER_ASSIGNMENT (  '', '', ( #1102 ) ) ;
#1102 = STYLED_ITEM ( 'NONE', ( #1103 ), #127 ) ;
#1103 = PRESENTATION_STYLE_ASSIGNMENT (( #1104 ) ) ;
#1104 = SURFACE_STYLE_USAGE ( .BOTH. , #1105 ) ;
#1105 = SURFACE_SIDE_STYLE ('',( #1106 ) ) ;
#1106 = SURFACE_STYLE_FILL_AREA ( #1107 ) ;
#1107 = FILL_AREA_STYLE ('',( #1113 ) ) ;
#1108 = COLOUR_RGB ( '',0.7529411764705882200, 0.7529411764705882200, 0.7529411764705882200 ) ;
#1109 = FACE_OUTER_BOUND ( 'NONE', #124, .T. ) ;
#1110 = DIRECTION ( 'NONE',  ( 3.491483361109382100E-015, 0.0000000000000000000, 1.000000000000000000 ) ) ;
#1111 = VECTOR ( 'NONE', #1110, 1000.000000000000000 ) ;
#1112 = CARTESIAN_POINT ( 'NONE',  ( 5.369999999999989400, 4.229999999999973800, -7.559999999999968500 ) ) ;
#1113 = FILL_AREA_STYLE_COLOUR ( '', #1108 ) ;
#1114 = MECHANICAL_DESIGN_GEOMETRIC_PRESENTATION_REPRESENTATION (  '', ( #1116 ), #1166 ) ;
#1115 = PRESENTATION_LAYER_ASSIGNMENT (  '', '', ( #1116 ) ) ;
#1116 = STYLED_ITEM ( 'NONE', ( #1117 ), #138 ) ;
#1117 = PRESENTATION_STYLE_ASSIGNMENT (( #1118 ) ) ;
#1118 = SURFACE_STYLE_USAGE ( .BOTH. , #1119 ) ;
#1119 = SURFACE_SIDE_STYLE ('',( #1120 ) ) ;
#1120 = SURFACE_STYLE_FILL_AREA ( #1121 ) ;
#1121 = FILL_AREA_STYLE ('',( #1128 ) ) ;
#1122 = COLOUR_RGB ( '',0.7529411764705882200, 0.7529411764705882200, 0.7529411764705882200 ) ;
#1123 = FACE_OUTER_BOUND ( 'NONE', #134, .T. ) ;
#1124 = DIRECTION ( 'NONE',  ( 3.491483361109382100E-015, 0.0000000000000000000, 1.000000000000000000 ) ) ;
#1125 = DIRECTION ( 'NONE',  ( -1.000000000000000000, 0.0000000000000000000, 3.491483361109382100E-015 ) ) ;
#1126 = CARTESIAN_POINT ( 'NONE',  ( -10.47000000000001100, 5.369999999999973500, -7.559999999999913500 ) ) ;
#1127 = AXIS2_PLACEMENT_3D ( 'NONE', #1126, #1125, #1124 ) ;
#1128 = FILL_AREA_STYLE_COLOUR ( '', #1122 ) ;
#1129 = PLANE ( 'NONE',  #1127 ) ;
#1130 =( GEOMETRIC_REPRESENTATION_CONTEXT ( 3 ) GLOBAL_UNCERTAINTY_ASSIGNED_CONTEXT ( ( #1131 ) ) GLOBAL_UNIT_ASSIGNED_CONTEXT ( ( #1134, #1133, #1132 ) ) REPRESENTATION_CONTEXT ( 'NONE', 'WORKASPACE' ) );
#1131 = UNCERTAINTY_MEASURE_WITH_UNIT (LENGTH_MEASURE( 1.000000000000000100E-005 ), #1134, 'distance_accuracy_value', 'NONE');
#1132 =( NAMED_UNIT ( * ) SI_UNIT ( $, .STERADIAN. ) SOLID_ANGLE_UNIT ( ) );
#1133 =( NAMED_UNIT ( * ) PLANE_ANGLE_UNIT ( ) SI_UNIT ( $, .RADIAN. ) );
#1134 =( LENGTH_UNIT ( ) NAMED_UNIT ( * ) SI_UNIT ( .MILLI., .METRE. ) );
#1135 = MECHANICAL_DESIGN_GEOMETRIC_PRESENTATION_REPRESENTATION (  '', ( #1137 ), #1130 ) ;
#1136 = PRESENTATION_LAYER_ASSIGNMENT (  '', '', ( #1137 ) ) ;
#1137 = STYLED_ITEM ( 'NONE', ( #1138 ), #137 ) ;
#1138 = PRESENTATION_STYLE_ASSIGNMENT (( #1139 ) ) ;
#1139 = SURFACE_STYLE_USAGE ( .BOTH. , #1140 ) ;
#1140 = SURFACE_SIDE_STYLE ('',( #1141 ) ) ;
#1141 = SURFACE_STYLE_FILL_AREA ( #1142 ) ;
#1142 = FILL_AREA_STYLE ('',( #1088 ) ) ;
#1143 = COLOUR_RGB ( '',0.7529411764705882200, 0.7529411764705882200, 0.7529411764705882200 ) ;
#1144 = FACE_OUTER_BOUND ( 'NONE', #131, .T. ) ;
#1145 = DIRECTION ( 'NONE',  ( 3.491483361109382100E-015, 0.0000000000000000000, 1.000000000000000000 ) ) ;
#1146 = VECTOR ( 'NONE', #1145, 1000.000000000000000 ) ;
#1147 = CARTESIAN_POINT ( 'NONE',  ( -10.47000000000001100, 4.229999999999973800, -7.559999999999913500 ) ) ;
#1148 = CARTESIAN_POINT ( 'NONE',  ( -10.59999999999999800, 6.799999999999959000, -4.699999999999922000 ) ) ;
#1149 = LINE ( 'NONE', #1148, #1203 ) ;
#1150 =( NAMED_UNIT ( * ) PLANE_ANGLE_UNIT ( ) SI_UNIT ( $, .RADIAN. ) );
#1151 = DIRECTION ( 'NONE',  ( 3.491483361109382100E-015, 0.0000000000000000000, 1.000000000000000000 ) ) ;
#1152 = VECTOR ( 'NONE', #1151, 1000.000000000000000 ) ;
#1153 = CARTESIAN_POINT ( 'NONE',  ( -10.47000000000001100, 5.369999999999973500, -7.559999999999913500 ) ) ;
#1154 = LINE ( 'NONE', #1153, #1152 ) ;
#1155 = DIRECTION ( 'NONE',  ( 3.043374519257736300E-015, 0.0000000000000000000, 1.000000000000000000 ) ) ;
#1156 = DIRECTION ( 'NONE',  ( -1.000000000000000000, 0.0000000000000000000, 3.491483361109382100E-015 ) ) ;
#1157 = CARTESIAN_POINT ( 'NONE',  ( -10.47000000000001100, 3.660000000000007200, -7.559999999999922300 ) ) ;
#1158 = AXIS2_PLACEMENT_3D ( 'NONE', #1157, #1156, #1155 ) ;
#1159 = CIRCLE ( 'NONE', #1158, 0.5699999999999663100 ) ;
#1160 = CARTESIAN_POINT ( 'NONE',  ( -10.47000000000001100, 3.660000000000008600, -8.129999999999888900 ) ) ;
#1161 = DIRECTION ( 'NONE',  ( 1.000000000000000000, 0.0000000000000000000, -3.491483361109382100E-015 ) ) ;
#1162 = DIRECTION ( 'NONE',  ( 0.0000000000000000000, 1.000000000000000000, 0.0000000000000000000 ) ) ;
#1163 = CARTESIAN_POINT ( 'NONE',  ( -10.47000000000001100, 5.369999999999973500, -7.559999999999913500 ) ) ;
#1164 = AXIS2_PLACEMENT_3D ( 'NONE', #1163, #1162, #1161 ) ;
#1165 = PLANE ( 'NONE',  #1164 ) ;
#1166 =( GEOMETRIC_REPRESENTATION_CONTEXT ( 3 ) GLOBAL_UNCERTAINTY_ASSIGNED_CONTEXT ( ( #1168 ) ) GLOBAL_UNIT_ASSIGNED_CONTEXT ( ( #1172, #1171, #1169 ) ) REPRESENTATION_CONTEXT ( 'NONE', 'WORKASPACE' ) );
#1167 = ORIENTED_EDGE ( 'NONE', *, *, #3993, .F. ) ;
#1168 = UNCERTAINTY_MEASURE_WITH_UNIT (LENGTH_MEASURE( 1.000000000000000100E-005 ), #1172, 'distance_accuracy_value', 'NONE');
#1169 =( NAMED_UNIT ( * ) SI_UNIT ( $, .STERADIAN. ) SOLID_ANGLE_UNIT ( ) );
#1170 = ORIENTED_EDGE ( 'NONE', *, *, #3903, .T. ) ;
#1171 =( NAMED_UNIT ( * ) PLANE_ANGLE_UNIT ( ) SI_UNIT ( $, .RADIAN. ) );
#1172 =( LENGTH_UNIT ( ) NAMED_UNIT ( * ) SI_UNIT ( .MILLI., .METRE. ) );
#1173 = FILL_AREA_STYLE_COLOUR ( '', #1226 ) ;
#1174 = DIRECTION ( 'NONE',  ( 3.491483361109382100E-015, 0.0000000000000000000, 1.000000000000000000 ) ) ;
#1175 = VECTOR ( 'NONE', #1174, 1000.000000000000000 ) ;
#1176 = CARTESIAN_POINT ( 'NONE',  ( 9.329999999999989400, 5.369999999999973500, -7.559999999999982700 ) ) ;
#1177 = LINE ( 'NONE', #1176, #1175 ) ;
#1178 = DIRECTION ( 'NONE',  ( 0.0000000000000000000, -1.000000000000000000, 0.0000000000000000000 ) ) ;
#1179 = VECTOR ( 'NONE', #1178, 1000.000000000000000 ) ;
#1180 = CARTESIAN_POINT ( 'NONE',  ( -10.59999999999996800, 8.500000000000000000, 4.700000000000080100 ) ) ;
#1181 = LINE ( 'NONE', #1180, #1179 ) ;
#1182 = DIRECTION ( 'NONE',  ( 0.0000000000000000000, -1.000000000000000000, 0.0000000000000000000 ) ) ;
#1183 = VECTOR ( 'NONE', #1182, 1000.000000000000000 ) ;
#1184 = CARTESIAN_POINT ( 'NONE',  ( 10.60000000000003300, 8.500000000000000000, 4.700000000000007300 ) ) ;
#1185 = LINE ( 'NONE', #1184, #1183 ) ;
#1186 = DIRECTION ( 'NONE',  ( -3.491483361109382100E-015, -5.167261417803254300E-015, -1.000000000000000000 ) ) ;
#1187 = VECTOR ( 'NONE', #1186, 1000.000000000000000 ) ;
#1188 = CARTESIAN_POINT ( 'NONE',  ( 10.60000000000000000, 6.799999999999959000, -4.699999999999995700 ) ) ;
#1189 = LINE ( 'NONE', #1188, #1187 ) ;
#1190 = DIRECTION ( 'NONE',  ( 3.491483361109382100E-015, 0.0000000000000000000, 1.000000000000000000 ) ) ;
#1191 = DIRECTION ( 'NONE',  ( 1.000000000000000000, 0.0000000000000000000, -3.491483361109382100E-015 ) ) ;
#1192 = CARTESIAN_POINT ( 'NONE',  ( -10.59999999999999800, 8.000000000000000000, -4.699999999999922000 ) ) ;
#1193 = AXIS2_PLACEMENT_3D ( 'NONE', #1192, #1191, #1190 ) ;
#1194 = PLANE ( 'NONE',  #1193 ) ;
#1195 = FACE_OUTER_BOUND ( 'NONE', #152, .T. ) ;
#1196 = CARTESIAN_POINT ( 'NONE',  ( -10.59999999999996800, 8.500000000000000000, 4.700000000000080100 ) ) ;
#1197 = DIRECTION ( 'NONE',  ( 1.000000000000000000, 0.0000000000000000000, -3.491483361109382100E-015 ) ) ;
#1198 = VECTOR ( 'NONE', #1197, 1000.000000000000000 ) ;
#1199 = CARTESIAN_POINT ( 'NONE',  ( -11.84999999999996800, 6.800000000000000700, 4.700000000000085400 ) ) ;
#1200 = LINE ( 'NONE', #1199, #1198 ) ;
#1201 = CARTESIAN_POINT ( 'NONE',  ( 10.60000000000003300, 6.800000000000007800, 4.700000000000007300 ) ) ;
#1202 = DIRECTION ( 'NONE',  ( -3.491483361109382100E-015, -5.167261417803254300E-015, -1.000000000000000000 ) ) ;
#1203 = VECTOR ( 'NONE', #1202, 1000.000000000000000 ) ;
#1204 = DIRECTION ( 'NONE',  ( -1.000000000000000000, 0.0000000000000000000, 3.491483361109382100E-015 ) ) ;
#1205 = CARTESIAN_POINT ( 'NONE',  ( 9.329999999999989400, 3.660000000000007200, -7.559999999999992500 ) ) ;
#1206 = AXIS2_PLACEMENT_3D ( 'NONE', #1205, #1204, #1270 ) ;
#1207 = CIRCLE ( 'NONE', #1206, 1.709999999999966700 ) ;
#1208 = DIRECTION ( 'NONE',  ( 1.000000000000000000, 0.0000000000000000000, -3.491483361109382100E-015 ) ) ;
#1209 = DIRECTION ( 'NONE',  ( 0.0000000000000000000, 1.000000000000000000, 0.0000000000000000000 ) ) ;
#1210 = CARTESIAN_POINT ( 'NONE',  ( 9.329999999999989400, 5.369999999999973500, -7.559999999999982700 ) ) ;
#1211 = AXIS2_PLACEMENT_3D ( 'NONE', #1210, #1209, #1208 ) ;
#1212 = PLANE ( 'NONE',  #1211 ) ;
#1213 =( GEOMETRIC_REPRESENTATION_CONTEXT ( 3 ) GLOBAL_UNCERTAINTY_ASSIGNED_CONTEXT ( ( #1214 ) ) GLOBAL_UNIT_ASSIGNED_CONTEXT ( ( #1217, #1216, #1215 ) ) REPRESENTATION_CONTEXT ( 'NONE', 'WORKASPACE' ) );
#1214 = UNCERTAINTY_MEASURE_WITH_UNIT (LENGTH_MEASURE( 1.000000000000000100E-005 ), #1217, 'distance_accuracy_value', 'NONE');
#1215 =( NAMED_UNIT ( * ) SI_UNIT ( $, .STERADIAN. ) SOLID_ANGLE_UNIT ( ) );
#1216 =( NAMED_UNIT ( * ) PLANE_ANGLE_UNIT ( ) SI_UNIT ( $, .RADIAN. ) );
#1217 =( LENGTH_UNIT ( ) NAMED_UNIT ( * ) SI_UNIT ( .MILLI., .METRE. ) );
#1218 = MECHANICAL_DESIGN_GEOMETRIC_PRESENTATION_REPRESENTATION (  '', ( #1220 ), #1213 ) ;
#1219 = PRESENTATION_LAYER_ASSIGNMENT (  '', '', ( #1220 ) ) ;
#1220 = STYLED_ITEM ( 'NONE', ( #1221 ), #181 ) ;
#1221 = PRESENTATION_STYLE_ASSIGNMENT (( #1222 ) ) ;
#1222 = SURFACE_STYLE_USAGE ( .BOTH. , #1223 ) ;
#1223 = SURFACE_SIDE_STYLE ('',( #1224 ) ) ;
#1224 = SURFACE_STYLE_FILL_AREA ( #1225 ) ;
#1225 = FILL_AREA_STYLE ('',( #1173 ) ) ;
#1226 = COLOUR_RGB ( '',0.7529411764705882200, 0.7529411764705882200, 0.7529411764705882200 ) ;
#1227 = FACE_OUTER_BOUND ( 'NONE', #183, .T. ) ;
#1228 = DIRECTION ( 'NONE',  ( 0.0000000000000000000, -1.000000000000000000, 0.0000000000000000000 ) ) ;
#1229 = VECTOR ( 'NONE', #1228, 1000.000000000000000 ) ;
#1230 = CARTESIAN_POINT ( 'NONE',  ( 9.330000000000037400, 5.369999999999973500, 6.200000000000009900 ) ) ;
#1231 = LINE ( 'NONE', #1230, #1229 ) ;
#1232 = STYLED_ITEM ( 'NONE', ( #1233 ), #207 ) ;
#1233 = PRESENTATION_STYLE_ASSIGNMENT (( #1234 ) ) ;
#1234 = SURFACE_STYLE_USAGE ( .BOTH. , #1235 ) ;
#1235 = SURFACE_SIDE_STYLE ('',( #1236 ) ) ;
#1236 = SURFACE_STYLE_FILL_AREA ( #1237 ) ;
#1237 = FILL_AREA_STYLE ('',( #1245 ) ) ;
#1238 = COLOUR_RGB ( '',0.7529411764705882200, 0.7529411764705882200, 0.7529411764705882200 ) ;
#1239 = FACE_OUTER_BOUND ( 'NONE', #176, .T. ) ;
#1240 = DIRECTION ( 'NONE',  ( 3.043374519257736300E-015, 0.0000000000000000000, 1.000000000000000000 ) ) ;
#1241 = DIRECTION ( 'NONE',  ( -1.000000000000000000, 0.0000000000000000000, 3.491483361109382100E-015 ) ) ;
#1242 = CARTESIAN_POINT ( 'NONE',  ( 9.329999999999989400, 3.660000000000007200, -7.559999999999992500 ) ) ;
#1243 = AXIS2_PLACEMENT_3D ( 'NONE', #1242, #1241, #1240 ) ;
#1244 = CIRCLE ( 'NONE', #1243, 0.5699999999999663100 ) ;
#1245 = FILL_AREA_STYLE_COLOUR ( '', #1238 ) ;
#1246 = DIRECTION ( 'NONE',  ( 3.491483361109382100E-015, 1.437166900243591600E-014, 1.000000000000000000 ) ) ;
#1247 = VECTOR ( 'NONE', #1246, 1000.000000000000000 ) ;
#1248 = CARTESIAN_POINT ( 'NONE',  ( 9.329999999999984100, -3.600000000000006800, -9.269999999999958700 ) ) ;
#1249 = LINE ( 'NONE', #1248, #1247 ) ;
#1250 = CARTESIAN_POINT ( 'NONE',  ( 9.330000000000037400, 4.229999999999973800, 6.200000000000009900 ) ) ;
#1251 = DIRECTION ( 'NONE',  ( 4.171321041665876800E-031, -1.000000000000000000, 1.194713137725073900E-016 ) ) ;
#1252 = VECTOR ( 'NONE', #1251, 1000.000000000000000 ) ;
#1253 = CARTESIAN_POINT ( 'NONE',  ( 9.329999999999984100, 3.659999999999992100, -9.269999999999958700 ) ) ;
#1254 = LINE ( 'NONE', #1253, #1252 ) ;
#1255 = CARTESIAN_POINT ( 'NONE',  ( 9.329999999999989400, 5.369999999999973500, -7.559999999999982700 ) ) ;
#1256 = DIRECTION ( 'NONE',  ( 3.491483361109382100E-015, 0.0000000000000000000, 1.000000000000000000 ) ) ;
#1257 = VECTOR ( 'NONE', #1256, 1000.000000000000000 ) ;
#1258 = CARTESIAN_POINT ( 'NONE',  ( 9.329999999999989400, 4.229999999999973800, -7.559999999999982700 ) ) ;
#1259 = LINE ( 'NONE', #1258, #1257 ) ;
#1260 = CARTESIAN_POINT ( 'NONE',  ( 9.329999999999989400, 4.229999999999973800, -7.559999999999982700 ) ) ;
#1261 = DIRECTION ( 'NONE',  ( 3.491483361109382100E-015, 5.167261417803254300E-015, 1.000000000000000000 ) ) ;
#1262 = DIRECTION ( 'NONE',  ( -1.804140726276253800E-029, 1.000000000000000000, -5.167261417803254300E-015 ) ) ;
#1263 = CARTESIAN_POINT ( 'NONE',  ( -10.59999999999999800, 6.799999999999959000, -4.699999999999922000 ) ) ;
#1264 = AXIS2_PLACEMENT_3D ( 'NONE', #1263, #1262, #1261 ) ;
#1265 = PLANE ( 'NONE',  #1264 ) ;
#1266 = FACE_OUTER_BOUND ( 'NONE', #174, .T. ) ;
#1267 = CARTESIAN_POINT ( 'NONE',  ( 9.330000000000037400, 5.369999999999973500, 6.200000000000009900 ) ) ;
#1268 = CARTESIAN_POINT ( 'NONE',  ( 9.329999999999984100, -3.600000000000006800, -9.269999999999958700 ) ) ;
#1269 = CARTESIAN_POINT ( 'NONE',  ( 9.329999999999984100, 3.659999999999992100, -9.269999999999958700 ) ) ;
#1270 = DIRECTION ( 'NONE',  ( 3.043374519257615600E-015, 0.0000000000000000000, 1.000000000000000000 ) ) ;
#1271 = PRESENTATION_LAYER_ASSIGNMENT (  '', '', ( #1272 ) ) ;
#1272 = STYLED_ITEM ( 'NONE', ( #1273 ), #217 ) ;
#1273 = PRESENTATION_STYLE_ASSIGNMENT (( #1274 ) ) ;
#1274 = SURFACE_STYLE_USAGE ( .BOTH. , #1275 ) ;
#1275 = SURFACE_SIDE_STYLE ('',( #1276 ) ) ;
#1276 = SURFACE_STYLE_FILL_AREA ( #1277 ) ;
#1277 = FILL_AREA_STYLE ('',( #1278 ) ) ;
#1278 = FILL_AREA_STYLE_COLOUR ( '', #1279 ) ;
#1279 = COLOUR_RGB ( '',0.7529411764705882200, 0.7529411764705882200, 0.7529411764705882200 ) ;
#1280 = FACE_OUTER_BOUND ( 'NONE', #215, .T. ) ;
#1281 = CARTESIAN_POINT ( 'NONE',  ( 9.329999999999987600, -3.599999999999990300, -8.129999999999956400 ) ) ;
#1282 = CARTESIAN_POINT ( 'NONE',  ( 9.329999999999987600, 3.660000000000008600, -8.129999999999958100 ) ) ;
#1283 = DIRECTION ( 'NONE',  ( 4.171321041665876800E-031, -1.000000000000000000, 1.194713137725073900E-016 ) ) ;
#1284 = VECTOR ( 'NONE', #1283, 1000.000000000000000 ) ;
#1285 = CARTESIAN_POINT ( 'NONE',  ( 9.329999999999987600, 3.660000000000008600, -8.129999999999958100 ) ) ;
#1286 = LINE ( 'NONE', #1285, #1284 ) ;
#1287 = CARTESIAN_POINT ( 'NONE',  ( 10.60000000000003300, 8.500000000000000000, 4.700000000000007300 ) ) ;
#1288 = DIRECTION ( 'NONE',  ( 1.000000000000000000, 0.0000000000000000000, -3.491483361109382100E-015 ) ) ;
#1289 = DIRECTION ( 'NONE',  ( 3.491483361109382100E-015, 0.0000000000000000000, 1.000000000000000000 ) ) ;
#1290 = CARTESIAN_POINT ( 'NONE',  ( 9.330000000000037400, 4.229999999999973800, 6.200000000000009900 ) ) ;
#1291 = AXIS2_PLACEMENT_3D ( 'NONE', #1290, #1289, #1288 ) ;
#1292 = EDGE_CURVE ( 'NONE', #358, #3992, #2826, .T. ) ;
#1293 = PLANE ( 'NONE',  #1291 ) ;
#1294 =( GEOMETRIC_REPRESENTATION_CONTEXT ( 3 ) GLOBAL_UNCERTAINTY_ASSIGNED_CONTEXT ( ( #1295 ) ) GLOBAL_UNIT_ASSIGNED_CONTEXT ( ( #1298, #1297, #1296 ) ) REPRESENTATION_CONTEXT ( 'NONE', 'WORKASPACE' ) );
#1295 = UNCERTAINTY_MEASURE_WITH_UNIT (LENGTH_MEASURE( 1.000000000000000100E-005 ), #1298, 'distance_accuracy_value', 'NONE');
#1296 =( NAMED_UNIT ( * ) SI_UNIT ( $, .STERADIAN. ) SOLID_ANGLE_UNIT ( ) );
#1297 =( NAMED_UNIT ( * ) PLANE_ANGLE_UNIT ( ) SI_UNIT ( $, .RADIAN. ) );
#1298 =( LENGTH_UNIT ( ) NAMED_UNIT ( * ) SI_UNIT ( .MILLI., .METRE. ) );
#1299 = MECHANICAL_DESIGN_GEOMETRIC_PRESENTATION_REPRESENTATION (  '', ( #1232 ), #1294 ) ;
#1300 = PRESENTATION_LAYER_ASSIGNMENT (  '', '', ( #1232 ) ) ;
#1301 = PRESENTATION_LAYER_ASSIGNMENT (  '', '', ( #1302 ) ) ;
#1302 = STYLED_ITEM ( 'NONE', ( #1303 ), #226 ) ;
#1303 = PRESENTATION_STYLE_ASSIGNMENT (( #1304 ) ) ;
#1304 = SURFACE_STYLE_USAGE ( .BOTH. , #1305 ) ;
#1305 = SURFACE_SIDE_STYLE ('',( #1306 ) ) ;
#1306 = SURFACE_STYLE_FILL_AREA ( #1307 ) ;
#1307 = FILL_AREA_STYLE ('',( #1314 ) ) ;
#1308 = COLOUR_RGB ( '',0.7529411764705882200, 0.7529411764705882200, 0.7529411764705882200 ) ;
#1309 = FACE_OUTER_BOUND ( 'NONE', #222, .T. ) ;
#1310 = DIRECTION ( 'NONE',  ( 3.491483361109382100E-015, 0.0000000000000000000, 1.000000000000000000 ) ) ;
#1311 = VECTOR ( 'NONE', #1310, 1000.000000000000000 ) ;
#1312 = CARTESIAN_POINT ( 'NONE',  ( 10.46999999999999000, 4.229999999999973800, -7.559999999999987200 ) ) ;
#1313 = LINE ( 'NONE', #1312, #1311 ) ;
#1314 = FILL_AREA_STYLE_COLOUR ( '', #1308 ) ;
#1315 = DIRECTION ( 'NONE',  ( 3.491483361109382100E-015, 0.0000000000000000000, 1.000000000000000000 ) ) ;
#1316 = VECTOR ( 'NONE', #1315, 1000.000000000000000 ) ;
#1317 = CARTESIAN_POINT ( 'NONE',  ( 10.46999999999999000, 5.369999999999973500, -7.559999999999987200 ) ) ;
#1318 = LINE ( 'NONE', #1317, #1316 ) ;
#1319 = DIRECTION ( 'NONE',  ( 1.000000000000000000, 0.0000000000000000000, -3.491483361109382100E-015 ) ) ;
#1320 = DIRECTION ( 'NONE',  ( 0.0000000000000000000, 1.000000000000000000, 0.0000000000000000000 ) ) ;
#1321 = CARTESIAN_POINT ( 'NONE',  ( 9.329999999999989400, 5.369999999999973500, -7.559999999999982700 ) ) ;
#1322 = AXIS2_PLACEMENT_3D ( 'NONE', #1321, #1320, #1319 ) ;
#1323 = PLANE ( 'NONE',  #1322 ) ;
#1324 =( GEOMETRIC_REPRESENTATION_CONTEXT ( 3 ) GLOBAL_UNCERTAINTY_ASSIGNED_CONTEXT ( ( #1325 ) ) GLOBAL_UNIT_ASSIGNED_CONTEXT ( ( #1328, #1327, #1326 ) ) REPRESENTATION_CONTEXT ( 'NONE', 'WORKASPACE' ) );
#1325 = UNCERTAINTY_MEASURE_WITH_UNIT (LENGTH_MEASURE( 1.000000000000000100E-005 ), #1328, 'distance_accuracy_value', 'NONE');
#1326 =( NAMED_UNIT ( * ) SI_UNIT ( $, .STERADIAN. ) SOLID_ANGLE_UNIT ( ) );
#1327 =( NAMED_UNIT ( * ) PLANE_ANGLE_UNIT ( ) SI_UNIT ( $, .RADIAN. ) );
#1328 =( LENGTH_UNIT ( ) NAMED_UNIT ( * ) SI_UNIT ( .MILLI., .METRE. ) );
#1329 = MECHANICAL_DESIGN_GEOMETRIC_PRESENTATION_REPRESENTATION (  '', ( #1272 ), #1324 ) ;
#1330 =( NAMED_UNIT ( * ) SI_UNIT ( $, .STERADIAN. ) SOLID_ANGLE_UNIT ( ) );
#1331 =( NAMED_UNIT ( * ) PLANE_ANGLE_UNIT ( ) SI_UNIT ( $, .RADIAN. ) );
#1332 = EDGE_LOOP ( 'NONE', ( #1170, #3914, #3905, #3971 ) ) ;
#1333 =( LENGTH_UNIT ( ) NAMED_UNIT ( * ) SI_UNIT ( .MILLI., .METRE. ) );
#1334 = MECHANICAL_DESIGN_GEOMETRIC_PRESENTATION_REPRESENTATION (  '', ( #1336 ), #1378 ) ;
#1335 = PRESENTATION_LAYER_ASSIGNMENT (  '', '', ( #1336 ) ) ;
#1336 = STYLED_ITEM ( 'NONE', ( #1337 ), #230 ) ;
#1337 = PRESENTATION_STYLE_ASSIGNMENT (( #1338 ) ) ;
#1338 = SURFACE_STYLE_USAGE ( .BOTH. , #1339 ) ;
#1339 = SURFACE_SIDE_STYLE ('',( #1340 ) ) ;
#1340 = SURFACE_STYLE_FILL_AREA ( #1341 ) ;
#1342 = ORIENTED_EDGE ( 'NONE', *, *, #4001, .F. ) ;
#1341 = FILL_AREA_STYLE ('',( #1349 ) ) ;
#1343 = COLOUR_RGB ( '',0.7529411764705882200, 0.7529411764705882200, 0.7529411764705882200 ) ;
#1344 = FACE_OUTER_BOUND ( 'NONE', #228, .T. ) ;
#1345 = DIRECTION ( 'NONE',  ( 1.902109074535972000E-016, -1.000000000000000000, -6.641182184757512200E-031 ) ) ;
#1346 = DIRECTION ( 'NONE',  ( 1.000000000000000000, 1.902109074535972000E-016, -3.491483361109382100E-015 ) ) ;
#1347 = CARTESIAN_POINT ( 'NONE',  ( 10.46999999999999000, 5.369999999999973500, -7.559999999999987200 ) ) ;
#1348 = AXIS2_PLACEMENT_3D ( 'NONE', #1347, #1346, #1345 ) ;
#1349 = FILL_AREA_STYLE_COLOUR ( '', #1343 ) ;
#1350 = PLANE ( 'NONE',  #1348 ) ;
#1351 =( GEOMETRIC_REPRESENTATION_CONTEXT ( 3 ) GLOBAL_UNCERTAINTY_ASSIGNED_CONTEXT ( ( #1352 ) ) GLOBAL_UNIT_ASSIGNED_CONTEXT ( ( #1355, #1354, #1353 ) ) REPRESENTATION_CONTEXT ( 'NONE', 'WORKASPACE' ) );
#1352 = UNCERTAINTY_MEASURE_WITH_UNIT (LENGTH_MEASURE( 1.000000000000000100E-005 ), #1355, 'distance_accuracy_value', 'NONE');
#1353 =( NAMED_UNIT ( * ) SI_UNIT ( $, .STERADIAN. ) SOLID_ANGLE_UNIT ( ) );
#1354 =( NAMED_UNIT ( * ) PLANE_ANGLE_UNIT ( ) SI_UNIT ( $, .RADIAN. ) );
#1355 =( LENGTH_UNIT ( ) NAMED_UNIT ( * ) SI_UNIT ( .MILLI., .METRE. ) );
#1356 = MECHANICAL_DESIGN_GEOMETRIC_PRESENTATION_REPRESENTATION (  '', ( #1302 ), #1351 ) ;
#1357 =( GEOMETRIC_REPRESENTATION_CONTEXT ( 3 ) GLOBAL_UNCERTAINTY_ASSIGNED_CONTEXT ( ( #1358 ) ) GLOBAL_UNIT_ASSIGNED_CONTEXT ( ( #1361, #1360, #1359 ) ) REPRESENTATION_CONTEXT ( 'NONE', 'WORKASPACE' ) );
#1358 = UNCERTAINTY_MEASURE_WITH_UNIT (LENGTH_MEASURE( 1.000000000000000100E-005 ), #1361, 'distance_accuracy_value', 'NONE');
#1359 =( NAMED_UNIT ( * ) SI_UNIT ( $, .STERADIAN. ) SOLID_ANGLE_UNIT ( ) );
#1360 =( NAMED_UNIT ( * ) PLANE_ANGLE_UNIT ( ) SI_UNIT ( $, .RADIAN. ) );
#1361 =( LENGTH_UNIT ( ) NAMED_UNIT ( * ) SI_UNIT ( .MILLI., .METRE. ) );
#1362 = MECHANICAL_DESIGN_GEOMETRIC_PRESENTATION_REPRESENTATION (  '', ( #1364 ), #1357 ) ;
#1363 = PRESENTATION_LAYER_ASSIGNMENT (  '', '', ( #1364 ) ) ;
#1364 = STYLED_ITEM ( 'NONE', ( #1365 ), #235 ) ;
#1365 = PRESENTATION_STYLE_ASSIGNMENT (( #1366 ) ) ;
#1366 = SURFACE_STYLE_USAGE ( .BOTH. , #1367 ) ;
#1367 = SURFACE_SIDE_STYLE ('',( #1368 ) ) ;
#1368 = SURFACE_STYLE_FILL_AREA ( #1369 ) ;
#1369 = FILL_AREA_STYLE ('',( #1376 ) ) ;
#1370 = COLOUR_RGB ( '',0.7529411764705882200, 0.7529411764705882200, 0.7529411764705882200 ) ;
#1371 = FACE_OUTER_BOUND ( 'NONE', #231, .T. ) ;
#1372 = DIRECTION ( 'NONE',  ( 3.491483361109382100E-015, 0.0000000000000000000, 1.000000000000000000 ) ) ;
#1373 = DIRECTION ( 'NONE',  ( -1.000000000000000000, 0.0000000000000000000, 3.491483361109382100E-015 ) ) ;
#1374 = CARTESIAN_POINT ( 'NONE',  ( 9.329999999999989400, 5.369999999999973500, -7.559999999999982700 ) ) ;
#1375 = AXIS2_PLACEMENT_3D ( 'NONE', #1374, #1373, #1372 ) ;
#1376 = FILL_AREA_STYLE_COLOUR ( '', #1370 ) ;
#1377 = PLANE ( 'NONE',  #1375 ) ;
#1378 =( GEOMETRIC_REPRESENTATION_CONTEXT ( 3 ) GLOBAL_UNCERTAINTY_ASSIGNED_CONTEXT ( ( #1379 ) ) GLOBAL_UNIT_ASSIGNED_CONTEXT ( ( #1333, #1331, #1330 ) ) REPRESENTATION_CONTEXT ( 'NONE', 'WORKASPACE' ) );
#1379 = UNCERTAINTY_MEASURE_WITH_UNIT (LENGTH_MEASURE( 1.000000000000000100E-005 ), #1333, 'distance_accuracy_value', 'NONE');
#1380 =( GEOMETRIC_REPRESENTATION_CONTEXT ( 3 ) GLOBAL_UNCERTAINTY_ASSIGNED_CONTEXT ( ( #1381 ) ) GLOBAL_UNIT_ASSIGNED_CONTEXT ( ( #1384, #1383, #1382 ) ) REPRESENTATION_CONTEXT ( 'NONE', 'WORKASPACE' ) );
#1381 = UNCERTAINTY_MEASURE_WITH_UNIT (LENGTH_MEASURE( 1.000000000000000100E-005 ), #1384, 'distance_accuracy_value', 'NONE');
#1382 =( NAMED_UNIT ( * ) SI_UNIT ( $, .STERADIAN. ) SOLID_ANGLE_UNIT ( ) );
#1383 =( NAMED_UNIT ( * ) PLANE_ANGLE_UNIT ( ) SI_UNIT ( $, .RADIAN. ) );
#1384 =( LENGTH_UNIT ( ) NAMED_UNIT ( * ) SI_UNIT ( .MILLI., .METRE. ) );
#1385 = MECHANICAL_DESIGN_GEOMETRIC_PRESENTATION_REPRESENTATION (  '', ( #1387 ), #1380 ) ;
#1386 = PRESENTATION_LAYER_ASSIGNMENT (  '', '', ( #1387 ) ) ;
#1387 = STYLED_ITEM ( 'NONE', ( #1388 ), #241 ) ;
#1388 = PRESENTATION_STYLE_ASSIGNMENT (( #1389 ) ) ;
#1389 = SURFACE_STYLE_USAGE ( .BOTH. , #1390 ) ;
#1390 = SURFACE_SIDE_STYLE ('',( #1391 ) ) ;
#1391 = SURFACE_STYLE_FILL_AREA ( #1392 ) ;
#1392 = FILL_AREA_STYLE ('',( #1399 ) ) ;
#1393 = COLOUR_RGB ( '',0.7529411764705882200, 0.7529411764705882200, 0.7529411764705882200 ) ;
#1394 = FACE_OUTER_BOUND ( 'NONE', #243, .T. ) ;
#1395 = DIRECTION ( 'NONE',  ( 4.171321041665876800E-031, -1.000000000000000000, 1.194713137725073900E-016 ) ) ;
#1396 = VECTOR ( 'NONE', #1395, 1000.000000000000000 ) ;
#1397 = CARTESIAN_POINT ( 'NONE',  ( -2.550000000000015800, 3.659999999999992100, -9.269999999999917900 ) ) ;
#1398 = LINE ( 'NONE', #1397, #1396 ) ;
#1399 = FILL_AREA_STYLE_COLOUR ( '', #1393 ) ;
#1400 = CARTESIAN_POINT ( 'NONE',  ( -2.550000000000015800, -3.600000000000006800, -9.269999999999917900 ) ) ;
#1401 = CARTESIAN_POINT ( 'NONE',  ( -2.550000000000015800, 3.659999999999992100, -9.269999999999917900 ) ) ;
#1402 = DIRECTION ( 'NONE',  ( 3.491483361109382100E-015, 0.0000000000000000000, 1.000000000000000000 ) ) ;
#1403 = DIRECTION ( 'NONE',  ( -1.000000000000000000, 0.0000000000000000000, 3.491483361109382100E-015 ) ) ;
#1404 = CARTESIAN_POINT ( 'NONE',  ( 9.329999999999989400, 5.369999999999973500, -7.559999999999982700 ) ) ;
#1405 = AXIS2_PLACEMENT_3D ( 'NONE', #1404, #1403, #1402 ) ;
#1406 = PLANE ( 'NONE',  #1405 ) ;
#1407 = STYLED_ITEM ( 'NONE', ( #1408 ), #257 ) ;
#1408 = PRESENTATION_STYLE_ASSIGNMENT (( #1409 ) ) ;
#1409 = SURFACE_STYLE_USAGE ( .BOTH. , #1410 ) ;
#1410 = SURFACE_SIDE_STYLE ('',( #1411 ) ) ;
#1411 = SURFACE_STYLE_FILL_AREA ( #1412 ) ;
#1412 = FILL_AREA_STYLE ('',( #1419 ) ) ;
#1413 = COLOUR_RGB ( '',0.7529411764705882200, 0.7529411764705882200, 0.7529411764705882200 ) ;
#1414 = FACE_OUTER_BOUND ( 'NONE', #265, .T. ) ;
#1415 = DIRECTION ( 'NONE',  ( 3.491483361109382100E-015, 0.0000000000000000000, 1.000000000000000000 ) ) ;
#1416 = VECTOR ( 'NONE', #1415, 1000.000000000000000 ) ;
#1417 = CARTESIAN_POINT ( 'NONE',  ( -2.550000000000010500, 5.369999999999973500, -7.559999999999941000 ) ) ;
#1418 = LINE ( 'NONE', #1417, #1416 ) ;
#1419 = FILL_AREA_STYLE_COLOUR ( '', #1413 ) ;
#1420 = CARTESIAN_POINT ( 'NONE',  ( -2.550000000000012300, 3.660000000000008600, -8.129999999999917300 ) ) ;
#1421 = DIRECTION ( 'NONE',  ( 4.171321041665876800E-031, -1.000000000000000000, 1.194713137725073900E-016 ) ) ;
#1422 = VECTOR ( 'NONE', #1421, 1000.000000000000000 ) ;
#1423 = CARTESIAN_POINT ( 'NONE',  ( -2.550000000000012300, 3.660000000000008600, -8.129999999999917300 ) ) ;
#1424 = LINE ( 'NONE', #1423, #1422 ) ;
#1425 = CARTESIAN_POINT ( 'NONE',  ( -2.550000000000012300, -3.599999999999990300, -8.129999999999915500 ) ) ;
#1426 = DIRECTION ( 'NONE',  ( 3.491483361109382100E-015, 1.437166900243591600E-014, 1.000000000000000000 ) ) ;
#1427 = VECTOR ( 'NONE', #1426, 1000.000000000000000 ) ;
#1428 = CARTESIAN_POINT ( 'NONE',  ( -2.550000000000015800, -3.600000000000006800, -9.269999999999917900 ) ) ;
#1429 = LINE ( 'NONE', #1428, #1427 ) ;
#1430 = DIRECTION ( 'NONE',  ( 3.550603605800551700E-015, 0.0000000000000000000, 1.000000000000000000 ) ) ;
#1431 = DIRECTION ( 'NONE',  ( -1.000000000000000000, 0.0000000000000000000, 3.491483361109382100E-015 ) ) ;
#1432 = CARTESIAN_POINT ( 'NONE',  ( -2.550000000000010500, 3.660000000000007200, -7.559999999999950800 ) ) ;
#1433 = AXIS2_PLACEMENT_3D ( 'NONE', #1432, #1431, #1430 ) ;
#1434 = CIRCLE ( 'NONE', #1433, 1.709999999999966700 ) ;
#1435 = DIRECTION ( 'NONE',  ( 3.491483361109382100E-015, 0.0000000000000000000, 1.000000000000000000 ) ) ;
#1436 = VECTOR ( 'NONE', #1435, 1000.000000000000000 ) ;
#1437 = CARTESIAN_POINT ( 'NONE',  ( -2.550000000000010500, 5.369999999999973500, -7.559999999999941000 ) ) ;
#1438 = LINE ( 'NONE', #1437, #1436 ) ;
#1439 = CARTESIAN_POINT ( 'NONE',  ( -2.550000000000010500, 5.369999999999973500, -7.559999999999941000 ) ) ;
#1440 = DIRECTION ( 'NONE',  ( 1.902109074535972000E-016, -1.000000000000000000, -6.641182184757512200E-031 ) ) ;
#1441 = DIRECTION ( 'NONE',  ( 1.000000000000000000, 1.902109074535972000E-016, -3.491483361109382100E-015 ) ) ;
#1442 = CARTESIAN_POINT ( 'NONE',  ( -1.410000000000010100, 5.369999999999973500, -7.559999999999945400 ) ) ;
#1443 = AXIS2_PLACEMENT_3D ( 'NONE', #1442, #1441, #1440 ) ;
#1444 = PLANE ( 'NONE',  #1443 ) ;
#1445 =( NAMED_UNIT ( * ) PLANE_ANGLE_UNIT ( ) SI_UNIT ( $, .RADIAN. ) );
#1446 =( LENGTH_UNIT ( ) NAMED_UNIT ( * ) SI_UNIT ( .MILLI., .METRE. ) );
#1447 = MECHANICAL_DESIGN_GEOMETRIC_PRESENTATION_REPRESENTATION (  '', ( #1449 ), #1498 ) ;
#1448 = PRESENTATION_LAYER_ASSIGNMENT (  '', '', ( #1449 ) ) ;
#1449 = STYLED_ITEM ( 'NONE', ( #1450 ), #263 ) ;
#1450 = PRESENTATION_STYLE_ASSIGNMENT (( #1451 ) ) ;
#1451 = SURFACE_STYLE_USAGE ( .BOTH. , #1452 ) ;
#1452 = SURFACE_SIDE_STYLE ('',( #1453 ) ) ;
#1453 = SURFACE_STYLE_FILL_AREA ( #1454 ) ;
#1454 = FILL_AREA_STYLE ('',( #1461 ) ) ;
#1455 = COLOUR_RGB ( '',0.7529411764705882200, 0.7529411764705882200, 0.7529411764705882200 ) ;
#1456 = FACE_OUTER_BOUND ( 'NONE', #258, .T. ) ;
#1457 = DIRECTION ( 'NONE',  ( 3.491483361109382100E-015, 0.0000000000000000000, 1.000000000000000000 ) ) ;
#1458 = DIRECTION ( 'NONE',  ( -1.000000000000000000, 0.0000000000000000000, 3.491483361109382100E-015 ) ) ;
#1459 = CARTESIAN_POINT ( 'NONE',  ( -2.550000000000010500, 5.369999999999973500, -7.559999999999941000 ) ) ;
#1460 = AXIS2_PLACEMENT_3D ( 'NONE', #1459, #1458, #1457 ) ;
#1461 = FILL_AREA_STYLE_COLOUR ( '', #1455 ) ;
#1462 = PLANE ( 'NONE',  #1460 ) ;
#1463 =( GEOMETRIC_REPRESENTATION_CONTEXT ( 3 ) GLOBAL_UNCERTAINTY_ASSIGNED_CONTEXT ( ( #1464 ) ) GLOBAL_UNIT_ASSIGNED_CONTEXT ( ( #1467, #1466, #1465 ) ) REPRESENTATION_CONTEXT ( 'NONE', 'WORKASPACE' ) );
#1464 = UNCERTAINTY_MEASURE_WITH_UNIT (LENGTH_MEASURE( 1.000000000000000100E-005 ), #1467, 'distance_accuracy_value', 'NONE');
#1465 =( NAMED_UNIT ( * ) SI_UNIT ( $, .STERADIAN. ) SOLID_ANGLE_UNIT ( ) );
#1466 =( NAMED_UNIT ( * ) PLANE_ANGLE_UNIT ( ) SI_UNIT ( $, .RADIAN. ) );
#1467 =( LENGTH_UNIT ( ) NAMED_UNIT ( * ) SI_UNIT ( .MILLI., .METRE. ) );
#1468 = MECHANICAL_DESIGN_GEOMETRIC_PRESENTATION_REPRESENTATION (  '', ( #1407 ), #1463 ) ;
#1469 = PRESENTATION_LAYER_ASSIGNMENT (  '', '', ( #1407 ) ) ;
#1470 = STYLED_ITEM ( 'NONE', ( #1471 ), #275 ) ;
#1471 = PRESENTATION_STYLE_ASSIGNMENT (( #1472 ) ) ;
#1472 = SURFACE_STYLE_USAGE ( .BOTH. , #1473 ) ;
#1473 = SURFACE_SIDE_STYLE ('',( #1474 ) ) ;
#1474 = SURFACE_STYLE_FILL_AREA ( #1475 ) ;
#1475 = FILL_AREA_STYLE ('',( #1482 ) ) ;
#1476 = COLOUR_RGB ( '',0.7529411764705882200, 0.7529411764705882200, 0.7529411764705882200 ) ;
#1477 = FACE_OUTER_BOUND ( 'NONE', #267, .T. ) ;
#1478 = DIRECTION ( 'NONE',  ( 3.491483361109382100E-015, 0.0000000000000000000, 1.000000000000000000 ) ) ;
#1479 = VECTOR ( 'NONE', #1478, 1000.000000000000000 ) ;
#1480 = CARTESIAN_POINT ( 'NONE',  ( -1.410000000000010100, 5.369999999999973500, -7.559999999999945400 ) ) ;
#1481 = LINE ( 'NONE', #1480, #1479 ) ;
#1482 = FILL_AREA_STYLE_COLOUR ( '', #1476 ) ;
#1483 = CARTESIAN_POINT ( 'NONE',  ( -1.410000000000010100, 5.369999999999973500, -7.559999999999945400 ) ) ;
#1484 = DIRECTION ( 'NONE',  ( 3.804218149072169900E-015, 0.0000000000000000000, 1.000000000000000000 ) ) ;
#1485 = DIRECTION ( 'NONE',  ( -1.000000000000000000, 0.0000000000000000000, 3.491483361109382100E-015 ) ) ;
#1486 = CARTESIAN_POINT ( 'NONE',  ( -2.550000000000010500, 3.660000000000007200, -7.559999999999950800 ) ) ;
#1487 = AXIS2_PLACEMENT_3D ( 'NONE', #1486, #1485, #1484 ) ;
#1488 = CIRCLE ( 'NONE', #1487, 0.5699999999999663100 ) ;
#1489 = DIRECTION ( 'NONE',  ( 3.491483361109382100E-015, 0.0000000000000000000, 1.000000000000000000 ) ) ;
#1490 = VECTOR ( 'NONE', #1489, 1000.000000000000000 ) ;
#1491 = CARTESIAN_POINT ( 'NONE',  ( -2.550000000000010500, 4.229999999999973800, -7.559999999999941000 ) ) ;
#1492 = LINE ( 'NONE', #1491, #1490 ) ;
#1493 = DIRECTION ( 'NONE',  ( 3.491483361109382100E-015, 0.0000000000000000000, 1.000000000000000000 ) ) ;
#1494 = DIRECTION ( 'NONE',  ( -1.000000000000000000, 0.0000000000000000000, 3.491483361109382100E-015 ) ) ;
#1495 = CARTESIAN_POINT ( 'NONE',  ( -2.550000000000010500, 5.369999999999973500, -7.559999999999941000 ) ) ;
#1496 = AXIS2_PLACEMENT_3D ( 'NONE', #1495, #1494, #1493 ) ;
#1497 = PLANE ( 'NONE',  #1496 ) ;
#1498 =( GEOMETRIC_REPRESENTATION_CONTEXT ( 3 ) GLOBAL_UNCERTAINTY_ASSIGNED_CONTEXT ( ( #1499 ) ) GLOBAL_UNIT_ASSIGNED_CONTEXT ( ( #1446, #1445, #1500 ) ) REPRESENTATION_CONTEXT ( 'NONE', 'WORKASPACE' ) );
#1499 = UNCERTAINTY_MEASURE_WITH_UNIT (LENGTH_MEASURE( 1.000000000000000100E-005 ), #1446, 'distance_accuracy_value', 'NONE');
#1500 =( NAMED_UNIT ( * ) SI_UNIT ( $, .STERADIAN. ) SOLID_ANGLE_UNIT ( ) );
#1501 = CARTESIAN_POINT ( 'NONE',  ( -1.410000000000015500, -3.600000000000006800, -9.269999999999921400 ) ) ;
#1502 = LINE ( 'NONE', #1501, #1556 ) ;
#1503 = DIRECTION ( 'NONE',  ( 4.171321041665876800E-031, -1.000000000000000000, 1.194713137725073900E-016 ) ) ;
#1504 = VECTOR ( 'NONE', #1503, 1000.000000000000000 ) ;
#1505 = CARTESIAN_POINT ( 'NONE',  ( -1.410000000000011900, 3.660000000000008600, -8.129999999999920800 ) ) ;
#1506 = LINE ( 'NONE', #1505, #1504 ) ;
#1507 = CARTESIAN_POINT ( 'NONE',  ( -1.410000000000011900, -3.599999999999990300, -8.129999999999920800 ) ) ;
#1508 = DIRECTION ( 'NONE',  ( -1.000000000000000000, 0.0000000000000000000, 3.491483361109382100E-015 ) ) ;
#1509 = VECTOR ( 'NONE', #1508, 1000.000000000000000 ) ;
#1510 = CARTESIAN_POINT ( 'NONE',  ( -2.550000000000010500, 5.369999999999973500, -7.559999999999941000 ) ) ;
#1511 = LINE ( 'NONE', #1510, #1509 ) ;
#1512 = DIRECTION ( 'NONE',  ( 1.000000000000000000, 0.0000000000000000000, -3.491483361109382100E-015 ) ) ;
#1513 = DIRECTION ( 'NONE',  ( 0.0000000000000000000, 1.000000000000000000, 0.0000000000000000000 ) ) ;
#1514 = CARTESIAN_POINT ( 'NONE',  ( -2.550000000000010500, 5.369999999999973500, -7.559999999999941000 ) ) ;
#1515 = AXIS2_PLACEMENT_3D ( 'NONE', #1514, #1513, #1512 ) ;
#1516 = PLANE ( 'NONE',  #1515 ) ;
#1517 =( GEOMETRIC_REPRESENTATION_CONTEXT ( 3 ) GLOBAL_UNCERTAINTY_ASSIGNED_CONTEXT ( ( #1518 ) ) GLOBAL_UNIT_ASSIGNED_CONTEXT ( ( #1521, #1520, #1519 ) ) REPRESENTATION_CONTEXT ( 'NONE', 'WORKASPACE' ) );
#1518 = UNCERTAINTY_MEASURE_WITH_UNIT (LENGTH_MEASURE( 1.000000000000000100E-005 ), #1521, 'distance_accuracy_value', 'NONE');
#1519 =( NAMED_UNIT ( * ) SI_UNIT ( $, .STERADIAN. ) SOLID_ANGLE_UNIT ( ) );
#1520 =( NAMED_UNIT ( * ) PLANE_ANGLE_UNIT ( ) SI_UNIT ( $, .RADIAN. ) );
#1521 =( LENGTH_UNIT ( ) NAMED_UNIT ( * ) SI_UNIT ( .MILLI., .METRE. ) );
#1522 = MECHANICAL_DESIGN_GEOMETRIC_PRESENTATION_REPRESENTATION (  '', ( #1470 ), #1517 ) ;
#1523 = PRESENTATION_LAYER_ASSIGNMENT (  '', '', ( #1470 ) ) ;
#1524 = UNCERTAINTY_MEASURE_WITH_UNIT (LENGTH_MEASURE( 1.000000000000000100E-005 ), #1527, 'distance_accuracy_value', 'NONE');
#1525 =( NAMED_UNIT ( * ) SI_UNIT ( $, .STERADIAN. ) SOLID_ANGLE_UNIT ( ) );
#1526 =( NAMED_UNIT ( * ) PLANE_ANGLE_UNIT ( ) SI_UNIT ( $, .RADIAN. ) );
#1527 =( LENGTH_UNIT ( ) NAMED_UNIT ( * ) SI_UNIT ( .MILLI., .METRE. ) );
#1528 = MECHANICAL_DESIGN_GEOMETRIC_PRESENTATION_REPRESENTATION (  '', ( #1530 ), #1586 ) ;
#1529 = PRESENTATION_LAYER_ASSIGNMENT (  '', '', ( #1530 ) ) ;
#1530 = STYLED_ITEM ( 'NONE', ( #1531 ), #297 ) ;
#1531 = PRESENTATION_STYLE_ASSIGNMENT (( #1532 ) ) ;
#1532 = SURFACE_STYLE_USAGE ( .BOTH. , #1533 ) ;
#1533 = SURFACE_SIDE_STYLE ('',( #1534 ) ) ;
#1534 = SURFACE_STYLE_FILL_AREA ( #1535 ) ;
#1535 = FILL_AREA_STYLE ('',( #1537 ) ) ;
#1536 = COLOUR_RGB ( '',0.7529411764705882200, 0.7529411764705882200, 0.7529411764705882200 ) ;
#1537 = FILL_AREA_STYLE_COLOUR ( '', #1536 ) ;
#1538 = FACE_OUTER_BOUND ( 'NONE', #293, .T. ) ;
#1539 = CARTESIAN_POINT ( 'NONE',  ( -1.410000000000015500, 3.659999999999992100, -9.269999999999921400 ) ) ;
#1540 = DIRECTION ( 'NONE',  ( 1.000000000000000000, 0.0000000000000000000, -3.491483361109382100E-015 ) ) ;
#1541 = VECTOR ( 'NONE', #1540, 1000.000000000000000 ) ;
#1542 = CARTESIAN_POINT ( 'NONE',  ( -2.550000000000010500, 4.229999999999973800, -7.559999999999941000 ) ) ;
#1543 = LINE ( 'NONE', #1542, #1541 ) ;
#1544 = DIRECTION ( 'NONE',  ( 3.491483361109382100E-015, 0.0000000000000000000, 1.000000000000000000 ) ) ;
#1545 = VECTOR ( 'NONE', #1544, 1000.000000000000000 ) ;
#1546 = CARTESIAN_POINT ( 'NONE',  ( -1.410000000000010100, 4.229999999999973800, -7.559999999999945400 ) ) ;
#1547 = LINE ( 'NONE', #1546, #1545 ) ;
#1548 = CARTESIAN_POINT ( 'NONE',  ( -1.410000000000010100, 4.229999999999973800, -7.559999999999945400 ) ) ;
#1549 = DIRECTION ( 'NONE',  ( 3.423796334164953300E-015, 0.0000000000000000000, 1.000000000000000000 ) ) ;
#1550 = DIRECTION ( 'NONE',  ( -1.000000000000000000, 0.0000000000000000000, 3.491483361109382100E-015 ) ) ;
#1551 = CARTESIAN_POINT ( 'NONE',  ( -1.410000000000010100, 3.660000000000007200, -7.559999999999954300 ) ) ;
#1552 = AXIS2_PLACEMENT_3D ( 'NONE', #1551, #1550, #1549 ) ;
#1553 = CIRCLE ( 'NONE', #1552, 0.5699999999999663100 ) ;
#1554 = CARTESIAN_POINT ( 'NONE',  ( -1.410000000000011900, 3.660000000000008600, -8.129999999999920800 ) ) ;
#1555 = DIRECTION ( 'NONE',  ( -3.681694268562979500E-015, -1.437166900243591600E-014, -1.000000000000000000 ) ) ;
#1556 = VECTOR ( 'NONE', #1555, 1000.000000000000000 ) ;
#1557 =( NAMED_UNIT ( * ) PLANE_ANGLE_UNIT ( ) SI_UNIT ( $, .RADIAN. ) );
#1558 =( LENGTH_UNIT ( ) NAMED_UNIT ( * ) SI_UNIT ( .MILLI., .METRE. ) );
#1559 = MECHANICAL_DESIGN_GEOMETRIC_PRESENTATION_REPRESENTATION (  '', ( #1561 ), #1613 ) ;
#1560 = PRESENTATION_LAYER_ASSIGNMENT (  '', '', ( #1561 ) ) ;
#1561 = STYLED_ITEM ( 'NONE', ( #1562 ), #307 ) ;
#1562 = PRESENTATION_STYLE_ASSIGNMENT (( #1563 ) ) ;
#1563 = SURFACE_STYLE_USAGE ( .BOTH. , #1564 ) ;
#1564 = SURFACE_SIDE_STYLE ('',( #1565 ) ) ;
#1565 = SURFACE_STYLE_FILL_AREA ( #1566 ) ;
#1566 = FILL_AREA_STYLE ('',( #1574 ) ) ;
#1567 = COLOUR_RGB ( '',0.7529411764705882200, 0.7529411764705882200, 0.7529411764705882200 ) ;
#1568 = FACE_OUTER_BOUND ( 'NONE', #306, .T. ) ;
#1569 = DIRECTION ( 'NONE',  ( 3.550603605800551700E-015, 0.0000000000000000000, 1.000000000000000000 ) ) ;
#1570 = DIRECTION ( 'NONE',  ( -1.000000000000000000, 0.0000000000000000000, 3.491483361109382100E-015 ) ) ;
#1571 = CARTESIAN_POINT ( 'NONE',  ( -1.410000000000010100, 3.660000000000007200, -7.559999999999954300 ) ) ;
#1572 = AXIS2_PLACEMENT_3D ( 'NONE', #1571, #1570, #1569 ) ;
#1573 = CIRCLE ( 'NONE', #1572, 1.709999999999966700 ) ;
#1574 = FILL_AREA_STYLE_COLOUR ( '', #1567 ) ;
#1575 = DIRECTION ( 'NONE',  ( -3.491483361109382100E-015, -5.167261417803254300E-015, -1.000000000000000000 ) ) ;
#1576 = DIRECTION ( 'NONE',  ( 1.804140726276253800E-029, -1.000000000000000000, 5.167261417803254300E-015 ) ) ;
#1577 = CARTESIAN_POINT ( 'NONE',  ( 10.60000000000000000, 6.799999999999959000, -4.699999999999995700 ) ) ;
#1578 = AXIS2_PLACEMENT_3D ( 'NONE', #1577, #1576, #1575 ) ;
#1579 = PLANE ( 'NONE',  #1578 ) ;
#1580 = FACE_OUTER_BOUND ( 'NONE', #298, .T. ) ;
#1581 = DIRECTION ( 'NONE',  ( -1.000000000000000000, 0.0000000000000000000, 3.491483361109382100E-015 ) ) ;
#1582 = DIRECTION ( 'NONE',  ( 0.0000000000000000000, -1.000000000000000000, 0.0000000000000000000 ) ) ;
#1583 = CARTESIAN_POINT ( 'NONE',  ( -2.550000000000010500, 4.229999999999973800, -7.559999999999941000 ) ) ;
#1584 = AXIS2_PLACEMENT_3D ( 'NONE', #1583, #1582, #1581 ) ;
#1585 = PLANE ( 'NONE',  #1584 ) ;
#1586 =( GEOMETRIC_REPRESENTATION_CONTEXT ( 3 ) GLOBAL_UNCERTAINTY_ASSIGNED_CONTEXT ( ( #1524 ) ) GLOBAL_UNIT_ASSIGNED_CONTEXT ( ( #1527, #1526, #1525 ) ) REPRESENTATION_CONTEXT ( 'NONE', 'WORKASPACE' ) );
#1587 =( NAMED_UNIT ( * ) PLANE_ANGLE_UNIT ( ) SI_UNIT ( $, .RADIAN. ) );
#1588 =( LENGTH_UNIT ( ) NAMED_UNIT ( * ) SI_UNIT ( .MILLI., .METRE. ) );
#1589 = MECHANICAL_DESIGN_GEOMETRIC_PRESENTATION_REPRESENTATION (  '', ( #1591 ), #1642 ) ;
#1590 = PRESENTATION_LAYER_ASSIGNMENT (  '', '', ( #1591 ) ) ;
#1591 = STYLED_ITEM ( 'NONE', ( #1592 ), #316 ) ;
#1592 = PRESENTATION_STYLE_ASSIGNMENT (( #1593 ) ) ;
#1593 = SURFACE_STYLE_USAGE ( .BOTH. , #1594 ) ;
#1594 = SURFACE_SIDE_STYLE ('',( #1595 ) ) ;
#1595 = SURFACE_STYLE_FILL_AREA ( #1596 ) ;
#1596 = FILL_AREA_STYLE ('',( #1603 ) ) ;
#1597 = COLOUR_RGB ( '',0.7529411764705882200, 0.7529411764705882200, 0.7529411764705882200 ) ;
#1598 = FACE_OUTER_BOUND ( 'NONE', #315, .T. ) ;
#1599 = DIRECTION ( 'NONE',  ( 1.000000000000000000, 0.0000000000000000000, -3.491483361109382100E-015 ) ) ;
#1600 = VECTOR ( 'NONE', #1599, 1000.000000000000000 ) ;
#1601 = CARTESIAN_POINT ( 'NONE',  ( 9.329999999999987600, 3.660000000000008600, -8.129999999999958100 ) ) ;
#1602 = LINE ( 'NONE', #1601, #1600 ) ;
#1603 = FILL_AREA_STYLE_COLOUR ( '', #1597 ) ;
#1604 = DIRECTION ( 'NONE',  ( -1.000000000000000000, 0.0000000000000000000, 3.491483361109382100E-015 ) ) ;
#1605 = VECTOR ( 'NONE', #1604, 1000.000000000000000 ) ;
#1606 = CARTESIAN_POINT ( 'NONE',  ( 9.329999999999989400, 5.369999999999973500, -7.559999999999982700 ) ) ;
#1607 = LINE ( 'NONE', #1606, #1605 ) ;
#1608 = DIRECTION ( 'NONE',  ( 1.902109074535972000E-016, -1.000000000000000000, -6.641182184757512200E-031 ) ) ;
#1609 = DIRECTION ( 'NONE',  ( 1.000000000000000000, 1.902109074535972000E-016, -3.491483361109382100E-015 ) ) ;
#1610 = CARTESIAN_POINT ( 'NONE',  ( 10.46999999999999000, 5.369999999999973500, -7.559999999999987200 ) ) ;
#1611 = AXIS2_PLACEMENT_3D ( 'NONE', #1610, #1609, #1608 ) ;
#1612 = PLANE ( 'NONE',  #1611 ) ;
#1613 =( GEOMETRIC_REPRESENTATION_CONTEXT ( 3 ) GLOBAL_UNCERTAINTY_ASSIGNED_CONTEXT ( ( #1614 ) ) GLOBAL_UNIT_ASSIGNED_CONTEXT ( ( #1558, #1557, #1615 ) ) REPRESENTATION_CONTEXT ( 'NONE', 'WORKASPACE' ) );
#1614 = UNCERTAINTY_MEASURE_WITH_UNIT (LENGTH_MEASURE( 1.000000000000000100E-005 ), #1558, 'distance_accuracy_value', 'NONE');
#1615 =( NAMED_UNIT ( * ) SI_UNIT ( $, .STERADIAN. ) SOLID_ANGLE_UNIT ( ) );
#1616 =( LENGTH_UNIT ( ) NAMED_UNIT ( * ) SI_UNIT ( .MILLI., .METRE. ) );
#1617 = MECHANICAL_DESIGN_GEOMETRIC_PRESENTATION_REPRESENTATION (  '', ( #1619 ), #1666 ) ;
#1618 = PRESENTATION_LAYER_ASSIGNMENT (  '', '', ( #1619 ) ) ;
#1619 = STYLED_ITEM ( 'NONE', ( #1620 ), #329 ) ;
#1620 = PRESENTATION_STYLE_ASSIGNMENT (( #1621 ) ) ;
#1621 = SURFACE_STYLE_USAGE ( .BOTH. , #1622 ) ;
#1622 = SURFACE_SIDE_STYLE ('',( #1623 ) ) ;
#1623 = SURFACE_STYLE_FILL_AREA ( #1624 ) ;
#1624 = FILL_AREA_STYLE ('',( #1631 ) ) ;
#1625 = COLOUR_RGB ( '',0.7529411764705882200, 0.7529411764705882200, 0.7529411764705882200 ) ;
#1626 = FACE_OUTER_BOUND ( 'NONE', #330, .T. ) ;
#1627 = DIRECTION ( 'NONE',  ( 0.0000000000000000000, -1.000000000000000000, 0.0000000000000000000 ) ) ;
#1628 = VECTOR ( 'NONE', #1627, 1000.000000000000000 ) ;
#1629 = CARTESIAN_POINT ( 'NONE',  ( 5.370000000000038300, 5.369999999999973500, 6.200000000000024200 ) ) ;
#1630 = LINE ( 'NONE', #1629, #1628 ) ;
#1631 = FILL_AREA_STYLE_COLOUR ( '', #1625 ) ;
#1632 = CARTESIAN_POINT ( 'NONE',  ( 5.370000000000038300, 5.369999999999973500, 6.200000000000024200 ) ) ;
#1633 = DIRECTION ( 'NONE',  ( -1.000000000000000000, 0.0000000000000000000, 3.491483361109382100E-015 ) ) ;
#1634 = VECTOR ( 'NONE', #1633, 1000.000000000000000 ) ;
#1635 = CARTESIAN_POINT ( 'NONE',  ( 9.329999999999984100, -3.600000000000006800, -9.269999999999958700 ) ) ;
#1636 = LINE ( 'NONE', #1635, #1634 ) ;
#1637 = DIRECTION ( 'NONE',  ( -4.171321041665876800E-031, 1.000000000000000000, -1.194713137725073900E-016 ) ) ;
#1638 = DIRECTION ( 'NONE',  ( -3.491483361109382100E-015, -1.194713137725073900E-016, -1.000000000000000000 ) ) ;
#1639 = CARTESIAN_POINT ( 'NONE',  ( 9.329999999999987600, 3.660000000000008600, -8.129999999999958100 ) ) ;
#1640 = AXIS2_PLACEMENT_3D ( 'NONE', #1639, #1638, #1637 ) ;
#1641 = PLANE ( 'NONE',  #1640 ) ;
#1642 =( GEOMETRIC_REPRESENTATION_CONTEXT ( 3 ) GLOBAL_UNCERTAINTY_ASSIGNED_CONTEXT ( ( #1643 ) ) GLOBAL_UNIT_ASSIGNED_CONTEXT ( ( #1588, #1587, #1644 ) ) REPRESENTATION_CONTEXT ( 'NONE', 'WORKASPACE' ) );
#1643 = UNCERTAINTY_MEASURE_WITH_UNIT (LENGTH_MEASURE( 1.000000000000000100E-005 ), #1588, 'distance_accuracy_value', 'NONE');
#1644 =( NAMED_UNIT ( * ) SI_UNIT ( $, .STERADIAN. ) SOLID_ANGLE_UNIT ( ) );
#1645 = UNCERTAINTY_MEASURE_WITH_UNIT (LENGTH_MEASURE( 1.000000000000000100E-005 ), #1648, 'distance_accuracy_value', 'NONE');
#1646 =( NAMED_UNIT ( * ) SI_UNIT ( $, .STERADIAN. ) SOLID_ANGLE_UNIT ( ) );
#1647 =( NAMED_UNIT ( * ) PLANE_ANGLE_UNIT ( ) SI_UNIT ( $, .RADIAN. ) );
#1648 =( LENGTH_UNIT ( ) NAMED_UNIT ( * ) SI_UNIT ( .MILLI., .METRE. ) );
#1649 = MECHANICAL_DESIGN_GEOMETRIC_PRESENTATION_REPRESENTATION (  '', ( #1651 ), #1697 ) ;
#1650 = PRESENTATION_LAYER_ASSIGNMENT (  '', '', ( #1651 ) ) ;
#1651 = STYLED_ITEM ( 'NONE', ( #1652 ), #334 ) ;
#1652 = PRESENTATION_STYLE_ASSIGNMENT (( #1653 ) ) ;
#1653 = SURFACE_STYLE_USAGE ( .BOTH. , #1654 ) ;
#1654 = SURFACE_SIDE_STYLE ('',( #1655 ) ) ;
#1655 = SURFACE_STYLE_FILL_AREA ( #1656 ) ;
#1656 = FILL_AREA_STYLE ('',( #1663 ) ) ;
#1657 = COLOUR_RGB ( '',0.7529411764705882200, 0.7529411764705882200, 0.7529411764705882200 ) ;
#1658 = FACE_OUTER_BOUND ( 'NONE', #407, .T. ) ;
#1659 = DIRECTION ( 'NONE',  ( 1.000000000000000000, 0.0000000000000000000, -3.491483361109382100E-015 ) ) ;
#1660 = DIRECTION ( 'NONE',  ( 3.491483361109382100E-015, 0.0000000000000000000, 1.000000000000000000 ) ) ;
#1661 = CARTESIAN_POINT ( 'NONE',  ( 5.370000000000038300, 4.229999999999973800, 6.200000000000024200 ) ) ;
#1662 = AXIS2_PLACEMENT_3D ( 'NONE', #1661, #1660, #1659 ) ;
#1663 = FILL_AREA_STYLE_COLOUR ( '', #1657 ) ;
#1664 = EDGE_CURVE ( 'NONE', #352, #3987, #2822, .T. ) ;
#1665 = PLANE ( 'NONE',  #1662 ) ;
#1666 =( GEOMETRIC_REPRESENTATION_CONTEXT ( 3 ) GLOBAL_UNCERTAINTY_ASSIGNED_CONTEXT ( ( #1668 ) ) GLOBAL_UNIT_ASSIGNED_CONTEXT ( ( #1616, #1150, #1669 ) ) REPRESENTATION_CONTEXT ( 'NONE', 'WORKASPACE' ) );
#1667 = ORIENTED_EDGE ( 'NONE', *, *, #523, .T. ) ;
#1668 = UNCERTAINTY_MEASURE_WITH_UNIT (LENGTH_MEASURE( 1.000000000000000100E-005 ), #1616, 'distance_accuracy_value', 'NONE');
#1669 =( NAMED_UNIT ( * ) SI_UNIT ( $, .STERADIAN. ) SOLID_ANGLE_UNIT ( ) );
#1670 = CARTESIAN_POINT ( 'NONE',  ( 10.60000000000002500, 8.499999999999998200, 2.500000000000005800 ) ) ;
#1671 = DIRECTION ( 'NONE',  ( 4.171321041665876800E-031, -1.000000000000000000, 1.194713137725073900E-016 ) ) ;
#1672 = DIRECTION ( 'NONE',  ( 3.491483361109382100E-015, 1.194713137725073900E-016, 1.000000000000000000 ) ) ;
#1673 = CARTESIAN_POINT ( 'NONE',  ( 9.329999999999984100, 3.659999999999992100, -9.269999999999958700 ) ) ;
#1674 = AXIS2_PLACEMENT_3D ( 'NONE', #1673, #1672, #1671 ) ;
#1675 = PLANE ( 'NONE',  #1674 ) ;
#1676 =( GEOMETRIC_REPRESENTATION_CONTEXT ( 3 ) GLOBAL_UNCERTAINTY_ASSIGNED_CONTEXT ( ( #1677 ) ) GLOBAL_UNIT_ASSIGNED_CONTEXT ( ( #1680, #1679, #1678 ) ) REPRESENTATION_CONTEXT ( 'NONE', 'WORKASPACE' ) );
#1677 = UNCERTAINTY_MEASURE_WITH_UNIT (LENGTH_MEASURE( 1.000000000000000100E-005 ), #1680, 'distance_accuracy_value', 'NONE');
#1678 =( NAMED_UNIT ( * ) SI_UNIT ( $, .STERADIAN. ) SOLID_ANGLE_UNIT ( ) );
#1679 =( NAMED_UNIT ( * ) PLANE_ANGLE_UNIT ( ) SI_UNIT ( $, .RADIAN. ) );
#1680 =( LENGTH_UNIT ( ) NAMED_UNIT ( * ) SI_UNIT ( .MILLI., .METRE. ) );
#1681 = MECHANICAL_DESIGN_GEOMETRIC_PRESENTATION_REPRESENTATION (  '', ( #1683 ), #1676 ) ;
#1682 = PRESENTATION_LAYER_ASSIGNMENT (  '', '', ( #1683 ) ) ;
#1683 = STYLED_ITEM ( 'NONE', ( #1684 ), #335 ) ;
#1684 = PRESENTATION_STYLE_ASSIGNMENT (( #1685 ) ) ;
#1685 = SURFACE_STYLE_USAGE ( .BOTH. , #1686 ) ;
#1686 = SURFACE_SIDE_STYLE ('',( #1687 ) ) ;
#1687 = SURFACE_STYLE_FILL_AREA ( #1688 ) ;
#1688 = FILL_AREA_STYLE ('',( #1695 ) ) ;
#1689 = COLOUR_RGB ( '',0.7529411764705882200, 0.7529411764705882200, 0.7529411764705882200 ) ;
#1690 = FACE_OUTER_BOUND ( 'NONE', #4179, .T. ) ;
#1691 = DIRECTION ( 'NONE',  ( -1.000000000000000000, 0.0000000000000000000, 3.491483361109382100E-015 ) ) ;
#1692 = DIRECTION ( 'NONE',  ( 0.0000000000000000000, -1.000000000000000000, 0.0000000000000000000 ) ) ;
#1693 = CARTESIAN_POINT ( 'NONE',  ( -10.47000000000001100, 4.229999999999973800, -7.559999999999913500 ) ) ;
#1694 = AXIS2_PLACEMENT_3D ( 'NONE', #1693, #1692, #1691 ) ;
#1695 = FILL_AREA_STYLE_COLOUR ( '', #1689 ) ;
#1696 = PLANE ( 'NONE',  #1694 ) ;
#1697 =( GEOMETRIC_REPRESENTATION_CONTEXT ( 3 ) GLOBAL_UNCERTAINTY_ASSIGNED_CONTEXT ( ( #1645 ) ) GLOBAL_UNIT_ASSIGNED_CONTEXT ( ( #1648, #1647, #1646 ) ) REPRESENTATION_CONTEXT ( 'NONE', 'WORKASPACE' ) );
#1698 = UNCERTAINTY_MEASURE_WITH_UNIT (LENGTH_MEASURE( 1.000000000000000100E-005 ), #1701, 'distance_accuracy_value', 'NONE');
#1699 =( NAMED_UNIT ( * ) SI_UNIT ( $, .STERADIAN. ) SOLID_ANGLE_UNIT ( ) );
#1700 =( NAMED_UNIT ( * ) PLANE_ANGLE_UNIT ( ) SI_UNIT ( $, .RADIAN. ) );
#1701 =( LENGTH_UNIT ( ) NAMED_UNIT ( * ) SI_UNIT ( .MILLI., .METRE. ) );
#1702 = MECHANICAL_DESIGN_GEOMETRIC_PRESENTATION_REPRESENTATION (  '', ( #1704 ), #1757 ) ;
#1703 = PRESENTATION_LAYER_ASSIGNMENT (  '', '', ( #1704 ) ) ;
#1704 = STYLED_ITEM ( 'NONE', ( #1705 ), #349 ) ;
#1705 = PRESENTATION_STYLE_ASSIGNMENT (( #1706 ) ) ;
#1706 = SURFACE_STYLE_USAGE ( .BOTH. , #1707 ) ;
#1707 = SURFACE_SIDE_STYLE ('',( #1708 ) ) ;
#1708 = SURFACE_STYLE_FILL_AREA ( #1709 ) ;
#1709 = FILL_AREA_STYLE ('',( #1716 ) ) ;
#1710 = COLOUR_RGB ( '',0.7529411764705882200, 0.7529411764705882200, 0.7529411764705882200 ) ;
#1711 = FACE_OUTER_BOUND ( 'NONE', #92, .T. ) ;
#1712 = DIRECTION ( 'NONE',  ( 4.171321041665876800E-031, -1.000000000000000000, 1.194713137725073900E-016 ) ) ;
#1713 = VECTOR ( 'NONE', #1712, 1000.000000000000000 ) ;
#1714 = CARTESIAN_POINT ( 'NONE',  ( -10.47000000000001100, 3.660000000000008600, -8.129999999999888900 ) ) ;
#1715 = LINE ( 'NONE', #1714, #1713 ) ;
#1716 = FILL_AREA_STYLE_COLOUR ( '', #1710 ) ;
#1717 = DIRECTION ( 'NONE',  ( -1.000000000000000000, 0.0000000000000000000, 3.491483361109382100E-015 ) ) ;
#1718 = VECTOR ( 'NONE', #1717, 1000.000000000000000 ) ;
#1719 = CARTESIAN_POINT ( 'NONE',  ( -11.84999999999998900, 5.369999999999973500, -1.499999999999916300 ) ) ;
#1720 = LINE ( 'NONE', #1719, #1718 ) ;
#1721 = CARTESIAN_POINT ( 'NONE',  ( -10.47000000000001700, 3.659999999999992100, -9.269999999999889400 ) ) ;
#1722 = CARTESIAN_POINT ( 'NONE',  ( -10.47000000000001700, -3.600000000000006800, -9.269999999999889400 ) ) ;
#1723 = CARTESIAN_POINT ( 'NONE',  ( -10.47000000000001100, -3.599999999999990300, -8.129999999999887100 ) ) ;
#1724 = CARTESIAN_POINT ( 'NONE',  ( -5.369999999999989400, 4.229999999999973800, -1.499999999999939400 ) ) ;
#1725 = DIRECTION ( 'NONE',  ( 1.000000000000000000, 0.0000000000000000000, -3.491483361109382100E-015 ) ) ;
#1726 = VECTOR ( 'NONE', #1725, 1000.000000000000000 ) ;
#1727 = CARTESIAN_POINT ( 'NONE',  ( 9.329999999999989400, 4.229999999999973800, -7.559999999999982700 ) ) ;
#1728 = LINE ( 'NONE', #1727, #1726 ) ;
#1729 = CARTESIAN_POINT ( 'NONE',  ( 10.60000000000001000, 6.799999999999975000, -1.499999999999995300 ) ) ;
#1730 = DIRECTION ( 'NONE',  ( 0.0000000000000000000, -1.000000000000000000, 0.0000000000000000000 ) ) ;
#1731 = VECTOR ( 'NONE', #1730, 1000.000000000000000 ) ;
#1732 = CARTESIAN_POINT ( 'NONE',  ( -2.549999999999962100, 5.369999999999973500, 6.200000000000051700 ) ) ;
#1733 = LINE ( 'NONE', #1732, #1731 ) ;
#1734 = DIRECTION ( 'NONE',  ( 3.491483361109382100E-015, 1.437166900243591600E-014, 1.000000000000000000 ) ) ;
#1735 = VECTOR ( 'NONE', #1734, 1000.000000000000000 ) ;
#1736 = CARTESIAN_POINT ( 'NONE',  ( -10.47000000000001700, -3.600000000000006800, -9.269999999999889400 ) ) ;
#1737 = LINE ( 'NONE', #1736, #1735 ) ;
#1738 = CARTESIAN_POINT ( 'NONE',  ( -2.549999999999962100, 5.369999999999973500, 6.200000000000051700 ) ) ;
#1739 = CARTESIAN_POINT ( 'NONE',  ( -2.549999999999962100, 4.229999999999973800, 6.200000000000051700 ) ) ;
#1740 = CARTESIAN_POINT ( 'NONE',  ( -10.59999999999998700, 6.799999999999975000, -1.499999999999921200 ) ) ;
#1741 = CARTESIAN_POINT ( 'NONE',  ( -9.329999999999987600, 4.229999999999973800, -1.499999999999925400 ) ) ;
#1742 = DIRECTION ( 'NONE',  ( 1.000000000000000000, 0.0000000000000000000, -3.491483361109382100E-015 ) ) ;
#1743 = VECTOR ( 'NONE', #1742, 1000.000000000000000 ) ;
#1744 = CARTESIAN_POINT ( 'NONE',  ( -2.549999999999962100, 4.229999999999973800, 6.200000000000051700 ) ) ;
#1745 = LINE ( 'NONE', #1744, #1743 ) ;
#1746 = CARTESIAN_POINT ( 'NONE',  ( -1.409999999999961700, 4.229999999999973800, 6.200000000000048100 ) ) ;
#1747 = DIRECTION ( 'NONE',  ( -1.902109074535967600E-016, 1.000000000000000000, 1.275531967630011900E-016 ) ) ;
#1748 = VECTOR ( 'NONE', #1747, 1000.000000000000000 ) ;
#1749 = CARTESIAN_POINT ( 'NONE',  ( -5.369999999999989400, 6.800000000000000700, -1.499999999999938900 ) ) ;
#1750 = LINE ( 'NONE', #1749, #1748 ) ;
#1751 = CARTESIAN_POINT ( 'NONE',  ( -9.329999999999987600, 5.369999999999973500, -1.499999999999924900 ) ) ;
#1752 = DIRECTION ( 'NONE',  ( -4.171321041665876800E-031, 1.000000000000000000, -1.194713137725073900E-016 ) ) ;
#1753 = DIRECTION ( 'NONE',  ( -3.491483361109382100E-015, -1.194713137725073900E-016, -1.000000000000000000 ) ) ;
#1754 = CARTESIAN_POINT ( 'NONE',  ( 1.409999999999987700, 3.660000000000008600, -8.129999999999931500 ) ) ;
#1755 = AXIS2_PLACEMENT_3D ( 'NONE', #1754, #1753, #1752 ) ;
#1756 = PLANE ( 'NONE',  #1755 ) ;
#1757 =( GEOMETRIC_REPRESENTATION_CONTEXT ( 3 ) GLOBAL_UNCERTAINTY_ASSIGNED_CONTEXT ( ( #1698 ) ) GLOBAL_UNIT_ASSIGNED_CONTEXT ( ( #1701, #1700, #1699 ) ) REPRESENTATION_CONTEXT ( 'NONE', 'WORKASPACE' ) );
#1758 = PRESENTATION_STYLE_ASSIGNMENT (( #1759 ) ) ;
#1759 = SURFACE_STYLE_USAGE ( .BOTH. , #1760 ) ;
#1760 = SURFACE_SIDE_STYLE ('',( #1761 ) ) ;
#1761 = SURFACE_STYLE_FILL_AREA ( #1762 ) ;
#1762 = FILL_AREA_STYLE ('',( #1769 ) ) ;
#1763 = COLOUR_RGB ( '',0.7529411764705882200, 0.7529411764705882200, 0.7529411764705882200 ) ;
#1764 = FACE_OUTER_BOUND ( 'NONE', #393, .T. ) ;
#1765 = DIRECTION ( 'NONE',  ( -1.000000000000000000, 0.0000000000000000000, 3.491483361109382100E-015 ) ) ;
#1766 = VECTOR ( 'NONE', #1765, 1000.000000000000000 ) ;
#1767 = CARTESIAN_POINT ( 'NONE',  ( -11.84999999999998900, 5.369999999999973500, -1.499999999999916300 ) ) ;
#1768 = LINE ( 'NONE', #1767, #1766 ) ;
#1769 = FILL_AREA_STYLE_COLOUR ( '', #1763 ) ;
#1770 = CARTESIAN_POINT ( 'NONE',  ( 10.47000000000001300, 5.369999999999973500, -1.499999999999994400 ) ) ;
#1771 = DIRECTION ( 'NONE',  ( -1.000000000000000000, 0.0000000000000000000, 3.491483361109382100E-015 ) ) ;
#1772 = VECTOR ( 'NONE', #1771, 1000.000000000000000 ) ;
#1773 = CARTESIAN_POINT ( 'NONE',  ( -11.84999999999998900, 5.369999999999973500, -1.499999999999916300 ) ) ;
#1774 = LINE ( 'NONE', #1773, #1772 ) ;
#1775 = CARTESIAN_POINT ( 'NONE',  ( -9.330000000000009000, 4.229999999999973800, -7.559999999999917900 ) ) ;
#1776 = CARTESIAN_POINT ( 'NONE',  ( -6.509999999999991800, 5.369999999999973500, -1.499999999999934900 ) ) ;
#1777 = DIRECTION ( 'NONE',  ( 3.043374519257615600E-015, 0.0000000000000000000, 1.000000000000000000 ) ) ;
#1778 = DIRECTION ( 'NONE',  ( -1.000000000000000000, 0.0000000000000000000, 3.491483361109382100E-015 ) ) ;
#1779 = CARTESIAN_POINT ( 'NONE',  ( -10.47000000000001100, 3.660000000000007200, -7.559999999999922300 ) ) ;
#1780 = AXIS2_PLACEMENT_3D ( 'NONE', #1779, #1778, #1777 ) ;
#1781 = CIRCLE ( 'NONE', #1780, 1.709999999999966700 ) ;
#1782 = CARTESIAN_POINT ( 'NONE',  ( 10.47000000000001100, 4.229999999999973800, -1.499999999999994900 ) ) ;
#1783 = DIRECTION ( 'NONE',  ( 1.000000000000000000, 0.0000000000000000000, -3.491483361109382100E-015 ) ) ;
#1784 = VECTOR ( 'NONE', #1783, 1000.000000000000000 ) ;
#1785 = CARTESIAN_POINT ( 'NONE',  ( -11.84999999999998900, 6.799999999999975000, -1.499999999999916300 ) ) ;
#1786 = LINE ( 'NONE', #1785, #1784 ) ;
#1787 = DIRECTION ( 'NONE',  ( -1.000000000000000000, 0.0000000000000000000, 3.491483361109382100E-015 ) ) ;
#1788 = VECTOR ( 'NONE', #1787, 1000.000000000000000 ) ;
#1789 = CARTESIAN_POINT ( 'NONE',  ( 1.409999999999984200, -3.600000000000006800, -9.269999999999930300 ) ) ;
#1790 = LINE ( 'NONE', #1789, #1788 ) ;
#1791 = DIRECTION ( 'NONE',  ( 4.171321041665876800E-031, -1.000000000000000000, 1.194713137725073900E-016 ) ) ;
#1792 = VECTOR ( 'NONE', #1791, 1000.000000000000000 ) ;
#1793 = CARTESIAN_POINT ( 'NONE',  ( -10.47000000000001700, 3.659999999999992100, -9.269999999999889400 ) ) ;
#1794 = LINE ( 'NONE', #1793, #1792 ) ;
#1795 = DIRECTION ( 'NONE',  ( 3.491483361109382100E-015, 0.0000000000000000000, 1.000000000000000000 ) ) ;
#1796 = VECTOR ( 'NONE', #1795, 1000.000000000000000 ) ;
#1797 = CARTESIAN_POINT ( 'NONE',  ( -9.330000000000009000, 5.369999999999973500, -7.559999999999917900 ) ) ;
#1798 = LINE ( 'NONE', #1797, #1796 ) ;
#1799 = CARTESIAN_POINT ( 'NONE',  ( -9.330000000000009000, 3.660000000000007200, -7.559999999999925900 ) ) ;
#1800 = DIRECTION ( 'NONE',  ( -1.000000000000000000, 0.0000000000000000000, 3.491483361109382100E-015 ) ) ;
#1801 = VECTOR ( 'NONE', #1800, 1000.000000000000000 ) ;
#1802 = CARTESIAN_POINT ( 'NONE',  ( -10.47000000000001100, 5.369999999999973500, -7.559999999999913500 ) ) ;
#1803 = LINE ( 'NONE', #1802, #1801 ) ;
#1804 = DIRECTION ( 'NONE',  ( 1.902109074535972000E-016, -1.000000000000000000, -6.641182184757512200E-031 ) ) ;
#1805 = DIRECTION ( 'NONE',  ( 1.000000000000000000, 1.902109074535972000E-016, -3.491483361109382100E-015 ) ) ;
#1806 = CARTESIAN_POINT ( 'NONE',  ( -9.330000000000009000, 5.369999999999973500, -7.559999999999917900 ) ) ;
#1807 = AXIS2_PLACEMENT_3D ( 'NONE', #1806, #1805, #1804 ) ;
#1808 = PLANE ( 'NONE',  #1807 ) ;
#1809 =( GEOMETRIC_REPRESENTATION_CONTEXT ( 3 ) GLOBAL_UNCERTAINTY_ASSIGNED_CONTEXT ( ( #1810 ) ) GLOBAL_UNIT_ASSIGNED_CONTEXT ( ( #1813, #1812, #1811 ) ) REPRESENTATION_CONTEXT ( 'NONE', 'WORKASPACE' ) );
#1810 = UNCERTAINTY_MEASURE_WITH_UNIT (LENGTH_MEASURE( 1.000000000000000100E-005 ), #1813, 'distance_accuracy_value', 'NONE');
#1811 =( NAMED_UNIT ( * ) SI_UNIT ( $, .STERADIAN. ) SOLID_ANGLE_UNIT ( ) );
#1812 =( NAMED_UNIT ( * ) PLANE_ANGLE_UNIT ( ) SI_UNIT ( $, .RADIAN. ) );
#1813 =( LENGTH_UNIT ( ) NAMED_UNIT ( * ) SI_UNIT ( .MILLI., .METRE. ) );
#1814 = MECHANICAL_DESIGN_GEOMETRIC_PRESENTATION_REPRESENTATION (  '', ( #1816 ), #1809 ) ;
#1815 = PRESENTATION_LAYER_ASSIGNMENT (  '', '', ( #1816 ) ) ;
#1816 = STYLED_ITEM ( 'NONE', ( #1758 ), #392 ) ;
#1817 = UNCERTAINTY_MEASURE_WITH_UNIT (LENGTH_MEASURE( 1.000000000000000100E-005 ), #1821, 'distance_accuracy_value', 'NONE');
#1818 = ORIENTED_EDGE ( 'NONE', *, *, #1881, .T. ) ;
#1819 =( NAMED_UNIT ( * ) SI_UNIT ( $, .STERADIAN. ) SOLID_ANGLE_UNIT ( ) );
#1820 =( NAMED_UNIT ( * ) PLANE_ANGLE_UNIT ( ) SI_UNIT ( $, .RADIAN. ) );
#1821 =( LENGTH_UNIT ( ) NAMED_UNIT ( * ) SI_UNIT ( .MILLI., .METRE. ) );
#1822 = MECHANICAL_DESIGN_GEOMETRIC_PRESENTATION_REPRESENTATION (  '', ( #1824 ), #1883 ) ;
#1823 = PRESENTATION_LAYER_ASSIGNMENT (  '', '', ( #1824 ) ) ;
#1824 = STYLED_ITEM ( 'NONE', ( #1825 ), #420 ) ;
#1825 = PRESENTATION_STYLE_ASSIGNMENT (( #1826 ) ) ;
#1826 = SURFACE_STYLE_USAGE ( .BOTH. , #1827 ) ;
#1827 = SURFACE_SIDE_STYLE ('',( #1828 ) ) ;
#1828 = SURFACE_STYLE_FILL_AREA ( #1829 ) ;
#1829 = FILL_AREA_STYLE ('',( #1836 ) ) ;
#1830 = COLOUR_RGB ( '',0.7529411764705882200, 0.7529411764705882200, 0.7529411764705882200 ) ;
#1831 = FACE_OUTER_BOUND ( 'NONE', #419, .T. ) ;
#1832 = DIRECTION ( 'NONE',  ( 3.491483361109382100E-015, 0.0000000000000000000, 1.000000000000000000 ) ) ;
#1833 = DIRECTION ( 'NONE',  ( -1.000000000000000000, 0.0000000000000000000, 3.491483361109382100E-015 ) ) ;
#1834 = CARTESIAN_POINT ( 'NONE',  ( 10.60000000000000000, 8.000000000000000000, -4.699999999999995700 ) ) ;
#1835 = AXIS2_PLACEMENT_3D ( 'NONE', #1834, #1833, #1832 ) ;
#1836 = FILL_AREA_STYLE_COLOUR ( '', #1830 ) ;
#1837 = PLANE ( 'NONE',  #1835 ) ;
#1838 = FACE_OUTER_BOUND ( 'NONE', #399, .T. ) ;
#1839 = CARTESIAN_POINT ( 'NONE',  ( -9.330000000000009000, 5.369999999999973500, -7.559999999999917900 ) ) ;
#1840 = DIRECTION ( 'NONE',  ( 4.171321041665876800E-031, -1.000000000000000000, 1.194713137725073900E-016 ) ) ;
#1841 = VECTOR ( 'NONE', #1840, 1000.000000000000000 ) ;
#1842 = CARTESIAN_POINT ( 'NONE',  ( -9.330000000000016100, 3.659999999999992100, -9.269999999999893000 ) ) ;
#1843 = LINE ( 'NONE', #1842, #1841 ) ;
#1844 = CARTESIAN_POINT ( 'NONE',  ( -9.330000000000016100, 3.659999999999992100, -9.269999999999893000 ) ) ;
#1845 = DIRECTION ( 'NONE',  ( -3.491483361109382100E-015, -5.167261417803254300E-015, -1.000000000000000000 ) ) ;
#1846 = VECTOR ( 'NONE', #1845, 1000.000000000000000 ) ;
#1847 = CARTESIAN_POINT ( 'NONE',  ( 11.85000000000000000, 6.799999999999959000, -4.700000000000035700 ) ) ;
#1848 = LINE ( 'NONE', #1847, #1846 ) ;
#1849 = DIRECTION ( 'NONE',  ( 3.043374519257615600E-015, 0.0000000000000000000, 1.000000000000000000 ) ) ;
#1850 = DIRECTION ( 'NONE',  ( -1.000000000000000000, 0.0000000000000000000, 3.491483361109382100E-015 ) ) ;
#1851 = AXIS2_PLACEMENT_3D ( 'NONE', #1799, #1850, #1849 ) ;
#1852 = CIRCLE ( 'NONE', #1851, 1.709999999999966700 ) ;
#1853 =( NAMED_UNIT ( * ) SI_UNIT ( $, .STERADIAN. ) SOLID_ANGLE_UNIT ( ) );
#1854 =( NAMED_UNIT ( * ) PLANE_ANGLE_UNIT ( ) SI_UNIT ( $, .RADIAN. ) );
#1855 =( LENGTH_UNIT ( ) NAMED_UNIT ( * ) SI_UNIT ( .MILLI., .METRE. ) );
#1856 = MECHANICAL_DESIGN_GEOMETRIC_PRESENTATION_REPRESENTATION (  '', ( #1858 ), #1906 ) ;
#1857 = PRESENTATION_LAYER_ASSIGNMENT (  '', '', ( #1858 ) ) ;
#1858 = STYLED_ITEM ( 'NONE', ( #1859 ), #432 ) ;
#1859 = PRESENTATION_STYLE_ASSIGNMENT (( #1860 ) ) ;
#1860 = SURFACE_STYLE_USAGE ( .BOTH. , #1861 ) ;
#1861 = SURFACE_SIDE_STYLE ('',( #1862 ) ) ;
#1862 = SURFACE_STYLE_FILL_AREA ( #1863 ) ;
#1863 = FILL_AREA_STYLE ('',( #1871 ) ) ;
#1864 = COLOUR_RGB ( '',0.7529411764705882200, 0.7529411764705882200, 0.7529411764705882200 ) ;
#1865 = FACE_OUTER_BOUND ( 'NONE', #430, .T. ) ;
#1866 = DIRECTION ( 'NONE',  ( 1.000000000000000000, 0.0000000000000000000, -3.491483361109382100E-015 ) ) ;
#1867 = VECTOR ( 'NONE', #1866, 1000.000000000000000 ) ;
#1868 = ORIENTED_EDGE ( 'NONE', *, *, #1872, .F. ) ;
#1869 = CARTESIAN_POINT ( 'NONE',  ( -6.510000000000012200, 3.660000000000008600, -8.129999999999903100 ) ) ;
#1870 = LINE ( 'NONE', #1869, #1867 ) ;
#1871 = FILL_AREA_STYLE_COLOUR ( '', #1864 ) ;
#1872 = EDGE_CURVE ( 'NONE', #524, #478, #2818, .T. ) ;
#1873 = DIRECTION ( 'NONE',  ( 1.000000000000000000, 0.0000000000000000000, -3.491483361109382100E-015 ) ) ;
#1874 = VECTOR ( 'NONE', #1873, 1000.000000000000000 ) ;
#1875 = CARTESIAN_POINT ( 'NONE',  ( -6.510000000000012200, -3.599999999999990300, -8.129999999999901300 ) ) ;
#1876 = DIRECTION ( 'NONE',  ( 3.550603605800551700E-015, 0.0000000000000000000, 1.000000000000000000 ) ) ;
#1877 = DIRECTION ( 'NONE',  ( -1.000000000000000000, 0.0000000000000000000, 3.491483361109382100E-015 ) ) ;
#1878 = AXIS2_PLACEMENT_3D ( 'NONE', #1882, #1877, #1876 ) ;
#1879 = CYLINDRICAL_SURFACE ( 'NONE', #1878, 1.709999999999966700 ) ;
#1880 = LINE ( 'NONE', #1875, #1874 ) ;
#1881 = EDGE_CURVE ( 'NONE', #530, #485, #2813, .T. ) ;
#1882 = CARTESIAN_POINT ( 'NONE',  ( -5.940000000000011000, 3.660000000000007200, -7.559999999999938300 ) ) ;
#1883 =( GEOMETRIC_REPRESENTATION_CONTEXT ( 3 ) GLOBAL_UNCERTAINTY_ASSIGNED_CONTEXT ( ( #1817 ) ) GLOBAL_UNIT_ASSIGNED_CONTEXT ( ( #1821, #1820, #1819 ) ) REPRESENTATION_CONTEXT ( 'NONE', 'WORKASPACE' ) );
#1884 = CYLINDRICAL_SURFACE ( 'NONE', #1935, 0.5699999999999663100 ) ;
#1885 =( GEOMETRIC_REPRESENTATION_CONTEXT ( 3 ) GLOBAL_UNCERTAINTY_ASSIGNED_CONTEXT ( ( #1886 ) ) GLOBAL_UNIT_ASSIGNED_CONTEXT ( ( #1889, #1888, #1887 ) ) REPRESENTATION_CONTEXT ( 'NONE', 'WORKASPACE' ) );
#1886 = UNCERTAINTY_MEASURE_WITH_UNIT (LENGTH_MEASURE( 1.000000000000000100E-005 ), #1889, 'distance_accuracy_value', 'NONE');
#1887 =( NAMED_UNIT ( * ) SI_UNIT ( $, .STERADIAN. ) SOLID_ANGLE_UNIT ( ) );
#1888 =( NAMED_UNIT ( * ) PLANE_ANGLE_UNIT ( ) SI_UNIT ( $, .RADIAN. ) );
#1889 =( LENGTH_UNIT ( ) NAMED_UNIT ( * ) SI_UNIT ( .MILLI., .METRE. ) );
#1890 = MECHANICAL_DESIGN_GEOMETRIC_PRESENTATION_REPRESENTATION (  '', ( #1892 ), #1885 ) ;
#1891 = PRESENTATION_LAYER_ASSIGNMENT (  '', '', ( #1892 ) ) ;
#1892 = STYLED_ITEM ( 'NONE', ( #1893 ), #437 ) ;
#1893 = PRESENTATION_STYLE_ASSIGNMENT (( #1894 ) ) ;
#1894 = SURFACE_STYLE_USAGE ( .BOTH. , #1895 ) ;
#1895 = SURFACE_SIDE_STYLE ('',( #1896 ) ) ;
#1896 = SURFACE_STYLE_FILL_AREA ( #1897 ) ;
#1897 = FILL_AREA_STYLE ('',( #1904 ) ) ;
#1898 = COLOUR_RGB ( '',0.7529411764705882200, 0.7529411764705882200, 0.7529411764705882200 ) ;
#1899 = FACE_OUTER_BOUND ( 'NONE', #428, .T. ) ;
#1900 = DIRECTION ( 'NONE',  ( 1.000000000000000000, 0.0000000000000000000, -3.491483361109382100E-015 ) ) ;
#1901 = DIRECTION ( 'NONE',  ( -5.017844319337647300E-029, 1.000000000000000000, -1.437166900243591600E-014 ) ) ;
#1902 = CARTESIAN_POINT ( 'NONE',  ( -6.510000000000012200, -3.599999999999990300, -8.129999999999901300 ) ) ;
#1903 = AXIS2_PLACEMENT_3D ( 'NONE', #1902, #1901, #1900 ) ;
#1904 = FILL_AREA_STYLE_COLOUR ( '', #1898 ) ;
#1905 = PLANE ( 'NONE',  #1903 ) ;
#1906 =( GEOMETRIC_REPRESENTATION_CONTEXT ( 3 ) GLOBAL_UNCERTAINTY_ASSIGNED_CONTEXT ( ( #1907 ) ) GLOBAL_UNIT_ASSIGNED_CONTEXT ( ( #1855, #1854, #1853 ) ) REPRESENTATION_CONTEXT ( 'NONE', 'WORKASPACE' ) );
#1907 = UNCERTAINTY_MEASURE_WITH_UNIT (LENGTH_MEASURE( 1.000000000000000100E-005 ), #1855, 'distance_accuracy_value', 'NONE');
#1908 = PLANE ( 'NONE',  #1964 ) ;
#1909 = CARTESIAN_POINT ( 'NONE',  ( -6.510000000000012200, 5.369999999999973500, -7.559999999999926800 ) ) ;
#1910 =( GEOMETRIC_REPRESENTATION_CONTEXT ( 3 ) GLOBAL_UNCERTAINTY_ASSIGNED_CONTEXT ( ( #1911 ) ) GLOBAL_UNIT_ASSIGNED_CONTEXT ( ( #1914, #1913, #1912 ) ) REPRESENTATION_CONTEXT ( 'NONE', 'WORKASPACE' ) );
#1911 = UNCERTAINTY_MEASURE_WITH_UNIT (LENGTH_MEASURE( 1.000000000000000100E-005 ), #1914, 'distance_accuracy_value', 'NONE');
#1912 =( NAMED_UNIT ( * ) SI_UNIT ( $, .STERADIAN. ) SOLID_ANGLE_UNIT ( ) );
#1913 =( NAMED_UNIT ( * ) PLANE_ANGLE_UNIT ( ) SI_UNIT ( $, .RADIAN. ) );
#1914 =( LENGTH_UNIT ( ) NAMED_UNIT ( * ) SI_UNIT ( .MILLI., .METRE. ) );
#1915 = MECHANICAL_DESIGN_GEOMETRIC_PRESENTATION_REPRESENTATION (  '', ( #1917 ), #1910 ) ;
#1916 = PRESENTATION_LAYER_ASSIGNMENT (  '', '', ( #1917 ) ) ;
#1917 = STYLED_ITEM ( 'NONE', ( #1918 ), #446 ) ;
#1918 = PRESENTATION_STYLE_ASSIGNMENT (( #1919 ) ) ;
#1919 = SURFACE_STYLE_USAGE ( .BOTH. , #1920 ) ;
#1920 = SURFACE_SIDE_STYLE ('',( #1921 ) ) ;
#1921 = SURFACE_STYLE_FILL_AREA ( #1922 ) ;
#1922 = FILL_AREA_STYLE ('',( #1929 ) ) ;
#1923 = COLOUR_RGB ( '',0.7529411764705882200, 0.7529411764705882200, 0.7529411764705882200 ) ;
#1924 = FACE_OUTER_BOUND ( 'NONE', #512, .T. ) ;
#1925 = DIRECTION ( 'NONE',  ( -4.453498641543274300E-031, -1.000000000000000000, -1.275531967630005200E-016 ) ) ;
#1926 = VECTOR ( 'NONE', #1925, 1000.000000000000000 ) ;
#1927 = CARTESIAN_POINT ( 'NONE',  ( 9.330000000000009000, 6.799999999999999800, -1.499999999999990500 ) ) ;
#1928 = LINE ( 'NONE', #1927, #1926 ) ;
#1929 = FILL_AREA_STYLE_COLOUR ( '', #1923 ) ;
#1930 = CARTESIAN_POINT ( 'NONE',  ( 9.330000000000012500, 5.369999999999973500, -1.499999999999990500 ) ) ;
#1931 = CARTESIAN_POINT ( 'NONE',  ( 9.330000000000012500, 4.229999999999973800, -1.499999999999990900 ) ) ;
#1932 = DIRECTION ( 'NONE',  ( 3.804218149072169900E-015, 0.0000000000000000000, 1.000000000000000000 ) ) ;
#1933 = DIRECTION ( 'NONE',  ( -1.000000000000000000, 0.0000000000000000000, 3.491483361109382100E-015 ) ) ;
#1934 = CARTESIAN_POINT ( 'NONE',  ( 1.979999999999988700, 3.660000000000007200, -7.559999999999965900 ) ) ;
#1935 = AXIS2_PLACEMENT_3D ( 'NONE', #1934, #1933, #1932 ) ;
#1936 = DIRECTION ( 'NONE',  ( 1.902109074535972000E-016, -1.000000000000000000, -6.641182184757512200E-031 ) ) ;
#1937 = DIRECTION ( 'NONE',  ( 1.000000000000000000, 1.902109074535972000E-016, -3.491483361109382100E-015 ) ) ;
#1938 = CARTESIAN_POINT ( 'NONE',  ( -5.370000000000009900, 5.369999999999973500, -7.559999999999931200 ) ) ;
#1939 = AXIS2_PLACEMENT_3D ( 'NONE', #1938, #1937, #1936 ) ;
#1940 = PLANE ( 'NONE',  #1939 ) ;
#1941 =( GEOMETRIC_REPRESENTATION_CONTEXT ( 3 ) GLOBAL_UNCERTAINTY_ASSIGNED_CONTEXT ( ( #1942 ) ) GLOBAL_UNIT_ASSIGNED_CONTEXT ( ( #1946, #1944, #1943 ) ) REPRESENTATION_CONTEXT ( 'NONE', 'WORKASPACE' ) );
#1942 = UNCERTAINTY_MEASURE_WITH_UNIT (LENGTH_MEASURE( 1.000000000000000100E-005 ), #1946, 'distance_accuracy_value', 'NONE');
#1943 =( NAMED_UNIT ( * ) SI_UNIT ( $, .STERADIAN. ) SOLID_ANGLE_UNIT ( ) );
#1944 =( NAMED_UNIT ( * ) PLANE_ANGLE_UNIT ( ) SI_UNIT ( $, .RADIAN. ) );
#1945 = ADVANCED_FACE ( 'NONE', ( #2804 ), #2852, .T. ) ;
#1946 =( LENGTH_UNIT ( ) NAMED_UNIT ( * ) SI_UNIT ( .MILLI., .METRE. ) );
#1947 = MECHANICAL_DESIGN_GEOMETRIC_PRESENTATION_REPRESENTATION (  '', ( #1949 ), #1941 ) ;
#1948 = PRESENTATION_LAYER_ASSIGNMENT (  '', '', ( #1949 ) ) ;
#1949 = STYLED_ITEM ( 'NONE', ( #1950 ), #450 ) ;
#1950 = PRESENTATION_STYLE_ASSIGNMENT (( #1951 ) ) ;
#1951 = SURFACE_STYLE_USAGE ( .BOTH. , #1952 ) ;
#1952 = SURFACE_SIDE_STYLE ('',( #1953 ) ) ;
#1953 = SURFACE_STYLE_FILL_AREA ( #1954 ) ;
#1954 = FILL_AREA_STYLE ('',( #1961 ) ) ;
#1955 = COLOUR_RGB ( '',0.7529411764705882200, 0.7529411764705882200, 0.7529411764705882200 ) ;
#1956 = FACE_OUTER_BOUND ( 'NONE', #442, .T. ) ;
#1957 = DIRECTION ( 'NONE',  ( 3.491483361109382100E-015, 0.0000000000000000000, 1.000000000000000000 ) ) ;
#1958 = VECTOR ( 'NONE', #1957, 1000.000000000000000 ) ;
#1959 = CARTESIAN_POINT ( 'NONE',  ( -5.370000000000009900, 5.369999999999973500, -7.559999999999931200 ) ) ;
#1960 = LINE ( 'NONE', #1959, #1958 ) ;
#1961 = FILL_AREA_STYLE_COLOUR ( '', #1955 ) ;
#1962 = DIRECTION ( 'NONE',  ( 1.000000000000000000, 0.0000000000000000000, -3.491483361109382100E-015 ) ) ;
#1963 = DIRECTION ( 'NONE',  ( 0.0000000000000000000, 1.000000000000000000, 0.0000000000000000000 ) ) ;
#1964 = AXIS2_PLACEMENT_3D ( 'NONE', #1909, #1963, #1962 ) ;
#1965 = DIRECTION ( 'NONE',  ( -1.000000000000000000, 0.0000000000000000000, 3.491483361109382100E-015 ) ) ;
#1966 = CARTESIAN_POINT ( 'NONE',  ( -6.510000000000012200, 5.369999999999973500, -7.559999999999926800 ) ) ;
#1967 = AXIS2_PLACEMENT_3D ( 'NONE', #1966, #1965, #2025 ) ;
#1968 = PLANE ( 'NONE',  #1967 ) ;
#1969 =( GEOMETRIC_REPRESENTATION_CONTEXT ( 3 ) GLOBAL_UNCERTAINTY_ASSIGNED_CONTEXT ( ( #1970 ) ) GLOBAL_UNIT_ASSIGNED_CONTEXT ( ( #1973, #1972, #1971 ) ) REPRESENTATION_CONTEXT ( 'NONE', 'WORKASPACE' ) );
#1970 = UNCERTAINTY_MEASURE_WITH_UNIT (LENGTH_MEASURE( 1.000000000000000100E-005 ), #1973, 'distance_accuracy_value', 'NONE');
#1971 =( NAMED_UNIT ( * ) SI_UNIT ( $, .STERADIAN. ) SOLID_ANGLE_UNIT ( ) );
#1972 =( NAMED_UNIT ( * ) PLANE_ANGLE_UNIT ( ) SI_UNIT ( $, .RADIAN. ) );
#1973 =( LENGTH_UNIT ( ) NAMED_UNIT ( * ) SI_UNIT ( .MILLI., .METRE. ) );
#1974 = MECHANICAL_DESIGN_GEOMETRIC_PRESENTATION_REPRESENTATION (  '', ( #1976 ), #1969 ) ;
#1975 = PRESENTATION_LAYER_ASSIGNMENT (  '', '', ( #1976 ) ) ;
#1976 = STYLED_ITEM ( 'NONE', ( #1977 ), #459 ) ;
#1977 = PRESENTATION_STYLE_ASSIGNMENT (( #1978 ) ) ;
#1978 = SURFACE_STYLE_USAGE ( .BOTH. , #1979 ) ;
#1979 = SURFACE_SIDE_STYLE ('',( #1980 ) ) ;
#1980 = SURFACE_STYLE_FILL_AREA ( #1981 ) ;
#1981 = FILL_AREA_STYLE ('',( #1988 ) ) ;
#1982 = COLOUR_RGB ( '',0.7529411764705882200, 0.7529411764705882200, 0.7529411764705882200 ) ;
#1983 = FACE_OUTER_BOUND ( 'NONE', #463, .T. ) ;
#1984 = DIRECTION ( 'NONE',  ( 3.491483361109382100E-015, 1.437166900243591600E-014, 1.000000000000000000 ) ) ;
#1985 = VECTOR ( 'NONE', #1984, 1000.000000000000000 ) ;
#1986 = CARTESIAN_POINT ( 'NONE',  ( -6.510000000000019300, -3.600000000000006800, -9.269999999999903700 ) ) ;
#1987 = LINE ( 'NONE', #1986, #1985 ) ;
#1988 = FILL_AREA_STYLE_COLOUR ( '', #1982 ) ;
#1989 = DIRECTION ( 'NONE',  ( 3.491483361109382100E-015, 0.0000000000000000000, 1.000000000000000000 ) ) ;
#1990 = VECTOR ( 'NONE', #1989, 1000.000000000000000 ) ;
#1991 = CARTESIAN_POINT ( 'NONE',  ( -5.370000000000009900, 4.229999999999973800, -7.559999999999931200 ) ) ;
#1992 = LINE ( 'NONE', #1991, #1990 ) ;
#1993 = DIRECTION ( 'NONE',  ( 4.171321041665876800E-031, -1.000000000000000000, 1.194713137725073900E-016 ) ) ;
#1994 = VECTOR ( 'NONE', #1993, 1000.000000000000000 ) ;
#1995 = CARTESIAN_POINT ( 'NONE',  ( -6.510000000000019300, 3.659999999999992100, -9.269999999999903700 ) ) ;
#1996 = LINE ( 'NONE', #1995, #1994 ) ;
#1997 = CARTESIAN_POINT ( 'NONE',  ( -5.370000000000009900, 3.660000000000008600, -8.129999999999906600 ) ) ;
#1998 = CARTESIAN_POINT ( 'NONE',  ( -6.510000000000019300, 3.659999999999992100, -9.269999999999903700 ) ) ;
#1999 = DIRECTION ( 'NONE',  ( 3.550603605800551700E-015, 0.0000000000000000000, 1.000000000000000000 ) ) ;
#2000 = DIRECTION ( 'NONE',  ( -1.000000000000000000, 0.0000000000000000000, 3.491483361109382100E-015 ) ) ;
#2001 = CARTESIAN_POINT ( 'NONE',  ( -6.510000000000012200, 3.660000000000007200, -7.559999999999936500 ) ) ;
#2002 = AXIS2_PLACEMENT_3D ( 'NONE', #2001, #2000, #1999 ) ;
#2003 = CIRCLE ( 'NONE', #2002, 1.709999999999966700 ) ;
#2004 = CARTESIAN_POINT ( 'NONE',  ( -6.510000000000012200, 5.369999999999973500, -7.559999999999926800 ) ) ;
#2005 = CARTESIAN_POINT ( 'NONE',  ( -5.370000000000009900, 4.229999999999973800, -7.559999999999931200 ) ) ;
#2006 = DIRECTION ( 'NONE',  ( 3.491483361109382100E-015, 0.0000000000000000000, 1.000000000000000000 ) ) ;
#2007 = VECTOR ( 'NONE', #2006, 1000.000000000000000 ) ;
#2008 = CARTESIAN_POINT ( 'NONE',  ( -6.510000000000012200, 5.369999999999973500, -7.559999999999926800 ) ) ;
#2009 = LINE ( 'NONE', #2008, #2007 ) ;
#2010 = CARTESIAN_POINT ( 'NONE',  ( -6.510000000000012200, 4.229999999999973800, -7.559999999999926800 ) ) ;
#2011 = DIRECTION ( 'NONE',  ( 3.491483361109382100E-015, 0.0000000000000000000, 1.000000000000000000 ) ) ;
#2012 = VECTOR ( 'NONE', #2011, 1000.000000000000000 ) ;
#2013 = CARTESIAN_POINT ( 'NONE',  ( -6.510000000000012200, 4.229999999999973800, -7.559999999999926800 ) ) ;
#2014 = LINE ( 'NONE', #2013, #2012 ) ;
#2015 = DIRECTION ( 'NONE',  ( 3.491483361109382100E-015, 0.0000000000000000000, 1.000000000000000000 ) ) ;
#2016 = VECTOR ( 'NONE', #2015, 1000.000000000000000 ) ;
#2017 = CARTESIAN_POINT ( 'NONE',  ( -5.370000000000009900, 4.229999999999973800, -7.559999999999931200 ) ) ;
#2018 = LINE ( 'NONE', #2017, #2016 ) ;
#2019 = CARTESIAN_POINT ( 'NONE',  ( -6.510000000000012200, 3.660000000000008600, -8.129999999999903100 ) ) ;
#2020 = DIRECTION ( 'NONE',  ( 3.043374519257736300E-015, 0.0000000000000000000, 1.000000000000000000 ) ) ;
#2021 = DIRECTION ( 'NONE',  ( -1.000000000000000000, 0.0000000000000000000, 3.491483361109382100E-015 ) ) ;
#2022 = CARTESIAN_POINT ( 'NONE',  ( -5.370000000000009900, 3.660000000000007200, -7.559999999999940100 ) ) ;
#2023 = AXIS2_PLACEMENT_3D ( 'NONE', #2022, #2021, #2020 ) ;
#2024 = CIRCLE ( 'NONE', #2023, 0.5699999999999663100 ) ;
#2025 = DIRECTION ( 'NONE',  ( 3.491483361109382100E-015, 0.0000000000000000000, 1.000000000000000000 ) ) ;
#2026 = UNCERTAINTY_MEASURE_WITH_UNIT (LENGTH_MEASURE( 1.000000000000000100E-005 ), #2029, 'distance_accuracy_value', 'NONE');
#2027 =( NAMED_UNIT ( * ) SI_UNIT ( $, .STERADIAN. ) SOLID_ANGLE_UNIT ( ) );
#2028 =( NAMED_UNIT ( * ) PLANE_ANGLE_UNIT ( ) SI_UNIT ( $, .RADIAN. ) );
#2029 =( LENGTH_UNIT ( ) NAMED_UNIT ( * ) SI_UNIT ( .MILLI., .METRE. ) );
#2030 = MECHANICAL_DESIGN_GEOMETRIC_PRESENTATION_REPRESENTATION (  '', ( #2032 ), #2082 ) ;
#2031 = PRESENTATION_LAYER_ASSIGNMENT (  '', '', ( #2032 ) ) ;
#2032 = STYLED_ITEM ( 'NONE', ( #2033 ), #499 ) ;
#2033 = PRESENTATION_STYLE_ASSIGNMENT (( #2034 ) ) ;
#2034 = SURFACE_STYLE_USAGE ( .BOTH. , #2035 ) ;
#2035 = SURFACE_SIDE_STYLE ('',( #2036 ) ) ;
#2036 = SURFACE_STYLE_FILL_AREA ( #2037 ) ;
#2037 = FILL_AREA_STYLE ('',( #2045 ) ) ;
#2038 = COLOUR_RGB ( '',0.7529411764705882200, 0.7529411764705882200, 0.7529411764705882200 ) ;
#2039 = FACE_OUTER_BOUND ( 'NONE', #501, .T. ) ;
#2040 = DIRECTION ( 'NONE',  ( 3.043374519257736300E-015, 0.0000000000000000000, 1.000000000000000000 ) ) ;
#2041 = DIRECTION ( 'NONE',  ( -1.000000000000000000, 0.0000000000000000000, 3.491483361109382100E-015 ) ) ;
#2042 = CARTESIAN_POINT ( 'NONE',  ( -6.510000000000012200, 3.660000000000007200, -7.559999999999936500 ) ) ;
#2043 = AXIS2_PLACEMENT_3D ( 'NONE', #2042, #2041, #2040 ) ;
#2044 = CIRCLE ( 'NONE', #2043, 0.5699999999999663100 ) ;
#2045 = FILL_AREA_STYLE_COLOUR ( '', #2038 ) ;
#2046 = DIRECTION ( 'NONE',  ( 4.171321041665876800E-031, -1.000000000000000000, 1.194713137725073900E-016 ) ) ;
#2047 = VECTOR ( 'NONE', #2046, 1000.000000000000000 ) ;
#2048 = CARTESIAN_POINT ( 'NONE',  ( -6.510000000000012200, 3.660000000000008600, -8.129999999999903100 ) ) ;
#2049 = LINE ( 'NONE', #2048, #2047 ) ;
#2050 = DIRECTION ( 'NONE',  ( 3.491483361109382100E-015, 0.0000000000000000000, 1.000000000000000000 ) ) ;
#2051 = VECTOR ( 'NONE', #2050, 1000.000000000000000 ) ;
#2052 = CARTESIAN_POINT ( 'NONE',  ( -6.510000000000012200, 5.369999999999973500, -7.559999999999926800 ) ) ;
#2053 = LINE ( 'NONE', #2052, #2051 ) ;
#2054 = CARTESIAN_POINT ( 'NONE',  ( -6.510000000000012200, -3.599999999999990300, -8.129999999999901300 ) ) ;
#2055 = CARTESIAN_POINT ( 'NONE',  ( -6.510000000000019300, -3.600000000000006800, -9.269999999999903700 ) ) ;
#2056 = CARTESIAN_POINT ( 'NONE',  ( -5.370000000000009900, -3.599999999999990300, -8.129999999999906600 ) ) ;
#2057 = CARTESIAN_POINT ( 'NONE',  ( -5.370000000000009900, 5.369999999999973500, -7.559999999999931200 ) ) ;
#2058 = AXIS2_PLACEMENT_3D ( 'NONE', #2057, #2109, #2108 ) ;
#2059 = FILL_AREA_STYLE_COLOUR ( '', #2106 ) ;
#2060 = PLANE ( 'NONE',  #2058 ) ;
#2061 =( GEOMETRIC_REPRESENTATION_CONTEXT ( 3 ) GLOBAL_UNCERTAINTY_ASSIGNED_CONTEXT ( ( #2062 ) ) GLOBAL_UNIT_ASSIGNED_CONTEXT ( ( #2065, #2064, #2063 ) ) REPRESENTATION_CONTEXT ( 'NONE', 'WORKASPACE' ) );
#2062 = UNCERTAINTY_MEASURE_WITH_UNIT (LENGTH_MEASURE( 1.000000000000000100E-005 ), #2065, 'distance_accuracy_value', 'NONE');
#2063 =( NAMED_UNIT ( * ) SI_UNIT ( $, .STERADIAN. ) SOLID_ANGLE_UNIT ( ) );
#2064 =( NAMED_UNIT ( * ) PLANE_ANGLE_UNIT ( ) SI_UNIT ( $, .RADIAN. ) );
#2065 =( LENGTH_UNIT ( ) NAMED_UNIT ( * ) SI_UNIT ( .MILLI., .METRE. ) );
#2066 = MECHANICAL_DESIGN_GEOMETRIC_PRESENTATION_REPRESENTATION (  '', ( #2068 ), #2061 ) ;
#2067 = PRESENTATION_LAYER_ASSIGNMENT (  '', '', ( #2068 ) ) ;
#2068 = STYLED_ITEM ( 'NONE', ( #2069 ), #502 ) ;
#2069 = PRESENTATION_STYLE_ASSIGNMENT (( #2070 ) ) ;
#2070 = SURFACE_STYLE_USAGE ( .BOTH. , #2071 ) ;
#2071 = SURFACE_SIDE_STYLE ('',( #2072 ) ) ;
#2072 = SURFACE_STYLE_FILL_AREA ( #2073 ) ;
#2073 = FILL_AREA_STYLE ('',( #2080 ) ) ;
#2074 = COLOUR_RGB ( '',0.7529411764705882200, 0.7529411764705882200, 0.7529411764705882200 ) ;
#2075 = FACE_OUTER_BOUND ( 'NONE', #452, .T. ) ;
#2076 = DIRECTION ( 'NONE',  ( 1.000000000000000000, 0.0000000000000000000, -3.491483361109382100E-015 ) ) ;
#2077 = DIRECTION ( 'NONE',  ( 0.0000000000000000000, 1.000000000000000000, 0.0000000000000000000 ) ) ;
#2078 = CARTESIAN_POINT ( 'NONE',  ( -6.510000000000012200, 5.369999999999973500, -7.559999999999926800 ) ) ;
#2079 = AXIS2_PLACEMENT_3D ( 'NONE', #2078, #2077, #2076 ) ;
#2080 = FILL_AREA_STYLE_COLOUR ( '', #2074 ) ;
#2081 = PLANE ( 'NONE',  #2079 ) ;
#2082 =( GEOMETRIC_REPRESENTATION_CONTEXT ( 3 ) GLOBAL_UNCERTAINTY_ASSIGNED_CONTEXT ( ( #2026 ) ) GLOBAL_UNIT_ASSIGNED_CONTEXT ( ( #2029, #2028, #2027 ) ) REPRESENTATION_CONTEXT ( 'NONE', 'WORKASPACE' ) );
#2083 = CARTESIAN_POINT ( 'NONE',  ( -5.370000000000009900, 5.369999999999973500, -7.559999999999931200 ) ) ;
#2084 = DIRECTION ( 'NONE',  ( -1.000000000000000000, 0.0000000000000000000, 3.491483361109382100E-015 ) ) ;
#2085 = VECTOR ( 'NONE', #2084, 1000.000000000000000 ) ;
#2086 = CARTESIAN_POINT ( 'NONE',  ( -6.510000000000012200, 5.369999999999973500, -7.559999999999926800 ) ) ;
#2087 = LINE ( 'NONE', #2086, #2085 ) ;
#2088 = DIRECTION ( 'NONE',  ( 3.491483361109382100E-015, 0.0000000000000000000, 1.000000000000000000 ) ) ;
#2089 = DIRECTION ( 'NONE',  ( -1.000000000000000000, 0.0000000000000000000, 3.491483361109382100E-015 ) ) ;
#2090 = CARTESIAN_POINT ( 'NONE',  ( -6.510000000000012200, 5.369999999999973500, -7.559999999999926800 ) ) ;
#2091 = AXIS2_PLACEMENT_3D ( 'NONE', #2090, #2089, #2088 ) ;
#2092 = PLANE ( 'NONE',  #2091 ) ;
#2093 =( GEOMETRIC_REPRESENTATION_CONTEXT ( 3 ) GLOBAL_UNCERTAINTY_ASSIGNED_CONTEXT ( ( #2094 ) ) GLOBAL_UNIT_ASSIGNED_CONTEXT ( ( #2097, #2096, #2095 ) ) REPRESENTATION_CONTEXT ( 'NONE', 'WORKASPACE' ) );
#2094 = UNCERTAINTY_MEASURE_WITH_UNIT (LENGTH_MEASURE( 1.000000000000000100E-005 ), #2097, 'distance_accuracy_value', 'NONE');
#2095 =( NAMED_UNIT ( * ) SI_UNIT ( $, .STERADIAN. ) SOLID_ANGLE_UNIT ( ) );
#2096 =( NAMED_UNIT ( * ) PLANE_ANGLE_UNIT ( ) SI_UNIT ( $, .RADIAN. ) );
#2097 =( LENGTH_UNIT ( ) NAMED_UNIT ( * ) SI_UNIT ( .MILLI., .METRE. ) );
#2098 = MECHANICAL_DESIGN_GEOMETRIC_PRESENTATION_REPRESENTATION (  '', ( #2100 ), #2093 ) ;
#2099 = PRESENTATION_LAYER_ASSIGNMENT (  '', '', ( #2100 ) ) ;
#2100 = STYLED_ITEM ( 'NONE', ( #2101 ), #503 ) ;
#2101 = PRESENTATION_STYLE_ASSIGNMENT (( #2102 ) ) ;
#2102 = SURFACE_STYLE_USAGE ( .BOTH. , #2103 ) ;
#2103 = SURFACE_SIDE_STYLE ('',( #2104 ) ) ;
#2104 = SURFACE_STYLE_FILL_AREA ( #2105 ) ;
#2105 = FILL_AREA_STYLE ('',( #2059 ) ) ;
#2106 = COLOUR_RGB ( '',0.7529411764705882200, 0.7529411764705882200, 0.7529411764705882200 ) ;
#2107 = FACE_OUTER_BOUND ( 'NONE', #474, .T. ) ;
#2108 = DIRECTION ( 'NONE',  ( 1.902109074535972000E-016, -1.000000000000000000, -6.641182184757512200E-031 ) ) ;
#2109 = DIRECTION ( 'NONE',  ( 1.000000000000000000, 1.902109074535972000E-016, -3.491483361109382100E-015 ) ) ;
#2110 =( GEOMETRIC_REPRESENTATION_CONTEXT ( 3 ) GLOBAL_UNCERTAINTY_ASSIGNED_CONTEXT ( ( #2112 ) ) GLOBAL_UNIT_ASSIGNED_CONTEXT ( ( #2115, #2114, #2113 ) ) REPRESENTATION_CONTEXT ( 'NONE', 'WORKASPACE' ) );
#2111 = ADVANCED_FACE ( 'NONE', ( #2846 ), #2883, .F. ) ;
#2112 = UNCERTAINTY_MEASURE_WITH_UNIT (LENGTH_MEASURE( 1.000000000000000100E-005 ), #2115, 'distance_accuracy_value', 'NONE');
#2113 =( NAMED_UNIT ( * ) SI_UNIT ( $, .STERADIAN. ) SOLID_ANGLE_UNIT ( ) );
#2114 =( NAMED_UNIT ( * ) PLANE_ANGLE_UNIT ( ) SI_UNIT ( $, .RADIAN. ) );
#2115 =( LENGTH_UNIT ( ) NAMED_UNIT ( * ) SI_UNIT ( .MILLI., .METRE. ) );
#2116 = MECHANICAL_DESIGN_GEOMETRIC_PRESENTATION_REPRESENTATION (  '', ( #2118 ), #2110 ) ;
#2117 = PRESENTATION_LAYER_ASSIGNMENT (  '', '', ( #2118 ) ) ;
#2118 = STYLED_ITEM ( 'NONE', ( #2119 ), #519 ) ;
#2119 = PRESENTATION_STYLE_ASSIGNMENT (( #2120 ) ) ;
#2120 = SURFACE_STYLE_USAGE ( .BOTH. , #2121 ) ;
#2121 = SURFACE_SIDE_STYLE ('',( #2122 ) ) ;
#2122 = SURFACE_STYLE_FILL_AREA ( #2123 ) ;
#2123 = FILL_AREA_STYLE ('',( #2130 ) ) ;
#2124 = COLOUR_RGB ( '',0.7529411764705882200, 0.7529411764705882200, 0.7529411764705882200 ) ;
#2125 = FACE_OUTER_BOUND ( 'NONE', #506, .T. ) ;
#2126 = DIRECTION ( 'NONE',  ( 1.000000000000000000, 0.0000000000000000000, -3.491483361109382100E-015 ) ) ;
#2127 = VECTOR ( 'NONE', #2126, 1000.000000000000000 ) ;
#2128 = CARTESIAN_POINT ( 'NONE',  ( -6.509999999999963400, 4.229999999999973800, 6.200000000000065900 ) ) ;
#2129 = LINE ( 'NONE', #2128, #2127 ) ;
#2130 = FILL_AREA_STYLE_COLOUR ( '', #2124 ) ;
#2131 = CARTESIAN_POINT ( 'NONE',  ( -6.509999999999963400, 5.369999999999973500, 6.200000000000065900 ) ) ;
#2132 = DIRECTION ( 'NONE',  ( -1.902109074535972000E-016, 1.000000000000000000, 6.641182184757512200E-031 ) ) ;
#2133 = VECTOR ( 'NONE', #2132, 1000.000000000000000 ) ;
#2134 = CARTESIAN_POINT ( 'NONE',  ( -5.369999999999961900, 5.369999999999973500, 6.200000000000062400 ) ) ;
#2135 = LINE ( 'NONE', #2134, #2133 ) ;
#2136 = CARTESIAN_POINT ( 'NONE',  ( -5.369999999999961900, 4.229999999999973800, 6.200000000000062400 ) ) ;
#2137 = CARTESIAN_POINT ( 'NONE',  ( -6.509999999999963400, 4.229999999999973800, 6.200000000000065900 ) ) ;
#2138 = DIRECTION ( 'NONE',  ( 3.491483361109382100E-015, 0.0000000000000000000, 1.000000000000000000 ) ) ;
#2139 = VECTOR ( 'NONE', #2138, 1000.000000000000000 ) ;
#2140 = CARTESIAN_POINT ( 'NONE',  ( -5.370000000000009900, 5.369999999999973500, -7.559999999999931200 ) ) ;
#2141 = LINE ( 'NONE', #2140, #2139 ) ;
#2142 =( NAMED_UNIT ( * ) SI_UNIT ( $, .STERADIAN. ) SOLID_ANGLE_UNIT ( ) );
#2143 =( NAMED_UNIT ( * ) PLANE_ANGLE_UNIT ( ) SI_UNIT ( $, .RADIAN. ) );
#2144 =( LENGTH_UNIT ( ) NAMED_UNIT ( * ) SI_UNIT ( .MILLI., .METRE. ) );
#2145 = MECHANICAL_DESIGN_GEOMETRIC_PRESENTATION_REPRESENTATION (  '', ( #2147 ), #2201 ) ;
#2146 = PRESENTATION_LAYER_ASSIGNMENT (  '', '', ( #2147 ) ) ;
#2147 = STYLED_ITEM ( 'NONE', ( #2148 ), #529 ) ;
#2148 = PRESENTATION_STYLE_ASSIGNMENT (( #2149 ) ) ;
#2149 = SURFACE_STYLE_USAGE ( .BOTH. , #2150 ) ;
#2150 = SURFACE_SIDE_STYLE ('',( #2151 ) ) ;
#2151 = SURFACE_STYLE_FILL_AREA ( #2152 ) ;
#2152 = FILL_AREA_STYLE ('',( #2159 ) ) ;
#2153 = COLOUR_RGB ( '',0.7529411764705882200, 0.7529411764705882200, 0.7529411764705882200 ) ;
#2154 = FACE_OUTER_BOUND ( 'NONE', #528, .T. ) ;
#2155 = DIRECTION ( 'NONE',  ( 3.491483361109382100E-015, 0.0000000000000000000, 1.000000000000000000 ) ) ;
#2156 = VECTOR ( 'NONE', #2155, 1000.000000000000000 ) ;
#2157 = CARTESIAN_POINT ( 'NONE',  ( -10.47000000000001100, 4.229999999999973800, -7.559999999999913500 ) ) ;
#2158 = LINE ( 'NONE', #2157, #2156 ) ;
#2159 = FILL_AREA_STYLE_COLOUR ( '', #2153 ) ;
#2160 = CARTESIAN_POINT ( 'NONE',  ( -5.370000000000017000, 3.659999999999992100, -9.269999999999907200 ) ) ;
#2161 = DIRECTION ( 'NONE',  ( 4.171321041665876800E-031, -1.000000000000000000, 1.194713137725073900E-016 ) ) ;
#2162 = VECTOR ( 'NONE', #2161, 1000.000000000000000 ) ;
#2163 = CARTESIAN_POINT ( 'NONE',  ( -5.370000000000017000, 3.659999999999992100, -9.269999999999907200 ) ) ;
#2164 = LINE ( 'NONE', #2163, #2162 ) ;
#2165 = ORIENTED_EDGE ( 'NONE', *, *, #1664, .T. ) ;
#2166 = DIRECTION ( 'NONE',  ( 3.550603605800551700E-015, 0.0000000000000000000, 1.000000000000000000 ) ) ;
#2167 = DIRECTION ( 'NONE',  ( -1.000000000000000000, 0.0000000000000000000, 3.491483361109382100E-015 ) ) ;
#2168 = CARTESIAN_POINT ( 'NONE',  ( -5.370000000000009900, 3.660000000000007200, -7.559999999999940100 ) ) ;
#2169 = AXIS2_PLACEMENT_3D ( 'NONE', #2168, #2167, #2166 ) ;
#2170 = CIRCLE ( 'NONE', #2169, 1.709999999999966700 ) ;
#2171 = DIRECTION ( 'NONE',  ( -1.000000000000000000, 0.0000000000000000000, 3.491483361109382100E-015 ) ) ;
#2172 = DIRECTION ( 'NONE',  ( 0.0000000000000000000, -1.000000000000000000, 0.0000000000000000000 ) ) ;
#2173 = CARTESIAN_POINT ( 'NONE',  ( -6.510000000000012200, 4.229999999999973800, -7.559999999999926800 ) ) ;
#2174 = AXIS2_PLACEMENT_3D ( 'NONE', #2173, #2172, #2171 ) ;
#2175 = PLANE ( 'NONE',  #2174 ) ;
#2176 =( NAMED_UNIT ( * ) PLANE_ANGLE_UNIT ( ) SI_UNIT ( $, .RADIAN. ) );
#2177 =( LENGTH_UNIT ( ) NAMED_UNIT ( * ) SI_UNIT ( .MILLI., .METRE. ) );
#2178 = MECHANICAL_DESIGN_GEOMETRIC_PRESENTATION_REPRESENTATION (  '', ( #2180 ), #2229 ) ;
#2179 = PRESENTATION_LAYER_ASSIGNMENT (  '', '', ( #2180 ) ) ;
#2180 = STYLED_ITEM ( 'NONE', ( #2181 ), #536 ) ;
#2181 = PRESENTATION_STYLE_ASSIGNMENT (( #2182 ) ) ;
#2182 = SURFACE_STYLE_USAGE ( .BOTH. , #2183 ) ;
#2183 = SURFACE_SIDE_STYLE ('',( #2184 ) ) ;
#2184 = SURFACE_STYLE_FILL_AREA ( #2185 ) ;
#2185 = FILL_AREA_STYLE ('',( #2186 ) ) ;
#2186 = FILL_AREA_STYLE_COLOUR ( '', #2187 ) ;
#2187 = COLOUR_RGB ( '',0.7529411764705882200, 0.7529411764705882200, 0.7529411764705882200 ) ;
#2188 = FACE_OUTER_BOUND ( 'NONE', #3990, .T. ) ;
#2189 = CARTESIAN_POINT ( 'NONE',  ( 5.369999999999987700, 3.660000000000008600, -8.129999999999943900 ) ) ;
#2190 = DIRECTION ( 'NONE',  ( 3.043374519257736300E-015, 0.0000000000000000000, 1.000000000000000000 ) ) ;
#2191 = DIRECTION ( 'NONE',  ( -1.000000000000000000, 0.0000000000000000000, 3.491483361109382100E-015 ) ) ;
#2192 = CARTESIAN_POINT ( 'NONE',  ( 5.369999999999989400, 3.660000000000007200, -7.559999999999978300 ) ) ;
#2193 = AXIS2_PLACEMENT_3D ( 'NONE', #2192, #2191, #2190 ) ;
#2194 = CIRCLE ( 'NONE', #2193, 0.5699999999999663100 ) ;
#2195 = CARTESIAN_POINT ( 'NONE',  ( -5.370000000000017000, -3.600000000000006800, -9.269999999999907200 ) ) ;
#2196 = DIRECTION ( 'NONE',  ( 1.000000000000000000, 0.0000000000000000000, -3.491483361109382100E-015 ) ) ;
#2197 = DIRECTION ( 'NONE',  ( 0.0000000000000000000, 1.000000000000000000, 0.0000000000000000000 ) ) ;
#2198 = CARTESIAN_POINT ( 'NONE',  ( 5.369999999999989400, 5.369999999999973500, -7.559999999999968500 ) ) ;
#2199 = AXIS2_PLACEMENT_3D ( 'NONE', #2198, #2197, #2196 ) ;
#2200 = PLANE ( 'NONE',  #2199 ) ;
#2201 =( GEOMETRIC_REPRESENTATION_CONTEXT ( 3 ) GLOBAL_UNCERTAINTY_ASSIGNED_CONTEXT ( ( #2202 ) ) GLOBAL_UNIT_ASSIGNED_CONTEXT ( ( #2144, #2143, #2142 ) ) REPRESENTATION_CONTEXT ( 'NONE', 'WORKASPACE' ) );
#2202 = UNCERTAINTY_MEASURE_WITH_UNIT (LENGTH_MEASURE( 1.000000000000000100E-005 ), #2144, 'distance_accuracy_value', 'NONE');
#2203 =( LENGTH_UNIT ( ) NAMED_UNIT ( * ) SI_UNIT ( .MILLI., .METRE. ) );
#2204 = MECHANICAL_DESIGN_GEOMETRIC_PRESENTATION_REPRESENTATION (  '', ( #2206 ), #2253 ) ;
#2205 = PRESENTATION_LAYER_ASSIGNMENT (  '', '', ( #2206 ) ) ;
#2206 = STYLED_ITEM ( 'NONE', ( #2207 ), #544 ) ;
#2207 = PRESENTATION_STYLE_ASSIGNMENT (( #2208 ) ) ;
#2208 = SURFACE_STYLE_USAGE ( .BOTH. , #2209 ) ;
#2209 = SURFACE_SIDE_STYLE ('',( #2210 ) ) ;
#2210 = SURFACE_STYLE_FILL_AREA ( #2211 ) ;
#2211 = FILL_AREA_STYLE ('',( #2218 ) ) ;
#2212 = COLOUR_RGB ( '',0.7529411764705882200, 0.7529411764705882200, 0.7529411764705882200 ) ;
#2213 = FACE_OUTER_BOUND ( 'NONE', #540, .T. ) ;
#2214 = DIRECTION ( 'NONE',  ( 4.171321041665876800E-031, -1.000000000000000000, 1.194713137725073900E-016 ) ) ;
#2215 = VECTOR ( 'NONE', #2214, 1000.000000000000000 ) ;
#2216 = CARTESIAN_POINT ( 'NONE',  ( 5.369999999999987700, 3.660000000000008600, -8.129999999999943900 ) ) ;
#2217 = LINE ( 'NONE', #2216, #2215 ) ;
#2218 = FILL_AREA_STYLE_COLOUR ( '', #2212 ) ;
#2219 = DIRECTION ( 'NONE',  ( -3.681694268562979500E-015, -1.437166900243591600E-014, -1.000000000000000000 ) ) ;
#2220 = VECTOR ( 'NONE', #2219, 1000.000000000000000 ) ;
#2221 = CARTESIAN_POINT ( 'NONE',  ( -5.370000000000017000, -3.600000000000006800, -9.269999999999907200 ) ) ;
#2222 = LINE ( 'NONE', #2221, #2220 ) ;
#2223 = CARTESIAN_POINT ( 'NONE',  ( 5.369999999999987700, -3.599999999999990300, -8.129999999999942200 ) ) ;
#2224 = DIRECTION ( 'NONE',  ( -1.000000000000000000, 0.0000000000000000000, 3.491483361109382100E-015 ) ) ;
#2225 = DIRECTION ( 'NONE',  ( 0.0000000000000000000, -1.000000000000000000, 0.0000000000000000000 ) ) ;
#2226 = CARTESIAN_POINT ( 'NONE',  ( -10.47000000000001100, 4.229999999999973800, -7.559999999999913500 ) ) ;
#2227 = AXIS2_PLACEMENT_3D ( 'NONE', #2226, #2225, #2224 ) ;
#2228 = PLANE ( 'NONE',  #2227 ) ;
#2229 =( GEOMETRIC_REPRESENTATION_CONTEXT ( 3 ) GLOBAL_UNCERTAINTY_ASSIGNED_CONTEXT ( ( #2230 ) ) GLOBAL_UNIT_ASSIGNED_CONTEXT ( ( #2177, #2176, #2231 ) ) REPRESENTATION_CONTEXT ( 'NONE', 'WORKASPACE' ) );
#2230 = UNCERTAINTY_MEASURE_WITH_UNIT (LENGTH_MEASURE( 1.000000000000000100E-005 ), #2177, 'distance_accuracy_value', 'NONE');
#2231 =( NAMED_UNIT ( * ) SI_UNIT ( $, .STERADIAN. ) SOLID_ANGLE_UNIT ( ) );
#2232 = LINE ( 'NONE', #2288, #2287 ) ;
#2233 = DIRECTION ( 'NONE',  ( -3.491483361109382100E-015, 0.0000000000000000000, -1.000000000000000000 ) ) ;
#2234 = DIRECTION ( 'NONE',  ( 1.000000000000000000, 0.0000000000000000000, -3.491483361109382100E-015 ) ) ;
#2235 = CARTESIAN_POINT ( 'NONE',  ( -11.85000000000000000, 0.0000000000000000000, -4.699999999999917600 ) ) ;
#2236 = AXIS2_PLACEMENT_3D ( 'NONE', #2235, #2234, #2233 ) ;
#2237 = PLANE ( 'NONE',  #2236 ) ;
#2238 = FACE_OUTER_BOUND ( 'NONE', #640, .T. ) ;
#2239 = CARTESIAN_POINT ( 'NONE',  ( 5.369999999999984100, -3.600000000000006800, -9.269999999999944500 ) ) ;
#2240 = DIRECTION ( 'NONE',  ( 3.491483361109382100E-015, 1.437166900243591600E-014, 1.000000000000000000 ) ) ;
#2241 = VECTOR ( 'NONE', #2240, 1000.000000000000000 ) ;
#2242 = CARTESIAN_POINT ( 'NONE',  ( 5.369999999999984100, -3.600000000000006800, -9.269999999999944500 ) ) ;
#2243 = LINE ( 'NONE', #2242, #2241 ) ;
#2244 = DIRECTION ( 'NONE',  ( 4.171321041665876800E-031, -1.000000000000000000, 1.194713137725073900E-016 ) ) ;
#2245 = VECTOR ( 'NONE', #2244, 1000.000000000000000 ) ;
#2246 = CARTESIAN_POINT ( 'NONE',  ( -5.370000000000009900, 3.660000000000008600, -8.129999999999906600 ) ) ;
#2247 = LINE ( 'NONE', #2246, #2245 ) ;
#2248 = DIRECTION ( 'NONE',  ( 3.491483361109382100E-015, 0.0000000000000000000, 1.000000000000000000 ) ) ;
#2249 = DIRECTION ( 'NONE',  ( -1.000000000000000000, 0.0000000000000000000, 3.491483361109382100E-015 ) ) ;
#2250 = CARTESIAN_POINT ( 'NONE',  ( -10.47000000000001100, 5.369999999999973500, -7.559999999999913500 ) ) ;
#2251 = AXIS2_PLACEMENT_3D ( 'NONE', #2250, #2249, #2248 ) ;
#2252 = PLANE ( 'NONE',  #2251 ) ;
#2253 =( GEOMETRIC_REPRESENTATION_CONTEXT ( 3 ) GLOBAL_UNCERTAINTY_ASSIGNED_CONTEXT ( ( #2254 ) ) GLOBAL_UNIT_ASSIGNED_CONTEXT ( ( #2203, #2256, #2255 ) ) REPRESENTATION_CONTEXT ( 'NONE', 'WORKASPACE' ) );
#2254 = UNCERTAINTY_MEASURE_WITH_UNIT (LENGTH_MEASURE( 1.000000000000000100E-005 ), #2203, 'distance_accuracy_value', 'NONE');
#2255 =( NAMED_UNIT ( * ) SI_UNIT ( $, .STERADIAN. ) SOLID_ANGLE_UNIT ( ) );
#2256 =( NAMED_UNIT ( * ) PLANE_ANGLE_UNIT ( ) SI_UNIT ( $, .RADIAN. ) );
#2257 = CARTESIAN_POINT ( 'NONE',  ( -6.510000000000001600, 4.229999999999973800, -4.699999999999936200 ) ) ;
#2258 = CARTESIAN_POINT ( 'NONE',  ( -5.370000000000000100, 4.229999999999973800, -4.699999999999940700 ) ) ;
#2259 = CARTESIAN_POINT ( 'NONE',  ( -2.550000000000000300, 5.369999999999973500, -4.699999999999949600 ) ) ;
#2260 = DIRECTION ( 'NONE',  ( 0.0000000000000000000, 1.000000000000000000, 0.0000000000000000000 ) ) ;
#2261 = VECTOR ( 'NONE', #2260, 1000.000000000000000 ) ;
#2262 = CARTESIAN_POINT ( 'NONE',  ( -2.550000000000000300, 0.0000000000000000000, -4.699999999999949600 ) ) ;
#2263 = LINE ( 'NONE', #2262, #2261 ) ;
#2264 = CARTESIAN_POINT ( 'NONE',  ( -1.409999999999999700, 5.369999999999973500, -4.699999999999954000 ) ) ;
#2265 = DIRECTION ( 'NONE',  ( 1.902109074535972000E-016, -1.000000000000000000, -6.641182184757512200E-031 ) ) ;
#2266 = VECTOR ( 'NONE', #2265, 1000.000000000000000 ) ;
#2267 = CARTESIAN_POINT ( 'NONE',  ( -1.409999999999998100, 1.985801873815555000E-015, -4.699999999999954000 ) ) ;
#2268 = LINE ( 'NONE', #2267, #2266 ) ;
#2269 = DIRECTION ( 'NONE',  ( 1.000000000000000000, 0.0000000000000000000, -3.491483361109382100E-015 ) ) ;
#2270 = VECTOR ( 'NONE', #2269, 1000.000000000000000 ) ;
#2271 = CARTESIAN_POINT ( 'NONE',  ( -11.85000000000000000, 5.369999999999973500, -4.699999999999917600 ) ) ;
#2272 = LINE ( 'NONE', #2271, #2270 ) ;
#2273 = CARTESIAN_POINT ( 'NONE',  ( 1.409999999999999700, 5.369999999999973500, -4.699999999999963800 ) ) ;
#2274 = CARTESIAN_POINT ( 'NONE',  ( -1.409999999999999700, 4.229999999999973800, -4.699999999999954000 ) ) ;
#2275 = DIRECTION ( 'NONE',  ( -1.000000000000000000, 0.0000000000000000000, 3.491483361109382100E-015 ) ) ;
#2276 = VECTOR ( 'NONE', #2275, 1000.000000000000000 ) ;
#2277 = CARTESIAN_POINT ( 'NONE',  ( -11.85000000000000000, 4.229999999999973800, -4.699999999999917600 ) ) ;
#2278 = LINE ( 'NONE', #2277, #2276 ) ;
#2279 = CARTESIAN_POINT ( 'NONE',  ( -6.510000000000001600, 5.369999999999973500, -4.699999999999936200 ) ) ;
#2280 = CARTESIAN_POINT ( 'NONE',  ( -5.370000000000000100, 5.369999999999973500, -4.699999999999940700 ) ) ;
#2281 = CARTESIAN_POINT ( 'NONE',  ( -2.550000000000000300, 4.229999999999973800, -4.699999999999949600 ) ) ;
#2282 = DIRECTION ( 'NONE',  ( 4.171321041665876800E-031, -1.000000000000000000, 1.194713137725073900E-016 ) ) ;
#2283 = VECTOR ( 'NONE', #2282, 1000.000000000000000 ) ;
#2284 = CARTESIAN_POINT ( 'NONE',  ( 5.369999999999984100, 3.659999999999992100, -9.269999999999944500 ) ) ;
#2285 = LINE ( 'NONE', #2284, #2283 ) ;
#2286 = DIRECTION ( 'NONE',  ( 3.491483361109382100E-015, 0.0000000000000000000, 1.000000000000000000 ) ) ;
#2287 = VECTOR ( 'NONE', #2286, 1000.000000000000000 ) ;
#2288 = CARTESIAN_POINT ( 'NONE',  ( -10.47000000000001100, 5.369999999999973500, -7.559999999999913500 ) ) ;
#2289 = VECTOR ( 'NONE', #2353, 1000.000000000000000 ) ;
#2290 = CARTESIAN_POINT ( 'NONE',  ( -11.85000000000000000, 5.369999999999973500, -4.699999999999917600 ) ) ;
#2291 = LINE ( 'NONE', #2290, #2289 ) ;
#2292 = EDGE_CURVE ( 'NONE', #4153, #326, #2878, .T. ) ;
#2293 = DIRECTION ( 'NONE',  ( 0.0000000000000000000, 1.000000000000000000, 0.0000000000000000000 ) ) ;
#2294 = VECTOR ( 'NONE', #2293, 1000.000000000000000 ) ;
#2295 = CARTESIAN_POINT ( 'NONE',  ( -11.85000000000000000, 0.0000000000000000000, -4.699999999999917600 ) ) ;
#2296 = LINE ( 'NONE', #2295, #2294 ) ;
#2297 = CARTESIAN_POINT ( 'NONE',  ( -11.85000000000000000, 0.0000000000000000000, -4.699999999999917600 ) ) ;
#2298 = CARTESIAN_POINT ( 'NONE',  ( -11.85000000000000000, 6.799999999999982900, -4.699999999999917600 ) ) ;
#2299 = DIRECTION ( 'NONE',  ( -1.000000000000000000, 0.0000000000000000000, 3.491483361109382100E-015 ) ) ;
#2300 = VECTOR ( 'NONE', #2299, 1000.000000000000000 ) ;
#2301 = CARTESIAN_POINT ( 'NONE',  ( -10.59999999999999800, 6.799999999999959000, -4.699999999999922000 ) ) ;
#2302 = LINE ( 'NONE', #2301, #2300 ) ;
#2303 = DIRECTION ( 'NONE',  ( 1.000000000000000000, 0.0000000000000000000, -3.491483361109382100E-015 ) ) ;
#2304 = VECTOR ( 'NONE', #2303, 1000.000000000000000 ) ;
#2305 = CARTESIAN_POINT ( 'NONE',  ( -11.85000000000000000, 5.369999999999973500, -4.699999999999917600 ) ) ;
#2306 = LINE ( 'NONE', #2305, #2304 ) ;
#2307 = DIRECTION ( 'NONE',  ( 0.0000000000000000000, 1.000000000000000000, 0.0000000000000000000 ) ) ;
#2308 = VECTOR ( 'NONE', #2307, 1000.000000000000000 ) ;
#2309 = CARTESIAN_POINT ( 'NONE',  ( -6.510000000000001600, 0.0000000000000000000, -4.699999999999936200 ) ) ;
#2310 = LINE ( 'NONE', #2309, #2308 ) ;
#2311 = DIRECTION ( 'NONE',  ( -1.000000000000000000, 0.0000000000000000000, 3.491483361109382100E-015 ) ) ;
#2312 = VECTOR ( 'NONE', #2311, 1000.000000000000000 ) ;
#2313 = CARTESIAN_POINT ( 'NONE',  ( -11.85000000000000000, 4.229999999999973800, -4.699999999999917600 ) ) ;
#2314 = LINE ( 'NONE', #2313, #2312 ) ;
#2315 = DIRECTION ( 'NONE',  ( 1.902109074535972000E-016, -1.000000000000000000, -6.641182184757512200E-031 ) ) ;
#2316 = VECTOR ( 'NONE', #2315, 1000.000000000000000 ) ;
#2317 = CARTESIAN_POINT ( 'NONE',  ( -5.370000000000000100, 1.232566680299310000E-015, -4.699999999999940700 ) ) ;
#2318 = LINE ( 'NONE', #2317, #2316 ) ;
#2319 = DIRECTION ( 'NONE',  ( 1.000000000000000000, 0.0000000000000000000, -3.491483361109382100E-015 ) ) ;
#2320 = VECTOR ( 'NONE', #2319, 1000.000000000000000 ) ;
#2321 = CARTESIAN_POINT ( 'NONE',  ( -11.85000000000000000, 5.369999999999973500, -4.699999999999917600 ) ) ;
#2322 = LINE ( 'NONE', #2321, #2320 ) ;
#2323 =( LENGTH_UNIT ( ) NAMED_UNIT ( * ) SI_UNIT ( .MILLI., .METRE. ) );
#2324 = CARTESIAN_POINT ( 'NONE',  ( 5.370000000000000100, 4.229999999999973800, -4.699999999999978000 ) ) ;
#2325 = DIRECTION ( 'NONE',  ( 0.0000000000000000000, 1.000000000000000000, 0.0000000000000000000 ) ) ;
#2326 = VECTOR ( 'NONE', #2325, 1000.000000000000000 ) ;
#2327 = CARTESIAN_POINT ( 'NONE',  ( 9.329999999999998300, 0.0000000000000000000, -4.699999999999991300 ) ) ;
#2328 = LINE ( 'NONE', #2327, #2326 ) ;
#2329 = CARTESIAN_POINT ( 'NONE',  ( 9.330000000000001800, 5.369999999999973500, -4.699999999999991300 ) ) ;
#2330 = CARTESIAN_POINT ( 'NONE',  ( 5.370000000000000100, 5.369999999999973500, -4.699999999999978000 ) ) ;
#2331 = DIRECTION ( 'NONE',  ( 1.902109074535972000E-016, -1.000000000000000000, -6.641182184757512200E-031 ) ) ;
#2332 = VECTOR ( 'NONE', #2331, 1000.000000000000000 ) ;
#2333 = CARTESIAN_POINT ( 'NONE',  ( 10.47000000000000100, 4.245507454364288800E-015, -4.699999999999994800 ) ) ;
#2334 = LINE ( 'NONE', #2333, #2332 ) ;
#2335 = CARTESIAN_POINT ( 'NONE',  ( 2.550000000000000300, 5.369999999999973500, -4.699999999999968200 ) ) ;
#2336 = DIRECTION ( 'NONE',  ( 1.902109074535972000E-016, -1.000000000000000000, -6.641182184757512200E-031 ) ) ;
#2337 = VECTOR ( 'NONE', #2336, 1000.000000000000000 ) ;
#2338 = CARTESIAN_POINT ( 'NONE',  ( 6.510000000000001600, 3.492272260848045000E-015, -4.699999999999981500 ) ) ;
#2339 = LINE ( 'NONE', #2338, #2337 ) ;
#2340 = DIRECTION ( 'NONE',  ( 1.000000000000000000, 0.0000000000000000000, -3.491483361109382100E-015 ) ) ;
#2341 = VECTOR ( 'NONE', #2340, 1000.000000000000000 ) ;
#2342 = CARTESIAN_POINT ( 'NONE',  ( -11.85000000000000000, 5.369999999999973500, -4.699999999999917600 ) ) ;
#2343 = LINE ( 'NONE', #2342, #2341 ) ;
#2344 = DIRECTION ( 'NONE',  ( 0.0000000000000000000, 1.000000000000000000, 0.0000000000000000000 ) ) ;
#2345 = VECTOR ( 'NONE', #2344, 1000.000000000000000 ) ;
#2346 = CARTESIAN_POINT ( 'NONE',  ( 5.370000000000000100, 0.0000000000000000000, -4.699999999999978000 ) ) ;
#2347 = LINE ( 'NONE', #2346, #2345 ) ;
#2348 = DIRECTION ( 'NONE',  ( -1.000000000000000000, 0.0000000000000000000, 3.491483361109382100E-015 ) ) ;
#2349 = VECTOR ( 'NONE', #2348, 1000.000000000000000 ) ;
#2350 = CARTESIAN_POINT ( 'NONE',  ( -11.85000000000000000, 4.229999999999973800, -4.699999999999917600 ) ) ;
#2351 = LINE ( 'NONE', #2350, #2349 ) ;
#2352 = CARTESIAN_POINT ( 'NONE',  ( 6.509999999999998000, 4.229999999999973800, -4.699999999999981500 ) ) ;
#2353 = DIRECTION ( 'NONE',  ( 1.000000000000000000, 0.0000000000000000000, -3.491483361109382100E-015 ) ) ;
#2354 = CARTESIAN_POINT ( 'NONE',  ( -10.59999999999999800, 8.000000000000000000, -4.699999999999922000 ) ) ;
#2355 = CARTESIAN_POINT ( 'NONE',  ( 10.60000000000000000, 8.000000000000000000, -4.699999999999995700 ) ) ;
#2356 = CARTESIAN_POINT ( 'NONE',  ( -11.84999999999998900, 0.0000000000000000000, -1.499999999999917200 ) ) ;
#2357 = DIRECTION ( 'NONE',  ( -3.491483361109382100E-015, 0.0000000000000000000, -1.000000000000000000 ) ) ;
#2358 = VECTOR ( 'NONE', #2357, 1000.000000000000000 ) ;
#2359 = CARTESIAN_POINT ( 'NONE',  ( -11.84999999999998900, 0.0000000000000000000, -1.499999999999917200 ) ) ;
#2360 = LINE ( 'NONE', #2359, #2358 ) ;
#2361 = CARTESIAN_POINT ( 'NONE',  ( 1.409999999999999700, 4.229999999999973800, -4.699999999999963800 ) ) ;
#2362 = DIRECTION ( 'NONE',  ( 0.0000000000000000000, 1.000000000000000000, 0.0000000000000000000 ) ) ;
#2363 = VECTOR ( 'NONE', #2362, 1000.000000000000000 ) ;
#2364 = CARTESIAN_POINT ( 'NONE',  ( 1.409999999999999700, 0.0000000000000000000, -4.699999999999963800 ) ) ;
#2365 = LINE ( 'NONE', #2364, #2363 ) ;
#2366 = CARTESIAN_POINT ( 'NONE',  ( 2.550000000000000300, 4.229999999999973800, -4.699999999999968200 ) ) ;
#2367 = CARTESIAN_POINT ( 'NONE',  ( 9.330000000000000100, 4.229999999999973800, -4.699999999999991300 ) ) ;
#2368 = DIRECTION ( 'NONE',  ( 1.000000000000000000, 0.0000000000000000000, -3.491483361109382100E-015 ) ) ;
#2369 = VECTOR ( 'NONE', #2368, 1000.000000000000000 ) ;
#2370 = CARTESIAN_POINT ( 'NONE',  ( -11.85000000000000000, 5.369999999999973500, -4.699999999999917600 ) ) ;
#2371 = LINE ( 'NONE', #2370, #2369 ) ;
#2372 = CARTESIAN_POINT ( 'NONE',  ( 10.47000000000000100, 4.229999999999973800, -4.699999999999994800 ) ) ;
#2373 = DIRECTION ( 'NONE',  ( -1.000000000000000000, 0.0000000000000000000, 3.491483361109382100E-015 ) ) ;
#2374 = VECTOR ( 'NONE', #2373, 1000.000000000000000 ) ;
#2375 = CARTESIAN_POINT ( 'NONE',  ( -11.85000000000000000, 4.229999999999973800, -4.699999999999917600 ) ) ;
#2376 = LINE ( 'NONE', #2375, #2374 ) ;
#2377 = CARTESIAN_POINT ( 'NONE',  ( 10.46999999999999900, 5.369999999999973500, -4.699999999999994800 ) ) ;
#2378 = DIRECTION ( 'NONE',  ( 1.902109074535972000E-016, -1.000000000000000000, -6.641182184757512200E-031 ) ) ;
#2379 = VECTOR ( 'NONE', #2378, 1000.000000000000000 ) ;
#2380 = CARTESIAN_POINT ( 'NONE',  ( 2.550000000000002000, 2.739037067331800000E-015, -4.699999999999968200 ) ) ;
#2381 = LINE ( 'NONE', #2380, #2379 ) ;
#2382 = ORIENTED_EDGE ( 'NONE', *, *, #466, .F. ) ;
#2383 = CARTESIAN_POINT ( 'NONE',  ( 6.510000000000000700, 5.369999999999973500, -4.699999999999981500 ) ) ;
#2384 = DIRECTION ( 'NONE',  ( -1.000000000000000000, 0.0000000000000000000, 3.491483361109382100E-015 ) ) ;
#2385 = VECTOR ( 'NONE', #2384, 1000.000000000000000 ) ;
#2386 = CARTESIAN_POINT ( 'NONE',  ( -11.85000000000000000, 4.229999999999973800, -4.699999999999917600 ) ) ;
#2387 = LINE ( 'NONE', #2386, #2385 ) ;
#2388 = LINE ( 'NONE', #2455, #2454 ) ;
#2389 = DIRECTION ( 'NONE',  ( 0.0000000000000000000, 1.000000000000000000, 0.0000000000000000000 ) ) ;
#2390 = VECTOR ( 'NONE', #2389, 1000.000000000000000 ) ;
#2391 = CARTESIAN_POINT ( 'NONE',  ( 11.85000000000000000, 0.0000000000000000000, -4.700000000000000200 ) ) ;
#2392 = LINE ( 'NONE', #2391, #2390 ) ;
#2393 = CARTESIAN_POINT ( 'NONE',  ( 11.85000000000000000, 0.0000000000000000000, -4.700000000000000200 ) ) ;
#2394 = CARTESIAN_POINT ( 'NONE',  ( 11.85000000000000000, 6.799999999999959000, -4.700000000000000200 ) ) ;
#2395 = DIRECTION ( 'NONE',  ( 1.000000000000000000, 0.0000000000000000000, -3.491483361109382100E-015 ) ) ;
#2396 = VECTOR ( 'NONE', #2395, 1000.000000000000000 ) ;
#2397 = CARTESIAN_POINT ( 'NONE',  ( -11.85000000000000000, 8.000000000000000000, -4.699999999999917600 ) ) ;
#2398 = LINE ( 'NONE', #2397, #2396 ) ;
#2399 = CARTESIAN_POINT ( 'NONE',  ( -10.46999999999999000, 4.229999999999973800, -1.499999999999921600 ) ) ;
#2400 = CARTESIAN_POINT ( 'NONE',  ( -10.46999999999999000, 5.369999999999973500, -1.499999999999921200 ) ) ;
#2401 = CARTESIAN_POINT ( 'NONE',  ( -11.84999999999998900, 6.799999999999975000, -1.499999999999916700 ) ) ;
#2402 = DIRECTION ( 'NONE',  ( 3.491483361109382100E-015, 5.167261417803254300E-015, 1.000000000000000000 ) ) ;
#2403 = VECTOR ( 'NONE', #2402, 1000.000000000000000 ) ;
#2404 = CARTESIAN_POINT ( 'NONE',  ( -11.85000000000000000, 6.799999999999959000, -4.699999999999952200 ) ) ;
#2405 = LINE ( 'NONE', #2404, #2403 ) ;
#2406 = CARTESIAN_POINT ( 'NONE',  ( 10.60000000000000000, 6.799999999999959000, -4.699999999999995700 ) ) ;
#2407 = DIRECTION ( 'NONE',  ( 0.0000000000000000000, 1.000000000000000000, 0.0000000000000000000 ) ) ;
#2408 = VECTOR ( 'NONE', #2407, 1000.000000000000000 ) ;
#2409 = CARTESIAN_POINT ( 'NONE',  ( 10.60000000000000000, 8.000000000000000000, -4.699999999999995700 ) ) ;
#2410 = LINE ( 'NONE', #2409, #2408 ) ;
#2411 = DIRECTION ( 'NONE',  ( 1.000000000000000000, 0.0000000000000000000, -3.491483361109382100E-015 ) ) ;
#2412 = VECTOR ( 'NONE', #2411, 1000.000000000000000 ) ;
#2413 = CARTESIAN_POINT ( 'NONE',  ( -11.85000000000000000, 0.0000000000000000000, -4.699999999999917600 ) ) ;
#2414 = LINE ( 'NONE', #2413, #2412 ) ;
#2415 = DIRECTION ( 'NONE',  ( 1.000000000000000000, 0.0000000000000000000, -3.491483361109382100E-015 ) ) ;
#2416 = VECTOR ( 'NONE', #2415, 1000.000000000000000 ) ;
#2417 = CARTESIAN_POINT ( 'NONE',  ( 10.60000000000000000, 6.799999999999959000, -4.699999999999995700 ) ) ;
#2418 = LINE ( 'NONE', #2417, #2416 ) ;
#2419 = LINE ( 'NONE', #2489, #2488 ) ;
#2420 = FILL_AREA_STYLE_COLOUR ( '', #2485 ) ;
#2421 = CARTESIAN_POINT ( 'NONE',  ( 11.85000000000001000, 0.0000000000000000000, -1.500000000000000000 ) ) ;
#2422 = CARTESIAN_POINT ( 'NONE',  ( -10.59999999999999800, 6.799999999999959000, -4.699999999999922000 ) ) ;
#2423 = DIRECTION ( 'NONE',  ( 1.000000000000000000, 0.0000000000000000000, -3.491483361109382100E-015 ) ) ;
#2424 = VECTOR ( 'NONE', #2423, 1000.000000000000000 ) ;
#2425 = CARTESIAN_POINT ( 'NONE',  ( -11.84999999999998900, 0.0000000000000000000, -1.499999999999917200 ) ) ;
#2426 = LINE ( 'NONE', #2425, #2424 ) ;
#2427 = DIRECTION ( 'NONE',  ( -3.491483361109382100E-015, 0.0000000000000000000, -1.000000000000000000 ) ) ;
#2428 = VECTOR ( 'NONE', #2427, 1000.000000000000000 ) ;
#2429 = CARTESIAN_POINT ( 'NONE',  ( 11.85000000000001000, 0.0000000000000000000, -1.500000000000000000 ) ) ;
#2430 = LINE ( 'NONE', #2429, #2428 ) ;
#2431 = DIRECTION ( 'NONE',  ( -4.453498641543274300E-031, -1.000000000000000000, -1.275531967630005200E-016 ) ) ;
#2432 = DIRECTION ( 'NONE',  ( 3.491483361109382100E-015, -1.275531967630005200E-016, 1.000000000000000000 ) ) ;
#2433 = CARTESIAN_POINT ( 'NONE',  ( -11.84999999999998900, 6.799999999999999800, -1.499999999999916300 ) ) ;
#2434 = AXIS2_PLACEMENT_3D ( 'NONE', #2433, #2432, #2431 ) ;
#2435 = PLANE ( 'NONE',  #2434 ) ;
#2436 = FACE_OUTER_BOUND ( 'NONE', #4039, .T. ) ;
#2437 = FACE_BOUND ( 'NONE', #67, .T. ) ;
#2438 = FACE_BOUND ( 'NONE', #4194, .T. ) ;
#2439 = FACE_BOUND ( 'NONE', #31, .T. ) ;
#2440 = FACE_BOUND ( 'NONE', #87, .T. ) ;
#2441 = FACE_BOUND ( 'NONE', #351, .T. ) ;
#2442 = FACE_BOUND ( 'NONE', #656, .T. ) ;
#2443 = DIRECTION ( 'NONE',  ( -4.453498641543274300E-031, -1.000000000000000000, -1.275531967630005200E-016 ) ) ;
#2444 = VECTOR ( 'NONE', #2443, 1000.000000000000000 ) ;
#2445 = CARTESIAN_POINT ( 'NONE',  ( -11.84999999999998900, 6.799999999999999800, -1.499999999999916300 ) ) ;
#2446 = LINE ( 'NONE', #2445, #2444 ) ;
#2447 = DIRECTION ( 'NONE',  ( -1.000000000000000000, 0.0000000000000000000, 3.491483361109382100E-015 ) ) ;
#2448 = DIRECTION ( 'NONE',  ( 0.0000000000000000000, -1.000000000000000000, 0.0000000000000000000 ) ) ;
#2449 = CARTESIAN_POINT ( 'NONE',  ( -11.84999999999998900, 0.0000000000000000000, -1.499999999999917200 ) ) ;
#2450 = AXIS2_PLACEMENT_3D ( 'NONE', #2449, #2448, #2447 ) ;
#2451 = PLANE ( 'NONE',  #2450 ) ;
#2452 = FACE_OUTER_BOUND ( 'NONE', #669, .T. ) ;
#2453 = DIRECTION ( 'NONE',  ( -4.453498641543274300E-031, -1.000000000000000000, -1.275531967630005200E-016 ) ) ;
#2454 = VECTOR ( 'NONE', #2453, 1000.000000000000000 ) ;
#2455 = CARTESIAN_POINT ( 'NONE',  ( -10.46999999999999000, 6.799999999999999800, -1.499999999999921200 ) ) ;
#2456 = MECHANICAL_DESIGN_GEOMETRIC_PRESENTATION_REPRESENTATION (  '', ( #2458 ), #2510 ) ;
#2457 = PRESENTATION_LAYER_ASSIGNMENT (  '', '', ( #2458 ) ) ;
#2458 = STYLED_ITEM ( 'NONE', ( #2459 ), #690 ) ;
#2459 = PRESENTATION_STYLE_ASSIGNMENT (( #2460 ) ) ;
#2460 = SURFACE_STYLE_USAGE ( .BOTH. , #2461 ) ;
#2461 = SURFACE_SIDE_STYLE ('',( #2462 ) ) ;
#2462 = SURFACE_STYLE_FILL_AREA ( #2469 ) ;
#2463 = COLOUR_RGB ( '',0.7529411764705882200, 0.7529411764705882200, 0.7529411764705882200 ) ;
#2464 = FACE_OUTER_BOUND ( 'NONE', #691, .T. ) ;
#2465 = DIRECTION ( 'NONE',  ( 3.043374519257736300E-015, 0.0000000000000000000, 1.000000000000000000 ) ) ;
#2466 = DIRECTION ( 'NONE',  ( -1.000000000000000000, 0.0000000000000000000, 3.491483361109382100E-015 ) ) ;
#2467 = AXIS2_PLACEMENT_3D ( 'NONE', #2471, #2466, #2465 ) ;
#2468 = CYLINDRICAL_SURFACE ( 'NONE', #2467, 0.5699999999999663100 ) ;
#2469 = FILL_AREA_STYLE ('',( #2470 ) ) ;
#2470 = FILL_AREA_STYLE_COLOUR ( '', #2463 ) ;
#2471 = CARTESIAN_POINT ( 'NONE',  ( 5.939999999999988800, 3.660000000000007200, -7.559999999999980100 ) ) ;
#2472 =( GEOMETRIC_REPRESENTATION_CONTEXT ( 3 ) GLOBAL_UNCERTAINTY_ASSIGNED_CONTEXT ( ( #2473 ) ) GLOBAL_UNIT_ASSIGNED_CONTEXT ( ( #2476, #2475, #2474 ) ) REPRESENTATION_CONTEXT ( 'NONE', 'WORKASPACE' ) );
#2473 = UNCERTAINTY_MEASURE_WITH_UNIT (LENGTH_MEASURE( 1.000000000000000100E-005 ), #2476, 'distance_accuracy_value', 'NONE');
#2474 =( NAMED_UNIT ( * ) SI_UNIT ( $, .STERADIAN. ) SOLID_ANGLE_UNIT ( ) );
#2475 =( NAMED_UNIT ( * ) PLANE_ANGLE_UNIT ( ) SI_UNIT ( $, .RADIAN. ) );
#2476 =( LENGTH_UNIT ( ) NAMED_UNIT ( * ) SI_UNIT ( .MILLI., .METRE. ) );
#2477 = MECHANICAL_DESIGN_GEOMETRIC_PRESENTATION_REPRESENTATION (  '', ( #2479 ), #2472 ) ;
#2478 = PRESENTATION_LAYER_ASSIGNMENT (  '', '', ( #2479 ) ) ;
#2479 = STYLED_ITEM ( 'NONE', ( #2480 ), #684 ) ;
#2480 = PRESENTATION_STYLE_ASSIGNMENT (( #2481 ) ) ;
#2481 = SURFACE_STYLE_USAGE ( .BOTH. , #2482 ) ;
#2482 = SURFACE_SIDE_STYLE ('',( #2483 ) ) ;
#2483 = SURFACE_STYLE_FILL_AREA ( #2484 ) ;
#2484 = FILL_AREA_STYLE ('',( #2420 ) ) ;
#2485 = COLOUR_RGB ( '',0.7529411764705882200, 0.7529411764705882200, 0.7529411764705882200 ) ;
#2486 = FACE_OUTER_BOUND ( 'NONE', #685, .T. ) ;
#2487 = DIRECTION ( 'NONE',  ( 0.0000000000000000000, 1.000000000000000000, 0.0000000000000000000 ) ) ;
#2488 = VECTOR ( 'NONE', #2487, 1000.000000000000000 ) ;
#2489 = CARTESIAN_POINT ( 'NONE',  ( -10.59999999999999800, 8.000000000000000000, -4.699999999999922000 ) ) ;
#2490 = UNCERTAINTY_MEASURE_WITH_UNIT (LENGTH_MEASURE( 1.000000000000000100E-005 ), #2493, 'distance_accuracy_value', 'NONE');
#2491 =( NAMED_UNIT ( * ) SI_UNIT ( $, .STERADIAN. ) SOLID_ANGLE_UNIT ( ) );
#2492 =( NAMED_UNIT ( * ) PLANE_ANGLE_UNIT ( ) SI_UNIT ( $, .RADIAN. ) );
#2493 =( LENGTH_UNIT ( ) NAMED_UNIT ( * ) SI_UNIT ( .MILLI., .METRE. ) );
#2494 = MECHANICAL_DESIGN_GEOMETRIC_PRESENTATION_REPRESENTATION (  '', ( #2496 ), #2542 ) ;
#2495 = PRESENTATION_LAYER_ASSIGNMENT (  '', '', ( #2496 ) ) ;
#2496 = STYLED_ITEM ( 'NONE', ( #2497 ), #694 ) ;
#2497 = PRESENTATION_STYLE_ASSIGNMENT (( #2498 ) ) ;
#2498 = SURFACE_STYLE_USAGE ( .BOTH. , #2499 ) ;
#2499 = SURFACE_SIDE_STYLE ('',( #2500 ) ) ;
#2500 = SURFACE_STYLE_FILL_AREA ( #2501 ) ;
#2501 = FILL_AREA_STYLE ('',( #2508 ) ) ;
#2502 = COLOUR_RGB ( '',0.7529411764705882200, 0.7529411764705882200, 0.7529411764705882200 ) ;
#2503 = FACE_OUTER_BOUND ( 'NONE', #695, .T. ) ;
#2504 = DIRECTION ( 'NONE',  ( 1.000000000000000000, 0.0000000000000000000, -3.491483361109382100E-015 ) ) ;
#2505 = DIRECTION ( 'NONE',  ( -5.017844319337647300E-029, 1.000000000000000000, -1.437166900243591600E-014 ) ) ;
#2506 = CARTESIAN_POINT ( 'NONE',  ( 5.369999999999987700, -3.599999999999990300, -8.129999999999942200 ) ) ;
#2507 = AXIS2_PLACEMENT_3D ( 'NONE', #2506, #2505, #2504 ) ;
#2508 = FILL_AREA_STYLE_COLOUR ( '', #2502 ) ;
#2509 = PLANE ( 'NONE',  #2507 ) ;
#2510 =( GEOMETRIC_REPRESENTATION_CONTEXT ( 3 ) GLOBAL_UNCERTAINTY_ASSIGNED_CONTEXT ( ( #2511 ) ) GLOBAL_UNIT_ASSIGNED_CONTEXT ( ( #2514, #2513, #2512 ) ) REPRESENTATION_CONTEXT ( 'NONE', 'WORKASPACE' ) );
#2511 = UNCERTAINTY_MEASURE_WITH_UNIT (LENGTH_MEASURE( 1.000000000000000100E-005 ), #2514, 'distance_accuracy_value', 'NONE');
#2512 =( NAMED_UNIT ( * ) SI_UNIT ( $, .STERADIAN. ) SOLID_ANGLE_UNIT ( ) );
#2513 =( NAMED_UNIT ( * ) PLANE_ANGLE_UNIT ( ) SI_UNIT ( $, .RADIAN. ) );
#2514 =( LENGTH_UNIT ( ) NAMED_UNIT ( * ) SI_UNIT ( .MILLI., .METRE. ) );
#2515 =( NAMED_UNIT ( * ) SI_UNIT ( $, .STERADIAN. ) SOLID_ANGLE_UNIT ( ) );
#2516 =( NAMED_UNIT ( * ) PLANE_ANGLE_UNIT ( ) SI_UNIT ( $, .RADIAN. ) );
#2517 =( LENGTH_UNIT ( ) NAMED_UNIT ( * ) SI_UNIT ( .MILLI., .METRE. ) );
#2518 = MECHANICAL_DESIGN_GEOMETRIC_PRESENTATION_REPRESENTATION (  '', ( #2520 ), #2569 ) ;
#2519 = PRESENTATION_LAYER_ASSIGNMENT (  '', '', ( #2520 ) ) ;
#2520 = STYLED_ITEM ( 'NONE', ( #2521 ), #702 ) ;
#2521 = PRESENTATION_STYLE_ASSIGNMENT (( #2522 ) ) ;
#2522 = SURFACE_STYLE_USAGE ( .BOTH. , #2523 ) ;
#2523 = SURFACE_SIDE_STYLE ('',( #2524 ) ) ;
#2524 = SURFACE_STYLE_FILL_AREA ( #2525 ) ;
#2525 = FILL_AREA_STYLE ('',( #2532 ) ) ;
#2526 = COLOUR_RGB ( '',0.7529411764705882200, 0.7529411764705882200, 0.7529411764705882200 ) ;
#2527 = FACE_OUTER_BOUND ( 'NONE', #703, .T. ) ;
#2528 = DIRECTION ( 'NONE',  ( 1.000000000000000000, 0.0000000000000000000, -3.491483361109382100E-015 ) ) ;
#2529 = VECTOR ( 'NONE', #2528, 1000.000000000000000 ) ;
#2530 = CARTESIAN_POINT ( 'NONE',  ( 5.369999999999987700, -3.599999999999990300, -8.129999999999942200 ) ) ;
#2531 = LINE ( 'NONE', #2530, #2529 ) ;
#2532 = FILL_AREA_STYLE_COLOUR ( '', #2526 ) ;
#2533 = DIRECTION ( 'NONE',  ( 1.000000000000000000, 0.0000000000000000000, -3.491483361109382100E-015 ) ) ;
#2534 = VECTOR ( 'NONE', #2533, 1000.000000000000000 ) ;
#2535 = CARTESIAN_POINT ( 'NONE',  ( 5.369999999999987700, 3.660000000000008600, -8.129999999999943900 ) ) ;
#2536 = LINE ( 'NONE', #2535, #2534 ) ;
#2537 = DIRECTION ( 'NONE',  ( -4.171321041665876800E-031, 1.000000000000000000, -1.194713137725073900E-016 ) ) ;
#2538 = DIRECTION ( 'NONE',  ( -3.491483361109382100E-015, -1.194713137725073900E-016, -1.000000000000000000 ) ) ;
#2539 = CARTESIAN_POINT ( 'NONE',  ( 5.369999999999987700, 3.660000000000008600, -8.129999999999943900 ) ) ;
#2540 = AXIS2_PLACEMENT_3D ( 'NONE', #2539, #2538, #2537 ) ;
#2541 = PLANE ( 'NONE',  #2540 ) ;
#2542 =( GEOMETRIC_REPRESENTATION_CONTEXT ( 3 ) GLOBAL_UNCERTAINTY_ASSIGNED_CONTEXT ( ( #2490 ) ) GLOBAL_UNIT_ASSIGNED_CONTEXT ( ( #2493, #2492, #2491 ) ) REPRESENTATION_CONTEXT ( 'NONE', 'WORKASPACE' ) );
#2543 = UNCERTAINTY_MEASURE_WITH_UNIT (LENGTH_MEASURE( 1.000000000000000100E-005 ), #2548, 'distance_accuracy_value', 'NONE');
#2544 = ORIENTED_EDGE ( 'NONE', *, *, #379, .T. ) ;
#2545 =( NAMED_UNIT ( * ) SI_UNIT ( $, .STERADIAN. ) SOLID_ANGLE_UNIT ( ) );
#2546 = EDGE_CURVE ( 'NONE', #467, #471, #2874, .T. ) ;
#2547 =( NAMED_UNIT ( * ) PLANE_ANGLE_UNIT ( ) SI_UNIT ( $, .RADIAN. ) );
#2548 =( LENGTH_UNIT ( ) NAMED_UNIT ( * ) SI_UNIT ( .MILLI., .METRE. ) );
#2549 = MECHANICAL_DESIGN_GEOMETRIC_PRESENTATION_REPRESENTATION (  '', ( #2551 ), #2605 ) ;
#2550 = PRESENTATION_LAYER_ASSIGNMENT (  '', '', ( #2551 ) ) ;
#2551 = STYLED_ITEM ( 'NONE', ( #2552 ), #710 ) ;
#2552 = PRESENTATION_STYLE_ASSIGNMENT (( #2553 ) ) ;
#2553 = SURFACE_STYLE_USAGE ( .BOTH. , #2554 ) ;
#2554 = SURFACE_SIDE_STYLE ('',( #2555 ) ) ;
#2555 = SURFACE_STYLE_FILL_AREA ( #2556 ) ;
#2556 = FILL_AREA_STYLE ('',( #2562 ) ) ;
#2557 = COLOUR_RGB ( '',0.7529411764705882200, 0.7529411764705882200, 0.7529411764705882200 ) ;
#2558 = FACE_OUTER_BOUND ( 'NONE', #711, .T. ) ;
#2559 = DIRECTION ( 'NONE',  ( 1.000000000000000000, 0.0000000000000000000, -3.491483361109382100E-015 ) ) ;
#2560 = VECTOR ( 'NONE', #2559, 1000.000000000000000 ) ;
#2561 = CARTESIAN_POINT ( 'NONE',  ( 5.369999999999989400, 4.229999999999973800, -7.559999999999968500 ) ) ;
#2562 = FILL_AREA_STYLE_COLOUR ( '', #2557 ) ;
#2563 = DIRECTION ( 'NONE',  ( 3.550603605800551700E-015, 0.0000000000000000000, 1.000000000000000000 ) ) ;
#2564 = DIRECTION ( 'NONE',  ( -1.000000000000000000, 0.0000000000000000000, 3.491483361109382100E-015 ) ) ;
#2565 = AXIS2_PLACEMENT_3D ( 'NONE', #2568, #2564, #2563 ) ;
#2566 = CYLINDRICAL_SURFACE ( 'NONE', #2565, 1.709999999999966700 ) ;
#2567 = LINE ( 'NONE', #2561, #2560 ) ;
#2568 = CARTESIAN_POINT ( 'NONE',  ( 5.939999999999988800, 3.660000000000007200, -7.559999999999980100 ) ) ;
#2569 =( GEOMETRIC_REPRESENTATION_CONTEXT ( 3 ) GLOBAL_UNCERTAINTY_ASSIGNED_CONTEXT ( ( #2570 ) ) GLOBAL_UNIT_ASSIGNED_CONTEXT ( ( #2517, #2516, #2515 ) ) REPRESENTATION_CONTEXT ( 'NONE', 'WORKASPACE' ) );
#2570 = UNCERTAINTY_MEASURE_WITH_UNIT (LENGTH_MEASURE( 1.000000000000000100E-005 ), #2517, 'distance_accuracy_value', 'NONE');
#2571 = MECHANICAL_DESIGN_GEOMETRIC_PRESENTATION_REPRESENTATION (  '', ( #2573 ), #2628 ) ;
#2572 = PRESENTATION_LAYER_ASSIGNMENT (  '', '', ( #2573 ) ) ;
#2573 = STYLED_ITEM ( 'NONE', ( #2574 ), #723 ) ;
#2574 = PRESENTATION_STYLE_ASSIGNMENT (( #2575 ) ) ;
#2575 = SURFACE_STYLE_USAGE ( .BOTH. , #2576 ) ;
#2576 = SURFACE_SIDE_STYLE ('',( #2577 ) ) ;
#2577 = SURFACE_STYLE_FILL_AREA ( #2578 ) ;
#2578 = FILL_AREA_STYLE ('',( #2585 ) ) ;
#2579 = COLOUR_RGB ( '',0.7529411764705882200, 0.7529411764705882200, 0.7529411764705882200 ) ;
#2580 = FACE_OUTER_BOUND ( 'NONE', #724, .T. ) ;
#2581 = DIRECTION ( 'NONE',  ( -3.681694268562979500E-015, -1.437166900243591600E-014, -1.000000000000000000 ) ) ;
#2582 = VECTOR ( 'NONE', #2581, 1000.000000000000000 ) ;
#2583 = CARTESIAN_POINT ( 'NONE',  ( 6.509999999999984700, -3.600000000000006800, -9.269999999999948100 ) ) ;
#2584 = LINE ( 'NONE', #2583, #2582 ) ;
#2585 = FILL_AREA_STYLE_COLOUR ( '', #2579 ) ;
#2586 = ORIENTED_EDGE ( 'NONE', *, *, #2546, .T. ) ;
#2587 = CARTESIAN_POINT ( 'NONE',  ( 6.509999999999988200, -3.599999999999990300, -8.129999999999947500 ) ) ;
#2588 = DIRECTION ( 'NONE',  ( 4.171321041665876800E-031, -1.000000000000000000, 1.194713137725073900E-016 ) ) ;
#2589 = VECTOR ( 'NONE', #2588, 1000.000000000000000 ) ;
#2590 = CARTESIAN_POINT ( 'NONE',  ( 6.509999999999988200, 3.660000000000008600, -8.129999999999947500 ) ) ;
#2591 = LINE ( 'NONE', #2590, #2589 ) ;
#2592 = DIRECTION ( 'NONE',  ( -1.000000000000000000, 0.0000000000000000000, 3.491483361109382100E-015 ) ) ;
#2593 = VECTOR ( 'NONE', #2592, 1000.000000000000000 ) ;
#2594 = CARTESIAN_POINT ( 'NONE',  ( 5.369999999999984100, -3.600000000000006800, -9.269999999999944500 ) ) ;
#2595 = LINE ( 'NONE', #2594, #2593 ) ;
#2596 = DIRECTION ( 'NONE',  ( -1.000000000000000000, 0.0000000000000000000, 3.491483361109382100E-015 ) ) ;
#2597 = VECTOR ( 'NONE', #2596, 1000.000000000000000 ) ;
#2598 = CARTESIAN_POINT ( 'NONE',  ( 5.369999999999984100, 3.659999999999992100, -9.269999999999944500 ) ) ;
#2599 = LINE ( 'NONE', #2598, #2597 ) ;
#2600 = DIRECTION ( 'NONE',  ( 4.171321041665876800E-031, -1.000000000000000000, 1.194713137725073900E-016 ) ) ;
#2601 = DIRECTION ( 'NONE',  ( 3.491483361109382100E-015, 1.194713137725073900E-016, 1.000000000000000000 ) ) ;
#2602 = CARTESIAN_POINT ( 'NONE',  ( 5.369999999999984100, 3.659999999999992100, -9.269999999999944500 ) ) ;
#2603 = AXIS2_PLACEMENT_3D ( 'NONE', #2602, #2601, #2600 ) ;
#2604 = PLANE ( 'NONE',  #2603 ) ;
#2605 =( GEOMETRIC_REPRESENTATION_CONTEXT ( 3 ) GLOBAL_UNCERTAINTY_ASSIGNED_CONTEXT ( ( #2543 ) ) GLOBAL_UNIT_ASSIGNED_CONTEXT ( ( #2548, #2547, #2545 ) ) REPRESENTATION_CONTEXT ( 'NONE', 'WORKASPACE' ) );
#2606 =( NAMED_UNIT ( * ) PLANE_ANGLE_UNIT ( ) SI_UNIT ( $, .RADIAN. ) );
#2607 =( LENGTH_UNIT ( ) NAMED_UNIT ( * ) SI_UNIT ( .MILLI., .METRE. ) );
#2608 = MECHANICAL_DESIGN_GEOMETRIC_PRESENTATION_REPRESENTATION (  '', ( #2610 ), #2653 ) ;
#2609 = PRESENTATION_LAYER_ASSIGNMENT (  '', '', ( #2610 ) ) ;
#2610 = STYLED_ITEM ( 'NONE', ( #2611 ), #730 ) ;
#2611 = PRESENTATION_STYLE_ASSIGNMENT (( #2612 ) ) ;
#2612 = SURFACE_STYLE_USAGE ( .BOTH. , #2613 ) ;
#2613 = SURFACE_SIDE_STYLE ('',( #2614 ) ) ;
#2614 = SURFACE_STYLE_FILL_AREA ( #2615 ) ;
#2615 = FILL_AREA_STYLE ('',( #2622 ) ) ;
#2616 = COLOUR_RGB ( '',0.7529411764705882200, 0.7529411764705882200, 0.7529411764705882200 ) ;
#2617 = FACE_OUTER_BOUND ( 'NONE', #731, .T. ) ;
#2618 = DIRECTION ( 'NONE',  ( 3.491483361109382100E-015, 0.0000000000000000000, 1.000000000000000000 ) ) ;
#2619 = VECTOR ( 'NONE', #2618, 1000.000000000000000 ) ;
#2620 = CARTESIAN_POINT ( 'NONE',  ( 1.409999999999989500, 5.369999999999973500, -7.559999999999955200 ) ) ;
#2621 = LINE ( 'NONE', #2620, #2619 ) ;
#2622 = FILL_AREA_STYLE_COLOUR ( '', #2616 ) ;
#2623 = DIRECTION ( 'NONE',  ( 1.000000000000000000, 0.0000000000000000000, -3.491483361109382100E-015 ) ) ;
#2624 = DIRECTION ( 'NONE',  ( 0.0000000000000000000, 1.000000000000000000, 0.0000000000000000000 ) ) ;
#2625 = CARTESIAN_POINT ( 'NONE',  ( 1.409999999999989500, 5.369999999999973500, -7.559999999999955200 ) ) ;
#2626 = AXIS2_PLACEMENT_3D ( 'NONE', #2625, #2624, #2623 ) ;
#2627 = PLANE ( 'NONE',  #2626 ) ;
#2628 =( GEOMETRIC_REPRESENTATION_CONTEXT ( 3 ) GLOBAL_UNCERTAINTY_ASSIGNED_CONTEXT ( ( #2630 ) ) GLOBAL_UNIT_ASSIGNED_CONTEXT ( ( #2323, #2632, #2631 ) ) REPRESENTATION_CONTEXT ( 'NONE', 'WORKASPACE' ) );
#2629 = VERTEX_POINT ( 'NONE', #2870 ) ;
#2630 = UNCERTAINTY_MEASURE_WITH_UNIT (LENGTH_MEASURE( 1.000000000000000100E-005 ), #2323, 'distance_accuracy_value', 'NONE');
#2631 =( NAMED_UNIT ( * ) SI_UNIT ( $, .STERADIAN. ) SOLID_ANGLE_UNIT ( ) );
#2632 =( NAMED_UNIT ( * ) PLANE_ANGLE_UNIT ( ) SI_UNIT ( $, .RADIAN. ) );
#2633 = UNCERTAINTY_MEASURE_WITH_UNIT (LENGTH_MEASURE( 1.000000000000000100E-005 ), #2636, 'distance_accuracy_value', 'NONE');
#2634 =( NAMED_UNIT ( * ) SI_UNIT ( $, .STERADIAN. ) SOLID_ANGLE_UNIT ( ) );
#2635 =( NAMED_UNIT ( * ) PLANE_ANGLE_UNIT ( ) SI_UNIT ( $, .RADIAN. ) );
#2636 =( LENGTH_UNIT ( ) NAMED_UNIT ( * ) SI_UNIT ( .MILLI., .METRE. ) );
#2637 = MECHANICAL_DESIGN_GEOMETRIC_PRESENTATION_REPRESENTATION (  '', ( #2639 ), #2685 ) ;
#2638 = PRESENTATION_LAYER_ASSIGNMENT (  '', '', ( #2639 ) ) ;
#2639 = STYLED_ITEM ( 'NONE', ( #2640 ), #732 ) ;
#2640 = PRESENTATION_STYLE_ASSIGNMENT (( #2641 ) ) ;
#2641 = SURFACE_STYLE_USAGE ( .BOTH. , #2642 ) ;
#2642 = SURFACE_SIDE_STYLE ('',( #2643 ) ) ;
#2643 = SURFACE_STYLE_FILL_AREA ( #2644 ) ;
#2644 = FILL_AREA_STYLE ('',( #2651 ) ) ;
#2645 = COLOUR_RGB ( '',0.7529411764705882200, 0.7529411764705882200, 0.7529411764705882200 ) ;
#2646 = FACE_OUTER_BOUND ( 'NONE', #759, .T. ) ;
#2647 = DIRECTION ( 'NONE',  ( 3.491483361109382100E-015, 0.0000000000000000000, 1.000000000000000000 ) ) ;
#2648 = DIRECTION ( 'NONE',  ( -1.000000000000000000, 0.0000000000000000000, 3.491483361109382100E-015 ) ) ;
#2649 = CARTESIAN_POINT ( 'NONE',  ( 1.409999999999989500, 5.369999999999973500, -7.559999999999955200 ) ) ;
#2650 = AXIS2_PLACEMENT_3D ( 'NONE', #2649, #2648, #2647 ) ;
#2651 = FILL_AREA_STYLE_COLOUR ( '', #2645 ) ;
#2652 = PLANE ( 'NONE',  #2650 ) ;
#2653 =( GEOMETRIC_REPRESENTATION_CONTEXT ( 3 ) GLOBAL_UNCERTAINTY_ASSIGNED_CONTEXT ( ( #2654 ) ) GLOBAL_UNIT_ASSIGNED_CONTEXT ( ( #2607, #2606, #2655 ) ) REPRESENTATION_CONTEXT ( 'NONE', 'WORKASPACE' ) );
#2654 = UNCERTAINTY_MEASURE_WITH_UNIT (LENGTH_MEASURE( 1.000000000000000100E-005 ), #2607, 'distance_accuracy_value', 'NONE');
#2655 =( NAMED_UNIT ( * ) SI_UNIT ( $, .STERADIAN. ) SOLID_ANGLE_UNIT ( ) );
#2656 = ORIENTED_EDGE ( 'NONE', *, *, #477, .F. ) ;
#2657 = UNCERTAINTY_MEASURE_WITH_UNIT (LENGTH_MEASURE( 1.000000000000000100E-005 ), #2660, 'distance_accuracy_value', 'NONE');
#2658 =( NAMED_UNIT ( * ) SI_UNIT ( $, .STERADIAN. ) SOLID_ANGLE_UNIT ( ) );
#2659 =( NAMED_UNIT ( * ) PLANE_ANGLE_UNIT ( ) SI_UNIT ( $, .RADIAN. ) );
#2660 =( LENGTH_UNIT ( ) NAMED_UNIT ( * ) SI_UNIT ( .MILLI., .METRE. ) );
#2661 = MECHANICAL_DESIGN_GEOMETRIC_PRESENTATION_REPRESENTATION (  '', ( #2663 ), #2711 ) ;
#2662 = PRESENTATION_LAYER_ASSIGNMENT (  '', '', ( #2663 ) ) ;
#2663 = STYLED_ITEM ( 'NONE', ( #2664 ), #739 ) ;
#2664 = PRESENTATION_STYLE_ASSIGNMENT (( #2665 ) ) ;
#2665 = SURFACE_STYLE_USAGE ( .BOTH. , #2666 ) ;
#2666 = SURFACE_SIDE_STYLE ('',( #2667 ) ) ;
#2667 = SURFACE_STYLE_FILL_AREA ( #2668 ) ;
#2668 = FILL_AREA_STYLE ('',( #2675 ) ) ;
#2669 = COLOUR_RGB ( '',0.7529411764705882200, 0.7529411764705882200, 0.7529411764705882200 ) ;
#2670 = FACE_OUTER_BOUND ( 'NONE', #740, .T. ) ;
#2671 = DIRECTION ( 'NONE',  ( 3.491483361109382100E-015, 0.0000000000000000000, 1.000000000000000000 ) ) ;
#2672 = VECTOR ( 'NONE', #2671, 1000.000000000000000 ) ;
#2673 = CARTESIAN_POINT ( 'NONE',  ( 2.549999999999989600, 4.229999999999973800, -7.559999999999958800 ) ) ;
#2674 = LINE ( 'NONE', #2673, #2672 ) ;
#2675 = FILL_AREA_STYLE_COLOUR ( '', #2669 ) ;
#2676 = DIRECTION ( 'NONE',  ( 3.491483361109382100E-015, 0.0000000000000000000, 1.000000000000000000 ) ) ;
#2677 = VECTOR ( 'NONE', #2676, 1000.000000000000000 ) ;
#2678 = CARTESIAN_POINT ( 'NONE',  ( 1.409999999999989500, 4.229999999999973800, -7.559999999999955200 ) ) ;
#2679 = LINE ( 'NONE', #2678, #2677 ) ;
#2680 = DIRECTION ( 'NONE',  ( -1.000000000000000000, 0.0000000000000000000, 3.491483361109382100E-015 ) ) ;
#2681 = DIRECTION ( 'NONE',  ( 0.0000000000000000000, -1.000000000000000000, 0.0000000000000000000 ) ) ;
#2682 = CARTESIAN_POINT ( 'NONE',  ( 1.409999999999989500, 4.229999999999973800, -7.559999999999955200 ) ) ;
#2683 = AXIS2_PLACEMENT_3D ( 'NONE', #2682, #2681, #2680 ) ;
#2684 = PLANE ( 'NONE',  #2683 ) ;
#2685 =( GEOMETRIC_REPRESENTATION_CONTEXT ( 3 ) GLOBAL_UNCERTAINTY_ASSIGNED_CONTEXT ( ( #2633 ) ) GLOBAL_UNIT_ASSIGNED_CONTEXT ( ( #2636, #2635, #2634 ) ) REPRESENTATION_CONTEXT ( 'NONE', 'WORKASPACE' ) );
#2686 = DIRECTION ( 'NONE',  ( 3.491483361109382100E-015, 0.0000000000000000000, 1.000000000000000000 ) ) ;
#2687 = CARTESIAN_POINT ( 'NONE',  ( 1.410000000000037900, 4.229999999999973800, 6.200000000000038400 ) ) ;
#2688 = AXIS2_PLACEMENT_3D ( 'NONE', #2687, #2686, #2745 ) ;
#2689 = PLANE ( 'NONE',  #2688 ) ;
#2690 =( GEOMETRIC_REPRESENTATION_CONTEXT ( 3 ) GLOBAL_UNCERTAINTY_ASSIGNED_CONTEXT ( ( #2691 ) ) GLOBAL_UNIT_ASSIGNED_CONTEXT ( ( #2694, #2693, #2692 ) ) REPRESENTATION_CONTEXT ( 'NONE', 'WORKASPACE' ) );
#2691 = UNCERTAINTY_MEASURE_WITH_UNIT (LENGTH_MEASURE( 1.000000000000000100E-005 ), #2694, 'distance_accuracy_value', 'NONE');
#2692 =( NAMED_UNIT ( * ) SI_UNIT ( $, .STERADIAN. ) SOLID_ANGLE_UNIT ( ) );
#2693 =( NAMED_UNIT ( * ) PLANE_ANGLE_UNIT ( ) SI_UNIT ( $, .RADIAN. ) );
#2694 =( LENGTH_UNIT ( ) NAMED_UNIT ( * ) SI_UNIT ( .MILLI., .METRE. ) );
#2695 = MECHANICAL_DESIGN_GEOMETRIC_PRESENTATION_REPRESENTATION (  '', ( #2697 ), #2690 ) ;
#2696 = PRESENTATION_LAYER_ASSIGNMENT (  '', '', ( #2697 ) ) ;
#2697 = STYLED_ITEM ( 'NONE', ( #2698 ), #745 ) ;
#2698 = PRESENTATION_STYLE_ASSIGNMENT (( #2699 ) ) ;
#2699 = SURFACE_STYLE_USAGE ( .BOTH. , #2700 ) ;
#2700 = SURFACE_SIDE_STYLE ('',( #2701 ) ) ;
#2701 = SURFACE_STYLE_FILL_AREA ( #2702 ) ;
#2702 = FILL_AREA_STYLE ('',( #2709 ) ) ;
#2703 = COLOUR_RGB ( '',0.7529411764705882200, 0.7529411764705882200, 0.7529411764705882200 ) ;
#2704 = FACE_OUTER_BOUND ( 'NONE', #746, .T. ) ;
#2705 = DIRECTION ( 'NONE',  ( 1.902109074535972000E-016, -1.000000000000000000, -6.641182184757512200E-031 ) ) ;
#2706 = DIRECTION ( 'NONE',  ( 1.000000000000000000, 1.902109074535972000E-016, -3.491483361109382100E-015 ) ) ;
#2707 = CARTESIAN_POINT ( 'NONE',  ( 2.549999999999989600, 5.369999999999973500, -7.559999999999958800 ) ) ;
#2708 = AXIS2_PLACEMENT_3D ( 'NONE', #2707, #2706, #2705 ) ;
#2709 = FILL_AREA_STYLE_COLOUR ( '', #2703 ) ;
#2710 = PLANE ( 'NONE',  #2708 ) ;
#2711 =( GEOMETRIC_REPRESENTATION_CONTEXT ( 3 ) GLOBAL_UNCERTAINTY_ASSIGNED_CONTEXT ( ( #2657 ) ) GLOBAL_UNIT_ASSIGNED_CONTEXT ( ( #2660, #2659, #2658 ) ) REPRESENTATION_CONTEXT ( 'NONE', 'WORKASPACE' ) );
#2712 =( NAMED_UNIT ( * ) PLANE_ANGLE_UNIT ( ) SI_UNIT ( $, .RADIAN. ) );
#2713 =( LENGTH_UNIT ( ) NAMED_UNIT ( * ) SI_UNIT ( .MILLI., .METRE. ) );
#2714 = MECHANICAL_DESIGN_GEOMETRIC_PRESENTATION_REPRESENTATION (  '', ( #2716 ), #2775 ) ;
#2715 = PRESENTATION_LAYER_ASSIGNMENT (  '', '', ( #2716 ) ) ;
#2716 = STYLED_ITEM ( 'NONE', ( #2717 ), #787 ) ;
#2717 = PRESENTATION_STYLE_ASSIGNMENT (( #2718 ) ) ;
#2718 = SURFACE_STYLE_USAGE ( .BOTH. , #2719 ) ;
#2719 = SURFACE_SIDE_STYLE ('',( #2720 ) ) ;
#2720 = SURFACE_STYLE_FILL_AREA ( #2721 ) ;
#2721 = FILL_AREA_STYLE ('',( #2728 ) ) ;
#2722 = COLOUR_RGB ( '',0.7529411764705882200, 0.7529411764705882200, 0.7529411764705882200 ) ;
#2723 = FACE_OUTER_BOUND ( 'NONE', #788, .T. ) ;
#2724 = DIRECTION ( 'NONE',  ( -1.000000000000000000, 0.0000000000000000000, 3.491483361109382100E-015 ) ) ;
#2725 = VECTOR ( 'NONE', #2724, 1000.000000000000000 ) ;
#2726 = CARTESIAN_POINT ( 'NONE',  ( 1.410000000000037900, 5.369999999999973500, 6.200000000000038400 ) ) ;
#2727 = LINE ( 'NONE', #2726, #2725 ) ;
#2728 = FILL_AREA_STYLE_COLOUR ( '', #2722 ) ;
#2729 = CARTESIAN_POINT ( 'NONE',  ( 2.550000000000038500, 5.369999999999973500, 6.200000000000034800 ) ) ;
#2730 = DIRECTION ( 'NONE',  ( -1.902109074535972000E-016, 1.000000000000000000, 6.641182184757512200E-031 ) ) ;
#2731 = VECTOR ( 'NONE', #2730, 1000.000000000000000 ) ;
#2732 = CARTESIAN_POINT ( 'NONE',  ( 2.550000000000038500, 5.369999999999973500, 6.200000000000034800 ) ) ;
#2733 = LINE ( 'NONE', #2732, #2731 ) ;
#2734 = CARTESIAN_POINT ( 'NONE',  ( 2.550000000000038500, 4.229999999999973800, 6.200000000000034800 ) ) ;
#2735 = DIRECTION ( 'NONE',  ( 1.000000000000000000, 0.0000000000000000000, -3.491483361109382100E-015 ) ) ;
#2736 = VECTOR ( 'NONE', #2735, 1000.000000000000000 ) ;
#2737 = CARTESIAN_POINT ( 'NONE',  ( 1.410000000000037900, 4.229999999999973800, 6.200000000000038400 ) ) ;
#2738 = LINE ( 'NONE', #2737, #2736 ) ;
#2739 = CARTESIAN_POINT ( 'NONE',  ( 1.410000000000037900, 4.229999999999973800, 6.200000000000038400 ) ) ;
#2740 = CARTESIAN_POINT ( 'NONE',  ( 1.410000000000037900, 5.369999999999973500, 6.200000000000038400 ) ) ;
#2741 = DIRECTION ( 'NONE',  ( 0.0000000000000000000, -1.000000000000000000, 0.0000000000000000000 ) ) ;
#2742 = VECTOR ( 'NONE', #2741, 1000.000000000000000 ) ;
#2743 = CARTESIAN_POINT ( 'NONE',  ( 1.410000000000037900, 5.369999999999973500, 6.200000000000038400 ) ) ;
#2744 = LINE ( 'NONE', #2743, #2742 ) ;
#2745 = DIRECTION ( 'NONE',  ( 1.000000000000000000, 0.0000000000000000000, -3.491483361109382100E-015 ) ) ;
#2746 = PRESENTATION_LAYER_ASSIGNMENT (  '', '', ( #2747 ) ) ;
#2747 = STYLED_ITEM ( 'NONE', ( #2748 ), #883 ) ;
#2748 = PRESENTATION_STYLE_ASSIGNMENT (( #2749 ) ) ;
#2749 = SURFACE_STYLE_USAGE ( .BOTH. , #2750 ) ;
#2750 = SURFACE_SIDE_STYLE ('',( #2751 ) ) ;
#2751 = SURFACE_STYLE_FILL_AREA ( #2752 ) ;
#2752 = FILL_AREA_STYLE ('',( #2759 ) ) ;
#2753 = COLOUR_RGB ( '',0.7529411764705882200, 0.7529411764705882200, 0.7529411764705882200 ) ;
#2754 = FACE_OUTER_BOUND ( 'NONE', #547, .T. ) ;
#2755 = DIRECTION ( 'NONE',  ( 3.491483361109382100E-015, 0.0000000000000000000, 1.000000000000000000 ) ) ;
#2756 = VECTOR ( 'NONE', #2755, 1000.000000000000000 ) ;
#2757 = CARTESIAN_POINT ( 'NONE',  ( 2.549999999999989600, 5.369999999999973500, -7.559999999999958800 ) ) ;
#2758 = LINE ( 'NONE', #2757, #2756 ) ;
#2759 = FILL_AREA_STYLE_COLOUR ( '', #2753 ) ;
#2760 = CARTESIAN_POINT ( 'NONE',  ( 1.409999999999989500, 5.369999999999973500, -7.559999999999955200 ) ) ;
#2761 = DIRECTION ( 'NONE',  ( 3.491483361109382100E-015, 0.0000000000000000000, 1.000000000000000000 ) ) ;
#2762 = VECTOR ( 'NONE', #2761, 1000.000000000000000 ) ;
#2763 = CARTESIAN_POINT ( 'NONE',  ( 1.409999999999989500, 5.369999999999973500, -7.559999999999955200 ) ) ;
#2764 = LINE ( 'NONE', #2763, #2762 ) ;
#2765 = CARTESIAN_POINT ( 'NONE',  ( 1.409999999999989500, 4.229999999999973800, -7.559999999999955200 ) ) ;
#2766 = DIRECTION ( 'NONE',  ( 3.491483361109382100E-015, 0.0000000000000000000, 1.000000000000000000 ) ) ;
#2767 = VECTOR ( 'NONE', #2766, 1000.000000000000000 ) ;
#2768 = CARTESIAN_POINT ( 'NONE',  ( 1.409999999999989500, 4.229999999999973800, -7.559999999999955200 ) ) ;
#2769 = LINE ( 'NONE', #2768, #2767 ) ;
#2770 = DIRECTION ( 'NONE',  ( 3.491483361109382100E-015, 0.0000000000000000000, 1.000000000000000000 ) ) ;
#2771 = DIRECTION ( 'NONE',  ( -1.000000000000000000, 0.0000000000000000000, 3.491483361109382100E-015 ) ) ;
#2772 = CARTESIAN_POINT ( 'NONE',  ( 1.409999999999989500, 5.369999999999973500, -7.559999999999955200 ) ) ;
#2773 = AXIS2_PLACEMENT_3D ( 'NONE', #2772, #2771, #2770 ) ;
#2774 = PLANE ( 'NONE',  #2773 ) ;
#2775 =( GEOMETRIC_REPRESENTATION_CONTEXT ( 3 ) GLOBAL_UNCERTAINTY_ASSIGNED_CONTEXT ( ( #2776 ) ) GLOBAL_UNIT_ASSIGNED_CONTEXT ( ( #2713, #2712, #2777 ) ) REPRESENTATION_CONTEXT ( 'NONE', 'WORKASPACE' ) );
#2776 = UNCERTAINTY_MEASURE_WITH_UNIT (LENGTH_MEASURE( 1.000000000000000100E-005 ), #2713, 'distance_accuracy_value', 'NONE');
#2777 =( NAMED_UNIT ( * ) SI_UNIT ( $, .STERADIAN. ) SOLID_ANGLE_UNIT ( ) );
#2778 =( NAMED_UNIT ( * ) SI_UNIT ( $, .STERADIAN. ) SOLID_ANGLE_UNIT ( ) );
#2779 =( NAMED_UNIT ( * ) PLANE_ANGLE_UNIT ( ) SI_UNIT ( $, .RADIAN. ) );
#2780 =( LENGTH_UNIT ( ) NAMED_UNIT ( * ) SI_UNIT ( .MILLI., .METRE. ) );
#2781 = MECHANICAL_DESIGN_GEOMETRIC_PRESENTATION_REPRESENTATION (  '', ( #2783 ), #2833 ) ;
#2782 = PRESENTATION_LAYER_ASSIGNMENT (  '', '', ( #2783 ) ) ;
#2783 = STYLED_ITEM ( 'NONE', ( #2784 ), #915 ) ;
#2784 = PRESENTATION_STYLE_ASSIGNMENT (( #2785 ) ) ;
#2785 = SURFACE_STYLE_USAGE ( .BOTH. , #2786 ) ;
#2786 = SURFACE_SIDE_STYLE ('',( #2787 ) ) ;
#2787 = SURFACE_STYLE_FILL_AREA ( #2788 ) ;
#2788 = FILL_AREA_STYLE ('',( #2795 ) ) ;
#2789 = COLOUR_RGB ( '',0.7529411764705882200, 0.7529411764705882200, 0.7529411764705882200 ) ;
#2790 = FACE_OUTER_BOUND ( 'NONE', #562, .T. ) ;
#2791 = DIRECTION ( 'NONE',  ( -4.171321041665876800E-031, 1.000000000000000000, -1.194713137725073900E-016 ) ) ;
#2792 = DIRECTION ( 'NONE',  ( -3.491483361109382100E-015, -1.194713137725073900E-016, -1.000000000000000000 ) ) ;
#2793 = CARTESIAN_POINT ( 'NONE',  ( -6.510000000000012200, 3.660000000000008600, -8.129999999999903100 ) ) ;
#2794 = AXIS2_PLACEMENT_3D ( 'NONE', #2793, #2792, #2791 ) ;
#2795 = FILL_AREA_STYLE_COLOUR ( '', #2789 ) ;
#2796 = PLANE ( 'NONE',  #2794 ) ;
#2797 =( GEOMETRIC_REPRESENTATION_CONTEXT ( 3 ) GLOBAL_UNCERTAINTY_ASSIGNED_CONTEXT ( ( #2798 ) ) GLOBAL_UNIT_ASSIGNED_CONTEXT ( ( #2801, #2800, #2799 ) ) REPRESENTATION_CONTEXT ( 'NONE', 'WORKASPACE' ) );
#2798 = UNCERTAINTY_MEASURE_WITH_UNIT (LENGTH_MEASURE( 1.000000000000000100E-005 ), #2801, 'distance_accuracy_value', 'NONE');
#2799 =( NAMED_UNIT ( * ) SI_UNIT ( $, .STERADIAN. ) SOLID_ANGLE_UNIT ( ) );
#2800 =( NAMED_UNIT ( * ) PLANE_ANGLE_UNIT ( ) SI_UNIT ( $, .RADIAN. ) );
#2801 =( LENGTH_UNIT ( ) NAMED_UNIT ( * ) SI_UNIT ( .MILLI., .METRE. ) );
#2802 = MECHANICAL_DESIGN_GEOMETRIC_PRESENTATION_REPRESENTATION (  '', ( #2747 ), #2797 ) ;
#2803 = FILL_AREA_STYLE_COLOUR ( '', #2809 ) ;
#2804 = FACE_OUTER_BOUND ( 'NONE', #564, .T. ) ;
#2805 = ORIENTED_EDGE ( 'NONE', *, *, #2832, .T. ) ;
#2806 = SURFACE_STYLE_USAGE ( .BOTH. , #2807 ) ;
#2807 = SURFACE_SIDE_STYLE ('',( #2808 ) ) ;
#2808 = SURFACE_STYLE_FILL_AREA ( #2814 ) ;
#2809 = COLOUR_RGB ( '',0.7529411764705882200, 0.7529411764705882200, 0.7529411764705882200 ) ;
#2810 = DIRECTION ( 'NONE',  ( -1.000000000000000000, 0.0000000000000000000, 3.491483361109382100E-015 ) ) ;
#2811 = VECTOR ( 'NONE', #2810, 1000.000000000000000 ) ;
#2812 = CARTESIAN_POINT ( 'NONE',  ( -6.510000000000019300, -3.600000000000006800, -9.269999999999903700 ) ) ;
#2813 = LINE ( 'NONE', #2812, #2811 ) ;
#2814 = FILL_AREA_STYLE ('',( #2803 ) ) ;
#2815 = DIRECTION ( 'NONE',  ( -1.000000000000000000, 0.0000000000000000000, 3.491483361109382100E-015 ) ) ;
#2816 = VECTOR ( 'NONE', #2815, 1000.000000000000000 ) ;
#2817 = CARTESIAN_POINT ( 'NONE',  ( -6.510000000000019300, 3.659999999999992100, -9.269999999999903700 ) ) ;
#2818 = LINE ( 'NONE', #2817, #2816 ) ;
#2819 = DIRECTION ( 'NONE',  ( 3.491483361109382100E-015, 0.0000000000000000000, 1.000000000000000000 ) ) ;
#2820 = VECTOR ( 'NONE', #2819, 1000.000000000000000 ) ;
#2821 = CARTESIAN_POINT ( 'NONE',  ( -9.330000000000009000, 5.369999999999973500, -7.559999999999917900 ) ) ;
#2822 = LINE ( 'NONE', #2821, #2820 ) ;
#2823 = DIRECTION ( 'NONE',  ( 3.491483361109382100E-015, 0.0000000000000000000, 1.000000000000000000 ) ) ;
#2824 = VECTOR ( 'NONE', #2823, 1000.000000000000000 ) ;
#2825 = CARTESIAN_POINT ( 'NONE',  ( -9.330000000000009000, 4.229999999999973800, -7.559999999999917900 ) ) ;
#2826 = LINE ( 'NONE', #2825, #2824 ) ;
#2827 = DIRECTION ( 'NONE',  ( 1.000000000000000000, 0.0000000000000000000, -3.491483361109382100E-015 ) ) ;
#2828 = DIRECTION ( 'NONE',  ( 0.0000000000000000000, 1.000000000000000000, 0.0000000000000000000 ) ) ;
#2829 = CARTESIAN_POINT ( 'NONE',  ( -10.47000000000001100, 5.369999999999973500, -7.559999999999913500 ) ) ;
#2830 = AXIS2_PLACEMENT_3D ( 'NONE', #2829, #2828, #2827 ) ;
#2831 = PLANE ( 'NONE',  #2830 ) ;
#2832 = EDGE_CURVE ( 'NONE', #3982, #342, #2869, .T. ) ;
#2833 =( GEOMETRIC_REPRESENTATION_CONTEXT ( 3 ) GLOBAL_UNCERTAINTY_ASSIGNED_CONTEXT ( ( #2834 ) ) GLOBAL_UNIT_ASSIGNED_CONTEXT ( ( #2780, #2779, #2778 ) ) REPRESENTATION_CONTEXT ( 'NONE', 'WORKASPACE' ) );
#2834 = UNCERTAINTY_MEASURE_WITH_UNIT (LENGTH_MEASURE( 1.000000000000000100E-005 ), #2780, 'distance_accuracy_value', 'NONE');
#2835 =( NAMED_UNIT ( * ) PLANE_ANGLE_UNIT ( ) SI_UNIT ( $, .RADIAN. ) );
#2836 =( LENGTH_UNIT ( ) NAMED_UNIT ( * ) SI_UNIT ( .MILLI., .METRE. ) );
#2837 = MECHANICAL_DESIGN_GEOMETRIC_PRESENTATION_REPRESENTATION (  '', ( #2839 ), #2884 ) ;
#2838 = PRESENTATION_LAYER_ASSIGNMENT (  '', '', ( #2839 ) ) ;
#2839 = STYLED_ITEM ( 'NONE', ( #2840 ), #2111 ) ;
#2840 = PRESENTATION_STYLE_ASSIGNMENT (( #2841 ) ) ;
#2841 = SURFACE_STYLE_USAGE ( .BOTH. , #2842 ) ;
#2842 = SURFACE_SIDE_STYLE ('',( #2843 ) ) ;
#2843 = SURFACE_STYLE_FILL_AREA ( #2844 ) ;
#2844 = FILL_AREA_STYLE ('',( #2851 ) ) ;
#2845 = COLOUR_RGB ( '',0.7529411764705882200, 0.7529411764705882200, 0.7529411764705882200 ) ;
#2846 = FACE_OUTER_BOUND ( 'NONE', #605, .T. ) ;
#2847 = DIRECTION ( 'NONE',  ( 3.491483361109382100E-015, 0.0000000000000000000, 1.000000000000000000 ) ) ;
#2848 = DIRECTION ( 'NONE',  ( -1.000000000000000000, 0.0000000000000000000, 3.491483361109382100E-015 ) ) ;
#2849 = CARTESIAN_POINT ( 'NONE',  ( 5.369999999999989400, 5.369999999999973500, -7.559999999999968500 ) ) ;
#2850 = AXIS2_PLACEMENT_3D ( 'NONE', #2849, #2848, #2847 ) ;
#2851 = FILL_AREA_STYLE_COLOUR ( '', #2845 ) ;
#2852 = PLANE ( 'NONE',  #2850 ) ;
#2853 =( GEOMETRIC_REPRESENTATION_CONTEXT ( 3 ) GLOBAL_UNCERTAINTY_ASSIGNED_CONTEXT ( ( #2854 ) ) GLOBAL_UNIT_ASSIGNED_CONTEXT ( ( #2857, #2856, #2855 ) ) REPRESENTATION_CONTEXT ( 'NONE', 'WORKASPACE' ) );
#2854 = UNCERTAINTY_MEASURE_WITH_UNIT (LENGTH_MEASURE( 1.000000000000000100E-005 ), #2857, 'distance_accuracy_value', 'NONE');
#2855 =( NAMED_UNIT ( * ) SI_UNIT ( $, .STERADIAN. ) SOLID_ANGLE_UNIT ( ) );
#2856 =( NAMED_UNIT ( * ) PLANE_ANGLE_UNIT ( ) SI_UNIT ( $, .RADIAN. ) );
#2857 =( LENGTH_UNIT ( ) NAMED_UNIT ( * ) SI_UNIT ( .MILLI., .METRE. ) );
#2858 = MECHANICAL_DESIGN_GEOMETRIC_PRESENTATION_REPRESENTATION (  '', ( #2860 ), #2853 ) ;
#2859 = PRESENTATION_LAYER_ASSIGNMENT (  '', '', ( #2860 ) ) ;
#2860 = STYLED_ITEM ( 'NONE', ( #120 ), #1945 ) ;
#2861 = DIRECTION ( 'NONE',  ( -3.491483361109382100E-015, 0.0000000000000000000, -1.000000000000000000 ) ) ;
#2862 = CARTESIAN_POINT ( 'NONE',  ( -11.84999999999997500, 8.499999999999998200, 2.500000000000083900 ) ) ;
#2863 = AXIS2_PLACEMENT_3D ( 'NONE', #2862, #2861, #2917 ) ;
#2864 = PLANE ( 'NONE',  #2863 ) ;
#2865 = FACE_OUTER_BOUND ( 'NONE', #1332, .T. ) ;
#2866 = DIRECTION ( 'NONE',  ( -1.000000000000000000, 0.0000000000000000000, 3.491483361109382100E-015 ) ) ;
#2867 = VECTOR ( 'NONE', #2866, 1000.000000000000000 ) ;
#2868 = CARTESIAN_POINT ( 'NONE',  ( -10.47000000000001700, -3.600000000000006800, -9.269999999999889400 ) ) ;
#2869 = LINE ( 'NONE', #2868, #2867 ) ;
#2870 = CARTESIAN_POINT ( 'NONE',  ( -10.47000000000001100, 5.369999999999973500, -7.559999999999913500 ) ) ;
#2871 = DIRECTION ( 'NONE',  ( 1.000000000000000000, 0.0000000000000000000, -3.491483361109382100E-015 ) ) ;
#2872 = VECTOR ( 'NONE', #2871, 1000.000000000000000 ) ;
#2873 = CARTESIAN_POINT ( 'NONE',  ( -6.510000000000012200, 4.229999999999973800, -7.559999999999926800 ) ) ;
#2874 = LINE ( 'NONE', #2873, #2872 ) ;
#2875 = DIRECTION ( 'NONE',  ( 3.491483361109382100E-015, 0.0000000000000000000, 1.000000000000000000 ) ) ;
#2876 = VECTOR ( 'NONE', #2875, 1000.000000000000000 ) ;
#2877 = CARTESIAN_POINT ( 'NONE',  ( 5.369999999999989400, 5.369999999999973500, -7.559999999999968500 ) ) ;
#2878 = LINE ( 'NONE', #2877, #2876 ) ;
#2879 = DIRECTION ( 'NONE',  ( 4.171321041665876800E-031, -1.000000000000000000, 1.194713137725073900E-016 ) ) ;
#2880 = DIRECTION ( 'NONE',  ( 3.491483361109382100E-015, 1.194713137725073900E-016, 1.000000000000000000 ) ) ;
#2881 = CARTESIAN_POINT ( 'NONE',  ( -6.510000000000019300, 3.659999999999992100, -9.269999999999903700 ) ) ;
#2882 = AXIS2_PLACEMENT_3D ( 'NONE', #2881, #2880, #2879 ) ;
#2883 = PLANE ( 'NONE',  #2882 ) ;
#2884 =( GEOMETRIC_REPRESENTATION_CONTEXT ( 3 ) GLOBAL_UNCERTAINTY_ASSIGNED_CONTEXT ( ( #2885 ) ) GLOBAL_UNIT_ASSIGNED_CONTEXT ( ( #2836, #2835, #2886 ) ) REPRESENTATION_CONTEXT ( 'NONE', 'WORKASPACE' ) );
#2885 = UNCERTAINTY_MEASURE_WITH_UNIT (LENGTH_MEASURE( 1.000000000000000100E-005 ), #2836, 'distance_accuracy_value', 'NONE');
#2886 =( NAMED_UNIT ( * ) SI_UNIT ( $, .STERADIAN. ) SOLID_ANGLE_UNIT ( ) );
#2887 = UNCERTAINTY_MEASURE_WITH_UNIT (LENGTH_MEASURE( 1.000000000000000100E-005 ), #2890, 'distance_accuracy_value', 'NONE');
#2888 =( NAMED_UNIT ( * ) SI_UNIT ( $, .STERADIAN. ) SOLID_ANGLE_UNIT ( ) );
#2889 =( NAMED_UNIT ( * ) PLANE_ANGLE_UNIT ( ) SI_UNIT ( $, .RADIAN. ) );
#2890 =( LENGTH_UNIT ( ) NAMED_UNIT ( * ) SI_UNIT ( .MILLI., .METRE. ) );
#2891 = MECHANICAL_DESIGN_GEOMETRIC_PRESENTATION_REPRESENTATION (  '', ( #2893 ), #2953 ) ;
#2892 = PRESENTATION_LAYER_ASSIGNMENT (  '', '', ( #2893 ) ) ;
#2893 = STYLED_ITEM ( 'NONE', ( #2894 ), #3899 ) ;
#2894 = PRESENTATION_STYLE_ASSIGNMENT (( #2895 ) ) ;
#2895 = SURFACE_STYLE_USAGE ( .BOTH. , #2896 ) ;
#2896 = SURFACE_SIDE_STYLE ('',( #2897 ) ) ;
#2897 = SURFACE_STYLE_FILL_AREA ( #2898 ) ;
#2898 = FILL_AREA_STYLE ('',( #2906 ) ) ;
#2899 = COLOUR_RGB ( '',0.7529411764705882200, 0.7529411764705882200, 0.7529411764705882200 ) ;
#2900 = FACE_OUTER_BOUND ( 'NONE', #3913, .T. ) ;
#2901 = DIRECTION ( 'NONE',  ( 3.491483361109382100E-015, -7.885106708985485100E-016, 1.000000000000000000 ) ) ;
#2902 = DIRECTION ( 'NONE',  ( 2.753071887499478000E-030, 1.000000000000000000, 7.885106708985485100E-016 ) ) ;
#2903 = CARTESIAN_POINT ( 'NONE',  ( -11.84999999999997500, 8.499999999999998200, 2.500000000000083900 ) ) ;
#2904 = AXIS2_PLACEMENT_3D ( 'NONE', #2903, #2902, #2901 ) ;
#2905 = PLANE ( 'NONE',  #2904 ) ;
#2906 = FILL_AREA_STYLE_COLOUR ( '', #2899 ) ;
#2907 = FACE_OUTER_BOUND ( 'NONE', #3935, .T. ) ;
#2908 = CARTESIAN_POINT ( 'NONE',  ( 10.60000000000002500, 7.999999999999998200, 2.500000000000005800 ) ) ;
#2909 = DIRECTION ( 'NONE',  ( 0.0000000000000000000, 1.000000000000000000, 0.0000000000000000000 ) ) ;
#2910 = VECTOR ( 'NONE', #2909, 1000.000000000000000 ) ;
#2911 = CARTESIAN_POINT ( 'NONE',  ( 10.60000000000002500, 7.999999999999998200, 2.500000000000005800 ) ) ;
#2912 = LINE ( 'NONE', #2911, #2910 ) ;
#2913 = DIRECTION ( 'NONE',  ( 1.000000000000000000, 0.0000000000000000000, -3.491483361109382100E-015 ) ) ;
#2914 = VECTOR ( 'NONE', #2913, 1000.000000000000000 ) ;
#2915 = CARTESIAN_POINT ( 'NONE',  ( -11.84999999999997500, 8.499999999999998200, 2.500000000000083900 ) ) ;
#2916 = LINE ( 'NONE', #2915, #2914 ) ;
#2917 = DIRECTION ( 'NONE',  ( -1.000000000000000000, 0.0000000000000000000, 3.491483361109382100E-015 ) ) ;
#2918 =( LENGTH_UNIT ( ) NAMED_UNIT ( * ) SI_UNIT ( .MILLI., .METRE. ) );
#2919 = MECHANICAL_DESIGN_GEOMETRIC_PRESENTATION_REPRESENTATION (  '', ( #2921 ), #2973 ) ;
#2920 = PRESENTATION_LAYER_ASSIGNMENT (  '', '', ( #2921 ) ) ;
#2921 = STYLED_ITEM ( 'NONE', ( #2922 ), #3916 ) ;
#2922 = PRESENTATION_STYLE_ASSIGNMENT (( #2923 ) ) ;
#2923 = SURFACE_STYLE_USAGE ( .BOTH. , #2924 ) ;
#2924 = SURFACE_SIDE_STYLE ('',( #2925 ) ) ;
#2925 = SURFACE_STYLE_FILL_AREA ( #2926 ) ;
#2926 = FILL_AREA_STYLE ('',( #2927 ) ) ;
#2927 = FILL_AREA_STYLE_COLOUR ( '', #2928 ) ;
#2928 = COLOUR_RGB ( '',0.7529411764705882200, 0.7529411764705882200, 0.7529411764705882200 ) ;
#2929 = FACE_OUTER_BOUND ( 'NONE', #3902, .T. ) ;
#2930 = CARTESIAN_POINT ( 'NONE',  ( -10.59999999999997500, 7.999999999999998200, 2.500000000000079500 ) ) ;
#2931 = CARTESIAN_POINT ( 'NONE',  ( -10.59999999999997500, 8.499999999999998200, 2.500000000000079500 ) ) ;
#2932 = DIRECTION ( 'NONE',  ( 3.491483361109382100E-015, 7.885106708985485100E-016, 1.000000000000000000 ) ) ;
#2933 = VECTOR ( 'NONE', #2932, 1000.000000000000000 ) ;
#2934 = CARTESIAN_POINT ( 'NONE',  ( -10.59999999999997500, 8.499999999999998200, 2.500000000000079500 ) ) ;
#2935 = LINE ( 'NONE', #2934, #2933 ) ;
#2936 = DIRECTION ( 'NONE',  ( 1.000000000000000000, 0.0000000000000000000, -3.491483361109382100E-015 ) ) ;
#2937 = VECTOR ( 'NONE', #2936, 1000.000000000000000 ) ;
#2938 = CARTESIAN_POINT ( 'NONE',  ( -10.47000000000001100, -3.599999999999990300, -8.129999999999887100 ) ) ;
#2939 = LINE ( 'NONE', #2938, #2937 ) ;
#2940 = DIRECTION ( 'NONE',  ( 0.0000000000000000000, 1.000000000000000000, 0.0000000000000000000 ) ) ;
#2941 = VECTOR ( 'NONE', #2940, 1000.000000000000000 ) ;
#2942 = CARTESIAN_POINT ( 'NONE',  ( -10.59999999999997500, 7.999999999999998200, 2.500000000000079500 ) ) ;
#2943 = LINE ( 'NONE', #2942, #2941 ) ;
#2944 = DIRECTION ( 'NONE',  ( 1.000000000000000000, 0.0000000000000000000, -3.491483361109382100E-015 ) ) ;
#2945 = VECTOR ( 'NONE', #2944, 1000.000000000000000 ) ;
#2946 = CARTESIAN_POINT ( 'NONE',  ( -10.47000000000001100, 3.660000000000008600, -8.129999999999888900 ) ) ;
#2947 = LINE ( 'NONE', #2946, #2945 ) ;
#2948 = DIRECTION ( 'NONE',  ( -4.171321041665876800E-031, 1.000000000000000000, -1.194713137725073900E-016 ) ) ;
#2949 = DIRECTION ( 'NONE',  ( -3.491483361109382100E-015, -1.194713137725073900E-016, -1.000000000000000000 ) ) ;
#2950 = CARTESIAN_POINT ( 'NONE',  ( -10.47000000000001100, 3.660000000000008600, -8.129999999999888900 ) ) ;
#2951 = AXIS2_PLACEMENT_3D ( 'NONE', #2950, #2949, #2948 ) ;
#2952 = PLANE ( 'NONE',  #2951 ) ;
#2953 =( GEOMETRIC_REPRESENTATION_CONTEXT ( 3 ) GLOBAL_UNCERTAINTY_ASSIGNED_CONTEXT ( ( #2887 ) ) GLOBAL_UNIT_ASSIGNED_CONTEXT ( ( #2890, #2889, #2888 ) ) REPRESENTATION_CONTEXT ( 'NONE', 'WORKASPACE' ) );
#2954 = DIRECTION ( 'NONE',  ( 3.491483361109382100E-015, -2.409338161078898200E-016, 1.000000000000000000 ) ) ;
#2955 = VECTOR ( 'NONE', #2954, 1000.000000000000000 ) ;
#2956 = CARTESIAN_POINT ( 'NONE',  ( 10.60000000000000000, 8.000000000000000000, -4.699999999999995700 ) ) ;
#2957 = LINE ( 'NONE', #2956, #2955 ) ;
#2958 = DIRECTION ( 'NONE',  ( -3.681694268562979500E-015, -1.437166900243591600E-014, -1.000000000000000000 ) ) ;
#2959 = VECTOR ( 'NONE', #2958, 1000.000000000000000 ) ;
#2960 = CARTESIAN_POINT ( 'NONE',  ( -9.330000000000016100, -3.600000000000006800, -9.269999999999893000 ) ) ;
#2961 = LINE ( 'NONE', #2960, #2959 ) ;
#2962 = DIRECTION ( 'NONE',  ( 4.171321041665876800E-031, -1.000000000000000000, 1.194713137725073900E-016 ) ) ;
#2963 = VECTOR ( 'NONE', #2962, 1000.000000000000000 ) ;
#2964 = CARTESIAN_POINT ( 'NONE',  ( -9.330000000000009000, 3.660000000000008600, -8.129999999999892400 ) ) ;
#2965 = LINE ( 'NONE', #2964, #2963 ) ;
#2966 = CARTESIAN_POINT ( 'NONE',  ( -9.330000000000009000, -3.599999999999990300, -8.129999999999892400 ) ) ;
#2967 = CARTESIAN_POINT ( 'NONE',  ( -9.330000000000009000, 3.660000000000008600, -8.129999999999892400 ) ) ;
#2968 = DIRECTION ( 'NONE',  ( 3.043374519257615600E-015, 0.0000000000000000000, 1.000000000000000000 ) ) ;
#2969 = DIRECTION ( 'NONE',  ( -1.000000000000000000, 0.0000000000000000000, 3.491483361109382100E-015 ) ) ;
#2970 = AXIS2_PLACEMENT_3D ( 'NONE', #2972, #2969, #2968 ) ;
#2971 = CYLINDRICAL_SURFACE ( 'NONE', #2970, 1.709999999999966700 ) ;
#2972 = CARTESIAN_POINT ( 'NONE',  ( -9.900000000000009200, 3.660000000000007200, -7.559999999999924100 ) ) ;
#2973 =( GEOMETRIC_REPRESENTATION_CONTEXT ( 3 ) GLOBAL_UNCERTAINTY_ASSIGNED_CONTEXT ( ( #2974 ) ) GLOBAL_UNIT_ASSIGNED_CONTEXT ( ( #2918, #2976, #2975 ) ) REPRESENTATION_CONTEXT ( 'NONE', 'WORKASPACE' ) );
#2974 = UNCERTAINTY_MEASURE_WITH_UNIT (LENGTH_MEASURE( 1.000000000000000100E-005 ), #2918, 'distance_accuracy_value', 'NONE');
#2975 =( NAMED_UNIT ( * ) SI_UNIT ( $, .STERADIAN. ) SOLID_ANGLE_UNIT ( ) );
#2976 =( NAMED_UNIT ( * ) PLANE_ANGLE_UNIT ( ) SI_UNIT ( $, .RADIAN. ) );
#2977 =( GEOMETRIC_REPRESENTATION_CONTEXT ( 3 ) GLOBAL_UNCERTAINTY_ASSIGNED_CONTEXT ( ( #2978 ) ) GLOBAL_UNIT_ASSIGNED_CONTEXT ( ( #2981, #2980, #2979 ) ) REPRESENTATION_CONTEXT ( 'NONE', 'WORKASPACE' ) );
#2978 = UNCERTAINTY_MEASURE_WITH_UNIT (LENGTH_MEASURE( 1.000000000000000100E-005 ), #2981, 'distance_accuracy_value', 'NONE');
#2979 =( NAMED_UNIT ( * ) SI_UNIT ( $, .STERADIAN. ) SOLID_ANGLE_UNIT ( ) );
#2980 =( NAMED_UNIT ( * ) PLANE_ANGLE_UNIT ( ) SI_UNIT ( $, .RADIAN. ) );
#2981 =( LENGTH_UNIT ( ) NAMED_UNIT ( * ) SI_UNIT ( .MILLI., .METRE. ) );
#2982 = MECHANICAL_DESIGN_GEOMETRIC_PRESENTATION_REPRESENTATION (  '', ( #2984 ), #2977 ) ;
#2983 = PRESENTATION_LAYER_ASSIGNMENT (  '', '', ( #2984 ) ) ;
#2984 = STYLED_ITEM ( 'NONE', ( #2985 ), #3934 ) ;
#2985 = PRESENTATION_STYLE_ASSIGNMENT (( #2986 ) ) ;
#2986 = SURFACE_STYLE_USAGE ( .BOTH. , #2987 ) ;
#2987 = SURFACE_SIDE_STYLE ('',( #2988 ) ) ;
#2988 = SURFACE_STYLE_FILL_AREA ( #2989 ) ;
#2989 = FILL_AREA_STYLE ('',( #2996 ) ) ;
#2990 = COLOUR_RGB ( '',0.7529411764705882200, 0.7529411764705882200, 0.7529411764705882200 ) ;
#2991 = FACE_OUTER_BOUND ( 'NONE', #3291, .T. ) ;
#2992 = DIRECTION ( 'NONE',  ( 3.491483361109382100E-015, 0.0000000000000000000, 1.000000000000000000 ) ) ;
#2993 = VECTOR ( 'NONE', #2992, 1000.000000000000000 ) ;
#2994 = CARTESIAN_POINT ( 'NONE',  ( -9.330000000000009000, 4.229999999999973800, -7.559999999999917900 ) ) ;
#2995 = LINE ( 'NONE', #2994, #2993 ) ;
#2996 = FILL_AREA_STYLE_COLOUR ( '', #2990 ) ;
#2997 = DIRECTION ( 'NONE',  ( 3.043374519257736300E-015, 0.0000000000000000000, 1.000000000000000000 ) ) ;
#2998 = DIRECTION ( 'NONE',  ( -1.000000000000000000, 0.0000000000000000000, 3.491483361109382100E-015 ) ) ;
#2999 = CARTESIAN_POINT ( 'NONE',  ( -9.330000000000009000, 3.660000000000007200, -7.559999999999925900 ) ) ;
#3000 = AXIS2_PLACEMENT_3D ( 'NONE', #2999, #2998, #2997 ) ;
#3001 = CIRCLE ( 'NONE', #3000, 0.5699999999999663100 ) ;
#3002 = DIRECTION ( 'NONE',  ( 3.491483361109382100E-015, -2.409338161078898200E-016, 1.000000000000000000 ) ) ;
#3003 = VECTOR ( 'NONE', #3002, 1000.000000000000000 ) ;
#3004 = CARTESIAN_POINT ( 'NONE',  ( -10.59999999999999800, 8.000000000000000000, -4.699999999999922000 ) ) ;
#3005 = LINE ( 'NONE', #3004, #3003 ) ;
#3006 =( NAMED_UNIT ( * ) PLANE_ANGLE_UNIT ( ) SI_UNIT ( $, .RADIAN. ) );
#3007 =( LENGTH_UNIT ( ) NAMED_UNIT ( * ) SI_UNIT ( .MILLI., .METRE. ) );
#3008 = MECHANICAL_DESIGN_GEOMETRIC_PRESENTATION_REPRESENTATION (  '', ( #3010 ), #3067 ) ;
#3009 = PRESENTATION_LAYER_ASSIGNMENT (  '', '', ( #3010 ) ) ;
#3010 = STYLED_ITEM ( 'NONE', ( #3011 ), #3941 ) ;
#3011 = PRESENTATION_STYLE_ASSIGNMENT (( #3012 ) ) ;
#3012 = SURFACE_STYLE_USAGE ( .BOTH. , #3013 ) ;
#3013 = SURFACE_SIDE_STYLE ('',( #3014 ) ) ;
#3014 = SURFACE_STYLE_FILL_AREA ( #3015 ) ;
#3015 = FILL_AREA_STYLE ('',( #3022 ) ) ;
#3016 = COLOUR_RGB ( '',0.7529411764705882200, 0.7529411764705882200, 0.7529411764705882200 ) ;
#3017 = FACE_OUTER_BOUND ( 'NONE', #3918, .T. ) ;
#3018 = DIRECTION ( 'NONE',  ( 3.491483361109382100E-015, -2.409338161078898200E-016, 1.000000000000000000 ) ) ;
#3019 = DIRECTION ( 'NONE',  ( 8.412164100692849200E-031, 1.000000000000000000, 2.409338161078898200E-016 ) ) ;
#3020 = CARTESIAN_POINT ( 'NONE',  ( -11.85000000000000000, 8.000000000000000000, -4.699999999999917600 ) ) ;
#3021 = AXIS2_PLACEMENT_3D ( 'NONE', #3020, #3019, #3018 ) ;
#3022 = FILL_AREA_STYLE_COLOUR ( '', #3016 ) ;
#3023 = PLANE ( 'NONE',  #3021 ) ;
#3024 = FACE_OUTER_BOUND ( 'NONE', #3930, .T. ) ;
#3025 = DIRECTION ( 'NONE',  ( -1.000000000000000000, 0.0000000000000000000, 3.491483361109382100E-015 ) ) ;
#3026 = VECTOR ( 'NONE', #3025, 1000.000000000000000 ) ;
#3027 = CARTESIAN_POINT ( 'NONE',  ( -10.47000000000001700, 3.659999999999992100, -9.269999999999889400 ) ) ;
#3028 = LINE ( 'NONE', #3027, #3026 ) ;
#3029 = DIRECTION ( 'NONE',  ( 1.000000000000000000, 0.0000000000000000000, -3.491483361109382100E-015 ) ) ;
#3030 = VECTOR ( 'NONE', #3029, 1000.000000000000000 ) ;
#3031 = CARTESIAN_POINT ( 'NONE',  ( -11.84999999999996800, 8.499999999999996400, 4.700000000000085400 ) ) ;
#3032 = LINE ( 'NONE', #3031, #3030 ) ;
#3033 = DIRECTION ( 'NONE',  ( 1.000000000000000000, 0.0000000000000000000, -3.491483361109382100E-015 ) ) ;
#3034 = DIRECTION ( 'NONE',  ( -5.017844319337647300E-029, 1.000000000000000000, -1.437166900243591600E-014 ) ) ;
#3035 = CARTESIAN_POINT ( 'NONE',  ( -10.47000000000001100, -3.599999999999990300, -8.129999999999887100 ) ) ;
#3036 = AXIS2_PLACEMENT_3D ( 'NONE', #3035, #3034, #3033 ) ;
#3037 = PLANE ( 'NONE',  #3036 ) ;
#3038 =( NAMED_UNIT ( * ) PLANE_ANGLE_UNIT ( ) SI_UNIT ( $, .RADIAN. ) );
#3039 =( LENGTH_UNIT ( ) NAMED_UNIT ( * ) SI_UNIT ( .MILLI., .METRE. ) );
#3040 = ADVANCED_FACE ( 'NONE', ( #2865 ), #2864, .T. ) ;
#3041 = MECHANICAL_DESIGN_GEOMETRIC_PRESENTATION_REPRESENTATION (  '', ( #3043 ), #3091 ) ;
#3042 = PRESENTATION_LAYER_ASSIGNMENT (  '', '', ( #3043 ) ) ;
#3044 = ORIENTED_EDGE ( 'NONE', *, *, #1872, .T. ) ;
#3043 = STYLED_ITEM ( 'NONE', ( #3045 ), #3954 ) ;
#3045 = PRESENTATION_STYLE_ASSIGNMENT (( #3046 ) ) ;
#3046 = SURFACE_STYLE_USAGE ( .BOTH. , #3047 ) ;
#3047 = SURFACE_SIDE_STYLE ('',( #3048 ) ) ;
#3048 = SURFACE_STYLE_FILL_AREA ( #3049 ) ;
#3049 = FILL_AREA_STYLE ('',( #3051 ) ) ;
#3050 = COLOUR_RGB ( '',0.7529411764705882200, 0.7529411764705882200, 0.7529411764705882200 ) ;
#3051 = FILL_AREA_STYLE_COLOUR ( '', #3050 ) ;
#3052 = FACE_OUTER_BOUND ( 'NONE', #3953, .T. ) ;
#3053 = CARTESIAN_POINT ( 'NONE',  ( 6.509999999999990000, 5.369999999999973500, -7.559999999999973000 ) ) ;
#3054 = DIRECTION ( 'NONE',  ( 3.491483361109382100E-015, 7.885106708985485100E-016, 1.000000000000000000 ) ) ;
#3055 = VECTOR ( 'NONE', #3054, 1000.000000000000000 ) ;
#3056 = CARTESIAN_POINT ( 'NONE',  ( 10.60000000000002500, 8.499999999999998200, 2.500000000000005800 ) ) ;
#3057 = LINE ( 'NONE', #3056, #3055 ) ;
#3058 = DIRECTION ( 'NONE',  ( 3.491483361109382100E-015, 0.0000000000000000000, 1.000000000000000000 ) ) ;
#3059 = VECTOR ( 'NONE', #3058, 1000.000000000000000 ) ;
#3060 = CARTESIAN_POINT ( 'NONE',  ( 6.509999999999990000, 5.369999999999973500, -7.559999999999973000 ) ) ;
#3061 = LINE ( 'NONE', #3060, #3059 ) ;
#3062 = DIRECTION ( 'NONE',  ( 1.902109074535972000E-016, -1.000000000000000000, -6.641182184757512200E-031 ) ) ;
#3063 = DIRECTION ( 'NONE',  ( 1.000000000000000000, 1.902109074535972000E-016, -3.491483361109382100E-015 ) ) ;
#3064 = CARTESIAN_POINT ( 'NONE',  ( 6.509999999999990000, 5.369999999999973500, -7.559999999999973000 ) ) ;
#3065 = AXIS2_PLACEMENT_3D ( 'NONE', #3064, #3063, #3062 ) ;
#3066 = PLANE ( 'NONE',  #3065 ) ;
#3067 =( GEOMETRIC_REPRESENTATION_CONTEXT ( 3 ) GLOBAL_UNCERTAINTY_ASSIGNED_CONTEXT ( ( #3068 ) ) GLOBAL_UNIT_ASSIGNED_CONTEXT ( ( #3007, #3006, #3069 ) ) REPRESENTATION_CONTEXT ( 'NONE', 'WORKASPACE' ) );
#3068 = UNCERTAINTY_MEASURE_WITH_UNIT (LENGTH_MEASURE( 1.000000000000000100E-005 ), #3007, 'distance_accuracy_value', 'NONE');
#3069 =( NAMED_UNIT ( * ) SI_UNIT ( $, .STERADIAN. ) SOLID_ANGLE_UNIT ( ) );
#3070 = CIRCLE ( 'NONE', #3122, 0.5699999999999663100 ) ;
#3071 = DIRECTION ( 'NONE',  ( -3.491483361109382100E-015, -5.167261417803254300E-015, -1.000000000000000000 ) ) ;
#3072 = VECTOR ( 'NONE', #3071, 1000.000000000000000 ) ;
#3073 = CARTESIAN_POINT ( 'NONE',  ( 10.60000000000000000, 6.799999999999959000, -4.699999999999995700 ) ) ;
#3074 = LINE ( 'NONE', #3073, #3072 ) ;
#3075 = CARTESIAN_POINT ( 'NONE',  ( 6.509999999999988200, 3.660000000000008600, -8.129999999999947500 ) ) ;
#3076 = DIRECTION ( 'NONE',  ( 3.491483361109382100E-015, 0.0000000000000000000, 1.000000000000000000 ) ) ;
#3077 = VECTOR ( 'NONE', #3076, 1000.000000000000000 ) ;
#3078 = CARTESIAN_POINT ( 'NONE',  ( 6.509999999999990000, 4.229999999999973800, -7.559999999999973000 ) ) ;
#3079 = LINE ( 'NONE', #3078, #3077 ) ;
#3080 = DIRECTION ( 'NONE',  ( 1.000000000000000000, 0.0000000000000000000, -3.491483361109382100E-015 ) ) ;
#3081 = DIRECTION ( 'NONE',  ( 3.491483361109382100E-015, 0.0000000000000000000, 1.000000000000000000 ) ) ;
#3082 = CARTESIAN_POINT ( 'NONE',  ( -11.84999999999996800, 8.499999999999996400, 4.700000000000085400 ) ) ;
#3083 = AXIS2_PLACEMENT_3D ( 'NONE', #3082, #3081, #3080 ) ;
#3084 = FACE_OUTER_BOUND ( 'NONE', #401, .T. ) ;
#3085 = DIRECTION ( 'NONE',  ( 3.043374519257736300E-015, 0.0000000000000000000, 1.000000000000000000 ) ) ;
#3086 = DIRECTION ( 'NONE',  ( -1.000000000000000000, 0.0000000000000000000, 3.491483361109382100E-015 ) ) ;
#3087 = AXIS2_PLACEMENT_3D ( 'NONE', #3090, #3086, #3085 ) ;
#3088 = CYLINDRICAL_SURFACE ( 'NONE', #3087, 0.5699999999999663100 ) ;
#3089 = PLANE ( 'NONE',  #3083 ) ;
#3090 = CARTESIAN_POINT ( 'NONE',  ( -9.900000000000009200, 3.660000000000007200, -7.559999999999924100 ) ) ;
#3091 =( GEOMETRIC_REPRESENTATION_CONTEXT ( 3 ) GLOBAL_UNCERTAINTY_ASSIGNED_CONTEXT ( ( #3092 ) ) GLOBAL_UNIT_ASSIGNED_CONTEXT ( ( #3039, #3038, #3093 ) ) REPRESENTATION_CONTEXT ( 'NONE', 'WORKASPACE' ) );
#3092 = UNCERTAINTY_MEASURE_WITH_UNIT (LENGTH_MEASURE( 1.000000000000000100E-005 ), #3039, 'distance_accuracy_value', 'NONE');
#3093 =( NAMED_UNIT ( * ) SI_UNIT ( $, .STERADIAN. ) SOLID_ANGLE_UNIT ( ) );
#3094 = CARTESIAN_POINT ( 'NONE',  ( 6.509999999999990000, 3.660000000000007200, -7.559999999999981800 ) ) ;
#3095 = AXIS2_PLACEMENT_3D ( 'NONE', #3094, #3151, #3150 ) ;
#3096 = CIRCLE ( 'NONE', #3095, 1.709999999999966700 ) ;
#3097 = DIRECTION ( 'NONE',  ( -1.000000000000000000, 0.0000000000000000000, 3.491483361109382100E-015 ) ) ;
#3098 = DIRECTION ( 'NONE',  ( 0.0000000000000000000, -1.000000000000000000, 0.0000000000000000000 ) ) ;
#3099 = CARTESIAN_POINT ( 'NONE',  ( 5.369999999999989400, 4.229999999999973800, -7.559999999999968500 ) ) ;
#3100 = AXIS2_PLACEMENT_3D ( 'NONE', #3099, #3098, #3097 ) ;
#3101 = PLANE ( 'NONE',  #3100 ) ;
#3102 =( GEOMETRIC_REPRESENTATION_CONTEXT ( 3 ) GLOBAL_UNCERTAINTY_ASSIGNED_CONTEXT ( ( #3103 ) ) GLOBAL_UNIT_ASSIGNED_CONTEXT ( ( #3106, #3105, #3104 ) ) REPRESENTATION_CONTEXT ( 'NONE', 'WORKASPACE' ) );
#3103 = UNCERTAINTY_MEASURE_WITH_UNIT (LENGTH_MEASURE( 1.000000000000000100E-005 ), #3106, 'distance_accuracy_value', 'NONE');
#3104 =( NAMED_UNIT ( * ) SI_UNIT ( $, .STERADIAN. ) SOLID_ANGLE_UNIT ( ) );
#3105 =( NAMED_UNIT ( * ) PLANE_ANGLE_UNIT ( ) SI_UNIT ( $, .RADIAN. ) );
#3106 =( LENGTH_UNIT ( ) NAMED_UNIT ( * ) SI_UNIT ( .MILLI., .METRE. ) );
#3107 = MECHANICAL_DESIGN_GEOMETRIC_PRESENTATION_REPRESENTATION (  '', ( #3109 ), #3102 ) ;
#3108 = PRESENTATION_LAYER_ASSIGNMENT (  '', '', ( #3109 ) ) ;
#3109 = STYLED_ITEM ( 'NONE', ( #3110 ), #3970 ) ;
#3110 = PRESENTATION_STYLE_ASSIGNMENT (( #3111 ) ) ;
#3111 = SURFACE_STYLE_USAGE ( .BOTH. , #3112 ) ;
#3112 = SURFACE_SIDE_STYLE ('',( #3113 ) ) ;
#3113 = SURFACE_STYLE_FILL_AREA ( #3114 ) ;
#3114 = FILL_AREA_STYLE ('',( #3115 ) ) ;
#3115 = FILL_AREA_STYLE_COLOUR ( '', #3116 ) ;
#3116 = COLOUR_RGB ( '',0.7529411764705882200, 0.7529411764705882200, 0.7529411764705882200 ) ;
#3117 = FACE_OUTER_BOUND ( 'NONE', #3968, .T. ) ;
#3118 = CARTESIAN_POINT ( 'NONE',  ( 6.509999999999990000, 4.229999999999973800, -7.559999999999973000 ) ) ;
#3119 = DIRECTION ( 'NONE',  ( 3.043374519257736300E-015, 0.0000000000000000000, 1.000000000000000000 ) ) ;
#3120 = DIRECTION ( 'NONE',  ( -1.000000000000000000, 0.0000000000000000000, 3.491483361109382100E-015 ) ) ;
#3121 = CARTESIAN_POINT ( 'NONE',  ( 6.509999999999990000, 3.660000000000007200, -7.559999999999981800 ) ) ;
#3122 = AXIS2_PLACEMENT_3D ( 'NONE', #3121, #3120, #3119 ) ;
#3123 = AXIS2_PLACEMENT_3D ( 'NONE', #3183, #3182, #3181 ) ;
#3124 = PLANE ( 'NONE',  #3123 ) ;
#3125 =( GEOMETRIC_REPRESENTATION_CONTEXT ( 3 ) GLOBAL_UNCERTAINTY_ASSIGNED_CONTEXT ( ( #3126 ) ) GLOBAL_UNIT_ASSIGNED_CONTEXT ( ( #3129, #3128, #3127 ) ) REPRESENTATION_CONTEXT ( 'NONE', 'WORKASPACE' ) );
#3126 = UNCERTAINTY_MEASURE_WITH_UNIT (LENGTH_MEASURE( 1.000000000000000100E-005 ), #3129, 'distance_accuracy_value', 'NONE');
#3127 =( NAMED_UNIT ( * ) SI_UNIT ( $, .STERADIAN. ) SOLID_ANGLE_UNIT ( ) );
#3128 =( NAMED_UNIT ( * ) PLANE_ANGLE_UNIT ( ) SI_UNIT ( $, .RADIAN. ) );
#3129 =( LENGTH_UNIT ( ) NAMED_UNIT ( * ) SI_UNIT ( .MILLI., .METRE. ) );
#3130 = MECHANICAL_DESIGN_GEOMETRIC_PRESENTATION_REPRESENTATION (  '', ( #3132 ), #3125 ) ;
#3131 = PRESENTATION_LAYER_ASSIGNMENT (  '', '', ( #3132 ) ) ;
#3132 = STYLED_ITEM ( 'NONE', ( #3133 ), #3977 ) ;
#3133 = PRESENTATION_STYLE_ASSIGNMENT (( #3134 ) ) ;
#3134 = SURFACE_STYLE_USAGE ( .BOTH. , #3135 ) ;
#3135 = SURFACE_SIDE_STYLE ('',( #3136 ) ) ;
#3136 = SURFACE_STYLE_FILL_AREA ( #3137 ) ;
#3137 = FILL_AREA_STYLE ('',( #3144 ) ) ;
#3138 = COLOUR_RGB ( '',0.7529411764705882200, 0.7529411764705882200, 0.7529411764705882200 ) ;
#3139 = FACE_OUTER_BOUND ( 'NONE', #3952, .T. ) ;
#3140 = DIRECTION ( 'NONE',  ( 4.171321041665876800E-031, -1.000000000000000000, 1.194713137725073900E-016 ) ) ;
#3141 = VECTOR ( 'NONE', #3140, 1000.000000000000000 ) ;
#3142 = CARTESIAN_POINT ( 'NONE',  ( 6.509999999999984700, 3.659999999999992100, -9.269999999999948100 ) ) ;
#3143 = LINE ( 'NONE', #3142, #3141 ) ;
#3144 = FILL_AREA_STYLE_COLOUR ( '', #3138 ) ;
#3145 = DIRECTION ( 'NONE',  ( 1.000000000000000000, 0.0000000000000000000, -3.491483361109382100E-015 ) ) ;
#3146 = VECTOR ( 'NONE', #3145, 1000.000000000000000 ) ;
#3147 = CARTESIAN_POINT ( 'NONE',  ( -11.84999999999997500, 7.999999999999998200, 2.500000000000083900 ) ) ;
#3148 = LINE ( 'NONE', #3147, #3146 ) ;
#3149 = CARTESIAN_POINT ( 'NONE',  ( 6.509999999999984700, 3.659999999999992100, -9.269999999999948100 ) ) ;
#3150 = DIRECTION ( 'NONE',  ( 3.550603605800551700E-015, 0.0000000000000000000, 1.000000000000000000 ) ) ;
#3151 = DIRECTION ( 'NONE',  ( -1.000000000000000000, 0.0000000000000000000, 3.491483361109382100E-015 ) ) ;
#3152 = VECTOR ( 'NONE', #3212, 1000.000000000000000 ) ;
#3153 = CARTESIAN_POINT ( 'NONE',  ( -9.329999999999959200, 5.369999999999973500, 6.200000000000075700 ) ) ;
#3154 = LINE ( 'NONE', #3153, #3152 ) ;
#3155 = CARTESIAN_POINT ( 'NONE',  ( -9.329999999999959200, 4.229999999999973800, 6.200000000000075700 ) ) ;
#3156 = DIRECTION ( 'NONE',  ( -1.000000000000000000, 0.0000000000000000000, 3.491483361109382100E-015 ) ) ;
#3157 = VECTOR ( 'NONE', #3156, 1000.000000000000000 ) ;
#3158 = CARTESIAN_POINT ( 'NONE',  ( -10.46999999999996200, 5.369999999999973500, 6.200000000000079200 ) ) ;
#3159 = LINE ( 'NONE', #3158, #3157 ) ;
#3160 = CARTESIAN_POINT ( 'NONE',  ( -9.329999999999959200, 5.369999999999973500, 6.200000000000075700 ) ) ;
#3161 = DIRECTION ( 'NONE',  ( 4.171321041665876800E-031, -1.000000000000000000, 1.194713137725073900E-016 ) ) ;
#3162 = VECTOR ( 'NONE', #3161, 1000.000000000000000 ) ;
#3163 = CARTESIAN_POINT ( 'NONE',  ( -1.410000000000015500, 3.659999999999992100, -9.269999999999921400 ) ) ;
#3164 = LINE ( 'NONE', #3163, #3162 ) ;
#3165 = CARTESIAN_POINT ( 'NONE',  ( -1.410000000000015500, -3.600000000000006800, -9.269999999999921400 ) ) ;
#3166 = CARTESIAN_POINT ( 'NONE',  ( -9.330000000000016100, -3.600000000000006800, -9.269999999999893000 ) ) ;
#3167 = DIRECTION ( 'NONE',  ( -3.491483361109382100E-015, 0.0000000000000000000, -1.000000000000000000 ) ) ;
#3168 = DIRECTION ( 'NONE',  ( 1.000000000000000000, 0.0000000000000000000, -3.491483361109382100E-015 ) ) ;
#3169 = CARTESIAN_POINT ( 'NONE',  ( 11.85000000000000000, 0.0000000000000000000, -4.700000000000000200 ) ) ;
#3170 = AXIS2_PLACEMENT_3D ( 'NONE', #3169, #3168, #3167 ) ;
#3171 = PLANE ( 'NONE',  #3170 ) ;
#3172 = FACE_OUTER_BOUND ( 'NONE', #413, .T. ) ;
#3173 = DIRECTION ( 'NONE',  ( 1.000000000000000000, 0.0000000000000000000, -3.491483361109382100E-015 ) ) ;
#3174 = VECTOR ( 'NONE', #3173, 1000.000000000000000 ) ;
#3175 = CARTESIAN_POINT ( 'NONE',  ( -10.47000000000001100, 4.229999999999973800, -7.559999999999913500 ) ) ;
#3176 = LINE ( 'NONE', #3175, #3174 ) ;
#3177 = DIRECTION ( 'NONE',  ( -1.000000000000000000, 0.0000000000000000000, 3.491483361109382100E-015 ) ) ;
#3178 = VECTOR ( 'NONE', #3177, 1000.000000000000000 ) ;
#3179 = CARTESIAN_POINT ( 'NONE',  ( 5.369999999999989400, 5.369999999999973500, -7.559999999999968500 ) ) ;
#3180 = LINE ( 'NONE', #3179, #3178 ) ;
#3181 = DIRECTION ( 'NONE',  ( 4.171321041665876800E-031, -1.000000000000000000, 1.194713137725073900E-016 ) ) ;
#3182 = DIRECTION ( 'NONE',  ( 3.491483361109382100E-015, 1.194713137725073900E-016, 1.000000000000000000 ) ) ;
#3183 = CARTESIAN_POINT ( 'NONE',  ( -10.47000000000001700, 3.659999999999992100, -9.269999999999889400 ) ) ;
#3184 =( GEOMETRIC_REPRESENTATION_CONTEXT ( 3 ) GLOBAL_UNCERTAINTY_ASSIGNED_CONTEXT ( ( #3185 ) ) GLOBAL_UNIT_ASSIGNED_CONTEXT ( ( #3188, #3187, #3186 ) ) REPRESENTATION_CONTEXT ( 'NONE', 'WORKASPACE' ) );
#3185 = UNCERTAINTY_MEASURE_WITH_UNIT (LENGTH_MEASURE( 1.000000000000000100E-005 ), #3188, 'distance_accuracy_value', 'NONE');
#3186 =( NAMED_UNIT ( * ) SI_UNIT ( $, .STERADIAN. ) SOLID_ANGLE_UNIT ( ) );
#3187 =( NAMED_UNIT ( * ) PLANE_ANGLE_UNIT ( ) SI_UNIT ( $, .RADIAN. ) );
#3188 =( LENGTH_UNIT ( ) NAMED_UNIT ( * ) SI_UNIT ( .MILLI., .METRE. ) );
#3189 = MECHANICAL_DESIGN_GEOMETRIC_PRESENTATION_REPRESENTATION (  '', ( #3191 ), #3184 ) ;
#3190 = PRESENTATION_LAYER_ASSIGNMENT (  '', '', ( #3191 ) ) ;
#3191 = STYLED_ITEM ( 'NONE', ( #3192 ), #4002 ) ;
#3192 = PRESENTATION_STYLE_ASSIGNMENT (( #3193 ) ) ;
#3193 = SURFACE_STYLE_USAGE ( .BOTH. , #3194 ) ;
#3194 = SURFACE_SIDE_STYLE ('',( #3195 ) ) ;
#3195 = SURFACE_STYLE_FILL_AREA ( #3196 ) ;
#3196 = FILL_AREA_STYLE ('',( #3203 ) ) ;
#3197 = COLOUR_RGB ( '',0.7529411764705882200, 0.7529411764705882200, 0.7529411764705882200 ) ;
#3198 = FACE_OUTER_BOUND ( 'NONE', #3997, .T. ) ;
#3199 = DIRECTION ( 'NONE',  ( 1.000000000000000000, 0.0000000000000000000, -3.491483361109382100E-015 ) ) ;
#3200 = VECTOR ( 'NONE', #3199, 1000.000000000000000 ) ;
#3201 = CARTESIAN_POINT ( 'NONE',  ( -10.46999999999996200, 4.229999999999973800, 6.200000000000079200 ) ) ;
#3202 = LINE ( 'NONE', #3201, #3200 ) ;
#3203 = FILL_AREA_STYLE_COLOUR ( '', #3197 ) ;
#3204 = DIRECTION ( 'NONE',  ( 1.000000000000000000, 0.0000000000000000000, -3.491483361109382100E-015 ) ) ;
#3205 = VECTOR ( 'NONE', #3204, 1000.000000000000000 ) ;
#3206 = CARTESIAN_POINT ( 'NONE',  ( -2.550000000000012300, 3.660000000000008600, -8.129999999999917300 ) ) ;
#3207 = LINE ( 'NONE', #3206, #3205 ) ;
#3208 = DIRECTION ( 'NONE',  ( -1.000000000000000000, 0.0000000000000000000, 3.491483361109382100E-015 ) ) ;
#3209 = VECTOR ( 'NONE', #3208, 1000.000000000000000 ) ;
#3210 = CARTESIAN_POINT ( 'NONE',  ( -2.550000000000015800, -3.600000000000006800, -9.269999999999917900 ) ) ;
#3211 = LINE ( 'NONE', #3210, #3209 ) ;
#3212 = DIRECTION ( 'NONE',  ( -1.902109074535972000E-016, 1.000000000000000000, 6.641182184757512200E-031 ) ) ;
#3213 =( GEOMETRIC_REPRESENTATION_CONTEXT ( 3 ) GLOBAL_UNCERTAINTY_ASSIGNED_CONTEXT ( ( #3215 ) ) GLOBAL_UNIT_ASSIGNED_CONTEXT ( ( #3218, #3217, #3216 ) ) REPRESENTATION_CONTEXT ( 'NONE', 'WORKASPACE' ) );
#3214 = EDGE_CURVE ( 'NONE', #3910, #336, #2916, .T. ) ;
#3215 = UNCERTAINTY_MEASURE_WITH_UNIT (LENGTH_MEASURE( 1.000000000000000100E-005 ), #3218, 'distance_accuracy_value', 'NONE');
#3216 =( NAMED_UNIT ( * ) SI_UNIT ( $, .STERADIAN. ) SOLID_ANGLE_UNIT ( ) );
#3217 =( NAMED_UNIT ( * ) PLANE_ANGLE_UNIT ( ) SI_UNIT ( $, .RADIAN. ) );
#3218 =( LENGTH_UNIT ( ) NAMED_UNIT ( * ) SI_UNIT ( .MILLI., .METRE. ) );
#3219 = MECHANICAL_DESIGN_GEOMETRIC_PRESENTATION_REPRESENTATION (  '', ( #3221 ), #3213 ) ;
#3220 = PRESENTATION_LAYER_ASSIGNMENT (  '', '', ( #3221 ) ) ;
#3221 = STYLED_ITEM ( 'NONE', ( #3222 ), #4009 ) ;
#3222 = PRESENTATION_STYLE_ASSIGNMENT (( #3223 ) ) ;
#3223 = SURFACE_STYLE_USAGE ( .BOTH. , #3224 ) ;
#3224 = SURFACE_SIDE_STYLE ('',( #3225 ) ) ;
#3225 = SURFACE_STYLE_FILL_AREA ( #3226 ) ;
#3226 = FILL_AREA_STYLE ('',( #3233 ) ) ;
#3227 = COLOUR_RGB ( '',0.7529411764705882200, 0.7529411764705882200, 0.7529411764705882200 ) ;
#3228 = FACE_OUTER_BOUND ( 'NONE', #4006, .T. ) ;
#3229 = DIRECTION ( 'NONE',  ( 0.0000000000000000000, -1.000000000000000000, 0.0000000000000000000 ) ) ;
#3230 = VECTOR ( 'NONE', #3229, 1000.000000000000000 ) ;
#3231 = CARTESIAN_POINT ( 'NONE',  ( -10.46999999999996200, 5.369999999999973500, 6.200000000000079200 ) ) ;
#3232 = LINE ( 'NONE', #3231, #3230 ) ;
#3233 = FILL_AREA_STYLE_COLOUR ( '', #3227 ) ;
#3234 = CARTESIAN_POINT ( 'NONE',  ( -10.46999999999996200, 5.369999999999973500, 6.200000000000079200 ) ) ;
#3235 = CARTESIAN_POINT ( 'NONE',  ( -10.46999999999996200, 4.229999999999973800, 6.200000000000079200 ) ) ;
#3236 = DIRECTION ( 'NONE',  ( -4.171321041665876800E-031, 1.000000000000000000, -1.194713137725073900E-016 ) ) ;
#3237 = DIRECTION ( 'NONE',  ( -3.491483361109382100E-015, -1.194713137725073900E-016, -1.000000000000000000 ) ) ;
#3238 = CARTESIAN_POINT ( 'NONE',  ( -2.550000000000012300, 3.660000000000008600, -8.129999999999917300 ) ) ;
#3239 = AXIS2_PLACEMENT_3D ( 'NONE', #3238, #3237, #3236 ) ;
#3240 = PLANE ( 'NONE',  #3239 ) ;
#3241 = FILL_AREA_STYLE_COLOUR ( '', #3304 ) ;
#3242 = DIRECTION ( 'NONE',  ( 1.902109074535972000E-016, -1.000000000000000000, -6.641182184757512200E-031 ) ) ;
#3243 = DIRECTION ( 'NONE',  ( 1.000000000000000000, 1.902109074535972000E-016, -3.491483361109382100E-015 ) ) ;
#3244 = CARTESIAN_POINT ( 'NONE',  ( -9.330000000000009000, 5.369999999999973500, -7.559999999999917900 ) ) ;
#3245 = AXIS2_PLACEMENT_3D ( 'NONE', #3244, #3243, #3242 ) ;
#3246 = FACE_OUTER_BOUND ( 'NONE', #4025, .T. ) ;
#3247 = PLANE ( 'NONE',  #3245 ) ;
#3248 =( GEOMETRIC_REPRESENTATION_CONTEXT ( 3 ) GLOBAL_UNCERTAINTY_ASSIGNED_CONTEXT ( ( #3249 ) ) GLOBAL_UNIT_ASSIGNED_CONTEXT ( ( #3252, #3251, #3250 ) ) REPRESENTATION_CONTEXT ( 'NONE', 'WORKASPACE' ) );
#3249 = UNCERTAINTY_MEASURE_WITH_UNIT (LENGTH_MEASURE( 1.000000000000000100E-005 ), #3252, 'distance_accuracy_value', 'NONE');
#3250 =( NAMED_UNIT ( * ) SI_UNIT ( $, .STERADIAN. ) SOLID_ANGLE_UNIT ( ) );
#3251 =( NAMED_UNIT ( * ) PLANE_ANGLE_UNIT ( ) SI_UNIT ( $, .RADIAN. ) );
#3252 =( LENGTH_UNIT ( ) NAMED_UNIT ( * ) SI_UNIT ( .MILLI., .METRE. ) );
#3253 = MECHANICAL_DESIGN_GEOMETRIC_PRESENTATION_REPRESENTATION (  '', ( #3255 ), #3248 ) ;
#3254 = PRESENTATION_LAYER_ASSIGNMENT (  '', '', ( #3255 ) ) ;
#3255 = STYLED_ITEM ( 'NONE', ( #3256 ), #4023 ) ;
#3256 = PRESENTATION_STYLE_ASSIGNMENT (( #3257 ) ) ;
#3257 = SURFACE_STYLE_USAGE ( .BOTH. , #3258 ) ;
#3258 = SURFACE_SIDE_STYLE ('',( #3259 ) ) ;
#3259 = SURFACE_STYLE_FILL_AREA ( #3260 ) ;
#3260 = FILL_AREA_STYLE ('',( #3267 ) ) ;
#3261 = COLOUR_RGB ( '',0.7529411764705882200, 0.7529411764705882200, 0.7529411764705882200 ) ;
#3262 = FACE_OUTER_BOUND ( 'NONE', #4013, .T. ) ;
#3263 = DIRECTION ( 'NONE',  ( 3.491483361109382100E-015, 0.0000000000000000000, 1.000000000000000000 ) ) ;
#3264 = VECTOR ( 'NONE', #3263, 1000.000000000000000 ) ;
#3265 = CARTESIAN_POINT ( 'NONE',  ( -6.510000000000012200, 4.229999999999973800, -7.559999999999926800 ) ) ;
#3266 = LINE ( 'NONE', #3265, #3264 ) ;
#3267 = FILL_AREA_STYLE_COLOUR ( '', #3261 ) ;
#3268 = DIRECTION ( 'NONE',  ( 1.000000000000000000, 0.0000000000000000000, -3.491483361109382100E-015 ) ) ;
#3269 = DIRECTION ( 'NONE',  ( 3.491483361109382100E-015, 0.0000000000000000000, 1.000000000000000000 ) ) ;
#3270 = CARTESIAN_POINT ( 'NONE',  ( -10.46999999999996200, 4.229999999999973800, 6.200000000000079200 ) ) ;
#3271 = AXIS2_PLACEMENT_3D ( 'NONE', #3270, #3269, #3268 ) ;
#3272 = PLANE ( 'NONE',  #3271 ) ;
#3273 =( LENGTH_UNIT ( ) NAMED_UNIT ( * ) SI_UNIT ( .MILLI., .METRE. ) );
#3274 = MECHANICAL_DESIGN_GEOMETRIC_PRESENTATION_REPRESENTATION (  '', ( #3276 ), #3330 ) ;
#3275 = PRESENTATION_LAYER_ASSIGNMENT (  '', '', ( #3276 ) ) ;
#3276 = STYLED_ITEM ( 'NONE', ( #3277 ), #4030 ) ;
#3277 = PRESENTATION_STYLE_ASSIGNMENT (( #3278 ) ) ;
#3278 = SURFACE_STYLE_USAGE ( .BOTH. , #3279 ) ;
#3279 = SURFACE_SIDE_STYLE ('',( #3280 ) ) ;
#3280 = SURFACE_STYLE_FILL_AREA ( #3287 ) ;
#3281 = COLOUR_RGB ( '',0.7529411764705882200, 0.7529411764705882200, 0.7529411764705882200 ) ;
#3282 = FACE_OUTER_BOUND ( 'NONE', #4018, .T. ) ;
#3283 = DIRECTION ( 'NONE',  ( 3.043374519257736300E-015, 0.0000000000000000000, 1.000000000000000000 ) ) ;
#3284 = DIRECTION ( 'NONE',  ( -1.000000000000000000, 0.0000000000000000000, 3.491483361109382100E-015 ) ) ;
#3285 = AXIS2_PLACEMENT_3D ( 'NONE', #3289, #3284, #3283 ) ;
#3286 = CYLINDRICAL_SURFACE ( 'NONE', #3285, 0.5699999999999663100 ) ;
#3287 = FILL_AREA_STYLE ('',( #3288 ) ) ;
#3288 = FILL_AREA_STYLE_COLOUR ( '', #3281 ) ;
#3289 = CARTESIAN_POINT ( 'NONE',  ( -5.940000000000011000, 3.660000000000007200, -7.559999999999938300 ) ) ;
#3290 =( GEOMETRIC_REPRESENTATION_CONTEXT ( 3 ) GLOBAL_UNCERTAINTY_ASSIGNED_CONTEXT ( ( #3292 ) ) GLOBAL_UNIT_ASSIGNED_CONTEXT ( ( #3295, #3294, #3293 ) ) REPRESENTATION_CONTEXT ( 'NONE', 'WORKASPACE' ) );
#3291 = EDGE_LOOP ( 'NONE', ( #148, #146, #157, #160 ) ) ;
#3292 = UNCERTAINTY_MEASURE_WITH_UNIT (LENGTH_MEASURE( 1.000000000000000100E-005 ), #3295, 'distance_accuracy_value', 'NONE');
#3293 =( NAMED_UNIT ( * ) SI_UNIT ( $, .STERADIAN. ) SOLID_ANGLE_UNIT ( ) );
#3294 =( NAMED_UNIT ( * ) PLANE_ANGLE_UNIT ( ) SI_UNIT ( $, .RADIAN. ) );
#3295 =( LENGTH_UNIT ( ) NAMED_UNIT ( * ) SI_UNIT ( .MILLI., .METRE. ) );
#3296 = MECHANICAL_DESIGN_GEOMETRIC_PRESENTATION_REPRESENTATION (  '', ( #3298 ), #3290 ) ;
#3297 = PRESENTATION_LAYER_ASSIGNMENT (  '', '', ( #3298 ) ) ;
#3298 = STYLED_ITEM ( 'NONE', ( #3299 ), #4024 ) ;
#3299 = PRESENTATION_STYLE_ASSIGNMENT (( #3300 ) ) ;
#3300 = SURFACE_STYLE_USAGE ( .BOTH. , #3301 ) ;
#3301 = SURFACE_SIDE_STYLE ('',( #3302 ) ) ;
#3302 = SURFACE_STYLE_FILL_AREA ( #3303 ) ;
#3303 = FILL_AREA_STYLE ('',( #3241 ) ) ;
#3304 = COLOUR_RGB ( '',0.7529411764705882200, 0.7529411764705882200, 0.7529411764705882200 ) ;
#3305 =( LENGTH_UNIT ( ) NAMED_UNIT ( * ) SI_UNIT ( .MILLI., .METRE. ) );
#3306 = MECHANICAL_DESIGN_GEOMETRIC_PRESENTATION_REPRESENTATION (  '', ( #3308 ), #3358 ) ;
#3307 = PRESENTATION_LAYER_ASSIGNMENT (  '', '', ( #3308 ) ) ;
#3308 = STYLED_ITEM ( 'NONE', ( #3309 ), #4037 ) ;
#3309 = PRESENTATION_STYLE_ASSIGNMENT (( #3310 ) ) ;
#3310 = SURFACE_STYLE_USAGE ( .BOTH. , #3311 ) ;
#3311 = SURFACE_SIDE_STYLE ('',( #3312 ) ) ;
#3312 = SURFACE_STYLE_FILL_AREA ( #3313 ) ;
#3313 = FILL_AREA_STYLE ('',( #3320 ) ) ;
#3314 = COLOUR_RGB ( '',0.7529411764705882200, 0.7529411764705882200, 0.7529411764705882200 ) ;
#3315 = FACE_OUTER_BOUND ( 'NONE', #375, .T. ) ;
#3316 = DIRECTION ( 'NONE',  ( -4.453498641543274300E-031, -1.000000000000000000, -1.275531967630005200E-016 ) ) ;
#3317 = VECTOR ( 'NONE', #3316, 1000.000000000000000 ) ;
#3318 = CARTESIAN_POINT ( 'NONE',  ( 11.85000000000001000, 6.799999999999999800, -1.499999999999999100 ) ) ;
#3319 = LINE ( 'NONE', #3318, #3317 ) ;
#3320 = FILL_AREA_STYLE_COLOUR ( '', #3314 ) ;
#3321 = DIRECTION ( 'NONE',  ( 1.000000000000000000, 0.0000000000000000000, -3.491483361109382100E-015 ) ) ;
#3322 = VECTOR ( 'NONE', #3321, 1000.000000000000000 ) ;
#3323 = CARTESIAN_POINT ( 'NONE',  ( -11.84999999999998900, 4.229999999999973800, -1.499999999999916700 ) ) ;
#3324 = LINE ( 'NONE', #3323, #3322 ) ;
#3325 = DIRECTION ( 'NONE',  ( -1.000000000000000000, 0.0000000000000000000, 3.491483361109382100E-015 ) ) ;
#3326 = DIRECTION ( 'NONE',  ( 0.0000000000000000000, -1.000000000000000000, 0.0000000000000000000 ) ) ;
#3327 = CARTESIAN_POINT ( 'NONE',  ( -6.510000000000012200, 4.229999999999973800, -7.559999999999926800 ) ) ;
#3328 = AXIS2_PLACEMENT_3D ( 'NONE', #3327, #3326, #3325 ) ;
#3329 = PLANE ( 'NONE',  #3328 ) ;
#3330 =( GEOMETRIC_REPRESENTATION_CONTEXT ( 3 ) GLOBAL_UNCERTAINTY_ASSIGNED_CONTEXT ( ( #3331 ) ) GLOBAL_UNIT_ASSIGNED_CONTEXT ( ( #3273, #3333, #3332 ) ) REPRESENTATION_CONTEXT ( 'NONE', 'WORKASPACE' ) );
#3331 = UNCERTAINTY_MEASURE_WITH_UNIT (LENGTH_MEASURE( 1.000000000000000100E-005 ), #3273, 'distance_accuracy_value', 'NONE');
#3332 =( NAMED_UNIT ( * ) SI_UNIT ( $, .STERADIAN. ) SOLID_ANGLE_UNIT ( ) );
#3333 =( NAMED_UNIT ( * ) PLANE_ANGLE_UNIT ( ) SI_UNIT ( $, .RADIAN. ) );
#3334 = MECHANICAL_DESIGN_GEOMETRIC_PRESENTATION_REPRESENTATION (  '', ( #3336 ), #3383 ) ;
#3335 = PRESENTATION_LAYER_ASSIGNMENT (  '', '', ( #3336 ) ) ;
#3336 = STYLED_ITEM ( 'NONE', ( #3337 ), #4043 ) ;
#3337 = PRESENTATION_STYLE_ASSIGNMENT (( #3338 ) ) ;
#3338 = SURFACE_STYLE_USAGE ( .BOTH. , #3339 ) ;
#3339 = SURFACE_SIDE_STYLE ('',( #3340 ) ) ;
#3340 = SURFACE_STYLE_FILL_AREA ( #3341 ) ;
#3341 = FILL_AREA_STYLE ('',( #3348 ) ) ;
#3342 = COLOUR_RGB ( '',0.7529411764705882200, 0.7529411764705882200, 0.7529411764705882200 ) ;
#3343 = FACE_OUTER_BOUND ( 'NONE', #4044, .T. ) ;
#3344 = DIRECTION ( 'NONE',  ( -1.902109074535967600E-016, 1.000000000000000000, 1.275531967630011900E-016 ) ) ;
#3345 = VECTOR ( 'NONE', #3344, 1000.000000000000000 ) ;
#3346 = CARTESIAN_POINT ( 'NONE',  ( 10.47000000000001100, 6.800000000000004300, -1.499999999999994400 ) ) ;
#3347 = LINE ( 'NONE', #3346, #3345 ) ;
#3348 = FILL_AREA_STYLE_COLOUR ( '', #3342 ) ;
#3349 = DIRECTION ( 'NONE',  ( -1.000000000000000000, 0.0000000000000000000, 3.491483361109382100E-015 ) ) ;
#3350 = VECTOR ( 'NONE', #3349, 1000.000000000000000 ) ;
#3351 = CARTESIAN_POINT ( 'NONE',  ( -6.509999999999963400, 5.369999999999973500, 6.200000000000065900 ) ) ;
#3352 = LINE ( 'NONE', #3351, #3350 ) ;
#3353 = DIRECTION ( 'NONE',  ( 1.000000000000000000, 0.0000000000000000000, -3.491483361109382100E-015 ) ) ;
#3354 = DIRECTION ( 'NONE',  ( 3.491483361109382100E-015, 0.0000000000000000000, 1.000000000000000000 ) ) ;
#3355 = CARTESIAN_POINT ( 'NONE',  ( -2.549999999999962100, 4.229999999999973800, 6.200000000000051700 ) ) ;
#3356 = AXIS2_PLACEMENT_3D ( 'NONE', #3355, #3354, #3353 ) ;
#3357 = PLANE ( 'NONE',  #3356 ) ;
#3358 =( GEOMETRIC_REPRESENTATION_CONTEXT ( 3 ) GLOBAL_UNCERTAINTY_ASSIGNED_CONTEXT ( ( #3359 ) ) GLOBAL_UNIT_ASSIGNED_CONTEXT ( ( #3305, #3361, #3360 ) ) REPRESENTATION_CONTEXT ( 'NONE', 'WORKASPACE' ) );
#3359 = UNCERTAINTY_MEASURE_WITH_UNIT (LENGTH_MEASURE( 1.000000000000000100E-005 ), #3305, 'distance_accuracy_value', 'NONE');
#3360 =( NAMED_UNIT ( * ) SI_UNIT ( $, .STERADIAN. ) SOLID_ANGLE_UNIT ( ) );
#3361 =( NAMED_UNIT ( * ) PLANE_ANGLE_UNIT ( ) SI_UNIT ( $, .RADIAN. ) );
#3362 =( LENGTH_UNIT ( ) NAMED_UNIT ( * ) SI_UNIT ( .MILLI., .METRE. ) );
#3363 = MECHANICAL_DESIGN_GEOMETRIC_PRESENTATION_REPRESENTATION (  '', ( #3365 ), #3408 ) ;
#3364 = PRESENTATION_LAYER_ASSIGNMENT (  '', '', ( #3365 ) ) ;
#3365 = STYLED_ITEM ( 'NONE', ( #3366 ), #4049 ) ;
#3366 = PRESENTATION_STYLE_ASSIGNMENT (( #3367 ) ) ;
#3367 = SURFACE_STYLE_USAGE ( .BOTH. , #3368 ) ;
#3368 = SURFACE_SIDE_STYLE ('',( #3369 ) ) ;
#3369 = SURFACE_STYLE_FILL_AREA ( #3370 ) ;
#3370 = FILL_AREA_STYLE ('',( #3377 ) ) ;
#3371 = COLOUR_RGB ( '',0.7529411764705882200, 0.7529411764705882200, 0.7529411764705882200 ) ;
#3372 = FACE_OUTER_BOUND ( 'NONE', #4052, .T. ) ;
#3373 = DIRECTION ( 'NONE',  ( -1.000000000000000000, 0.0000000000000000000, 3.491483361109382100E-015 ) ) ;
#3374 = VECTOR ( 'NONE', #3373, 1000.000000000000000 ) ;
#3375 = CARTESIAN_POINT ( 'NONE',  ( -2.550000000000015800, 3.659999999999992100, -9.269999999999917900 ) ) ;
#3376 = LINE ( 'NONE', #3375, #3374 ) ;
#3377 = FILL_AREA_STYLE_COLOUR ( '', #3371 ) ;
#3378 = DIRECTION ( 'NONE',  ( 1.000000000000000000, 0.0000000000000000000, -3.491483361109382100E-015 ) ) ;
#3379 = DIRECTION ( 'NONE',  ( -5.017844319337647300E-029, 1.000000000000000000, -1.437166900243591600E-014 ) ) ;
#3380 = CARTESIAN_POINT ( 'NONE',  ( -2.550000000000012300, -3.599999999999990300, -8.129999999999915500 ) ) ;
#3381 = AXIS2_PLACEMENT_3D ( 'NONE', #3380, #3379, #3378 ) ;
#3382 = PLANE ( 'NONE',  #3381 ) ;
#3383 =( GEOMETRIC_REPRESENTATION_CONTEXT ( 3 ) GLOBAL_UNCERTAINTY_ASSIGNED_CONTEXT ( ( #3384 ) ) GLOBAL_UNIT_ASSIGNED_CONTEXT ( ( #3387, #3386, #3385 ) ) REPRESENTATION_CONTEXT ( 'NONE', 'WORKASPACE' ) );
#3384 = UNCERTAINTY_MEASURE_WITH_UNIT (LENGTH_MEASURE( 1.000000000000000100E-005 ), #3387, 'distance_accuracy_value', 'NONE');
#3385 =( NAMED_UNIT ( * ) SI_UNIT ( $, .STERADIAN. ) SOLID_ANGLE_UNIT ( ) );
#3386 =( NAMED_UNIT ( * ) PLANE_ANGLE_UNIT ( ) SI_UNIT ( $, .RADIAN. ) );
#3387 =( LENGTH_UNIT ( ) NAMED_UNIT ( * ) SI_UNIT ( .MILLI., .METRE. ) );
#3388 = UNCERTAINTY_MEASURE_WITH_UNIT (LENGTH_MEASURE( 1.000000000000000100E-005 ), #3391, 'distance_accuracy_value', 'NONE');
#3389 =( NAMED_UNIT ( * ) SI_UNIT ( $, .STERADIAN. ) SOLID_ANGLE_UNIT ( ) );
#3390 =( NAMED_UNIT ( * ) PLANE_ANGLE_UNIT ( ) SI_UNIT ( $, .RADIAN. ) );
#3391 =( LENGTH_UNIT ( ) NAMED_UNIT ( * ) SI_UNIT ( .MILLI., .METRE. ) );
#3392 = MECHANICAL_DESIGN_GEOMETRIC_PRESENTATION_REPRESENTATION (  '', ( #3394 ), #3437 ) ;
#3393 = PRESENTATION_LAYER_ASSIGNMENT (  '', '', ( #3394 ) ) ;
#3394 = STYLED_ITEM ( 'NONE', ( #3395 ), #4058 ) ;
#3395 = PRESENTATION_STYLE_ASSIGNMENT (( #3396 ) ) ;
#3396 = SURFACE_STYLE_USAGE ( .BOTH. , #3397 ) ;
#3397 = SURFACE_SIDE_STYLE ('',( #3398 ) ) ;
#3398 = SURFACE_STYLE_FILL_AREA ( #3405 ) ;
#3399 = COLOUR_RGB ( '',0.7529411764705882200, 0.7529411764705882200, 0.7529411764705882200 ) ;
#3400 = FACE_OUTER_BOUND ( 'NONE', #4059, .T. ) ;
#3401 = DIRECTION ( 'NONE',  ( 3.550603605800551700E-015, 0.0000000000000000000, 1.000000000000000000 ) ) ;
#3402 = DIRECTION ( 'NONE',  ( -1.000000000000000000, 0.0000000000000000000, 3.491483361109382100E-015 ) ) ;
#3403 = AXIS2_PLACEMENT_3D ( 'NONE', #3407, #3402, #3401 ) ;
#3404 = CYLINDRICAL_SURFACE ( 'NONE', #3403, 1.709999999999966700 ) ;
#3405 = FILL_AREA_STYLE ('',( #3406 ) ) ;
#3406 = FILL_AREA_STYLE_COLOUR ( '', #3399 ) ;
#3407 = CARTESIAN_POINT ( 'NONE',  ( -1.980000000000011300, 3.660000000000007200, -7.559999999999952500 ) ) ;
#3408 =( GEOMETRIC_REPRESENTATION_CONTEXT ( 3 ) GLOBAL_UNCERTAINTY_ASSIGNED_CONTEXT ( ( #3409 ) ) GLOBAL_UNIT_ASSIGNED_CONTEXT ( ( #3362, #3411, #3410 ) ) REPRESENTATION_CONTEXT ( 'NONE', 'WORKASPACE' ) );
#3409 = UNCERTAINTY_MEASURE_WITH_UNIT (LENGTH_MEASURE( 1.000000000000000100E-005 ), #3362, 'distance_accuracy_value', 'NONE');
#3410 =( NAMED_UNIT ( * ) SI_UNIT ( $, .STERADIAN. ) SOLID_ANGLE_UNIT ( ) );
#3411 =( NAMED_UNIT ( * ) PLANE_ANGLE_UNIT ( ) SI_UNIT ( $, .RADIAN. ) );
#3412 =( GEOMETRIC_REPRESENTATION_CONTEXT ( 3 ) GLOBAL_UNCERTAINTY_ASSIGNED_CONTEXT ( ( #3413 ) ) GLOBAL_UNIT_ASSIGNED_CONTEXT ( ( #3416, #3415, #3414 ) ) REPRESENTATION_CONTEXT ( 'NONE', 'WORKASPACE' ) );
#3413 = UNCERTAINTY_MEASURE_WITH_UNIT (LENGTH_MEASURE( 1.000000000000000100E-005 ), #3416, 'distance_accuracy_value', 'NONE');
#3414 =( NAMED_UNIT ( * ) SI_UNIT ( $, .STERADIAN. ) SOLID_ANGLE_UNIT ( ) );
#3415 =( NAMED_UNIT ( * ) PLANE_ANGLE_UNIT ( ) SI_UNIT ( $, .RADIAN. ) );
#3416 =( LENGTH_UNIT ( ) NAMED_UNIT ( * ) SI_UNIT ( .MILLI., .METRE. ) );
#3417 = MECHANICAL_DESIGN_GEOMETRIC_PRESENTATION_REPRESENTATION (  '', ( #3419 ), #3412 ) ;
#3418 = PRESENTATION_LAYER_ASSIGNMENT (  '', '', ( #3419 ) ) ;
#3419 = STYLED_ITEM ( 'NONE', ( #3420 ), #4061 ) ;
#3420 = PRESENTATION_STYLE_ASSIGNMENT (( #3421 ) ) ;
#3421 = SURFACE_STYLE_USAGE ( .BOTH. , #3422 ) ;
#3422 = SURFACE_SIDE_STYLE ('',( #3423 ) ) ;
#3423 = SURFACE_STYLE_FILL_AREA ( #3424 ) ;
#3424 = FILL_AREA_STYLE ('',( #3431 ) ) ;
#3425 = COLOUR_RGB ( '',0.7529411764705882200, 0.7529411764705882200, 0.7529411764705882200 ) ;
#3426 = FACE_OUTER_BOUND ( 'NONE', #4062, .T. ) ;
#3427 = DIRECTION ( 'NONE',  ( 0.0000000000000000000, -1.000000000000000000, 0.0000000000000000000 ) ) ;
#3428 = VECTOR ( 'NONE', #3427, 1000.000000000000000 ) ;
#3429 = CARTESIAN_POINT ( 'NONE',  ( -6.509999999999963400, 5.369999999999973500, 6.200000000000065900 ) ) ;
#3430 = LINE ( 'NONE', #3429, #3428 ) ;
#3431 = FILL_AREA_STYLE_COLOUR ( '', #3425 ) ;
#3432 = DIRECTION ( 'NONE',  ( 1.000000000000000000, 0.0000000000000000000, -3.491483361109382100E-015 ) ) ;
#3433 = DIRECTION ( 'NONE',  ( 3.491483361109382100E-015, 0.0000000000000000000, 1.000000000000000000 ) ) ;
#3434 = CARTESIAN_POINT ( 'NONE',  ( -6.509999999999963400, 4.229999999999973800, 6.200000000000065900 ) ) ;
#3435 = AXIS2_PLACEMENT_3D ( 'NONE', #3434, #3433, #3432 ) ;
#3436 = PLANE ( 'NONE',  #3435 ) ;
#3437 =( GEOMETRIC_REPRESENTATION_CONTEXT ( 3 ) GLOBAL_UNCERTAINTY_ASSIGNED_CONTEXT ( ( #3388 ) ) GLOBAL_UNIT_ASSIGNED_CONTEXT ( ( #3391, #3390, #3389 ) ) REPRESENTATION_CONTEXT ( 'NONE', 'WORKASPACE' ) );
#3438 = DIRECTION ( 'NONE',  ( 4.171321041665876800E-031, -1.000000000000000000, 1.194713137725073900E-016 ) ) ;
#3439 = DIRECTION ( 'NONE',  ( 3.491483361109382100E-015, 1.194713137725073900E-016, 1.000000000000000000 ) ) ;
#3440 = CARTESIAN_POINT ( 'NONE',  ( -2.550000000000015800, 3.659999999999992100, -9.269999999999917900 ) ) ;
#3441 = AXIS2_PLACEMENT_3D ( 'NONE', #3440, #3439, #3438 ) ;
#3442 = PLANE ( 'NONE',  #3441 ) ;
#3443 =( GEOMETRIC_REPRESENTATION_CONTEXT ( 3 ) GLOBAL_UNCERTAINTY_ASSIGNED_CONTEXT ( ( #3444 ) ) GLOBAL_UNIT_ASSIGNED_CONTEXT ( ( #3447, #3446, #3445 ) ) REPRESENTATION_CONTEXT ( 'NONE', 'WORKASPACE' ) );
#3444 = UNCERTAINTY_MEASURE_WITH_UNIT (LENGTH_MEASURE( 1.000000000000000100E-005 ), #3447, 'distance_accuracy_value', 'NONE');
#3445 =( NAMED_UNIT ( * ) SI_UNIT ( $, .STERADIAN. ) SOLID_ANGLE_UNIT ( ) );
#3446 =( NAMED_UNIT ( * ) PLANE_ANGLE_UNIT ( ) SI_UNIT ( $, .RADIAN. ) );
#3447 =( LENGTH_UNIT ( ) NAMED_UNIT ( * ) SI_UNIT ( .MILLI., .METRE. ) );
#3448 = MECHANICAL_DESIGN_GEOMETRIC_PRESENTATION_REPRESENTATION (  '', ( #3450 ), #3443 ) ;
#3449 = PRESENTATION_LAYER_ASSIGNMENT (  '', '', ( #3450 ) ) ;
#3450 = STYLED_ITEM ( 'NONE', ( #3451 ), #4066 ) ;
#3451 = PRESENTATION_STYLE_ASSIGNMENT (( #3452 ) ) ;
#3452 = SURFACE_STYLE_USAGE ( .BOTH. , #3453 ) ;
#3453 = SURFACE_SIDE_STYLE ('',( #3454 ) ) ;
#3454 = SURFACE_STYLE_FILL_AREA ( #3461 ) ;
#3455 = COLOUR_RGB ( '',0.7529411764705882200, 0.7529411764705882200, 0.7529411764705882200 ) ;
#3456 = FACE_OUTER_BOUND ( 'NONE', #4065, .T. ) ;
#3457 = DIRECTION ( 'NONE',  ( 3.804218149072169900E-015, 0.0000000000000000000, 1.000000000000000000 ) ) ;
#3458 = DIRECTION ( 'NONE',  ( -1.000000000000000000, 0.0000000000000000000, 3.491483361109382100E-015 ) ) ;
#3459 = AXIS2_PLACEMENT_3D ( 'NONE', #3463, #3458, #3457 ) ;
#3460 = CYLINDRICAL_SURFACE ( 'NONE', #3459, 0.5699999999999663100 ) ;
#3461 = FILL_AREA_STYLE ('',( #3462 ) ) ;
#3462 = FILL_AREA_STYLE_COLOUR ( '', #3455 ) ;
#3463 = CARTESIAN_POINT ( 'NONE',  ( -1.980000000000011300, 3.660000000000007200, -7.559999999999952500 ) ) ;
#3464 = CARTESIAN_POINT ( 'NONE',  ( -1.410000000000010100, 4.229999999999973800, -7.559999999999945400 ) ) ;
#3465 = LINE ( 'NONE', #3464, #3521 ) ;
#3466 = DIRECTION ( 'NONE',  ( 1.000000000000000000, 0.0000000000000000000, -3.491483361109382100E-015 ) ) ;
#3467 = DIRECTION ( 'NONE',  ( -5.017844319337647300E-029, 1.000000000000000000, -1.437166900243591600E-014 ) ) ;
#3468 = CARTESIAN_POINT ( 'NONE',  ( 1.409999999999987700, -3.599999999999990300, -8.129999999999929700 ) ) ;
#3469 = AXIS2_PLACEMENT_3D ( 'NONE', #3468, #3467, #3466 ) ;
#3470 = PLANE ( 'NONE',  #3469 ) ;
#3471 =( GEOMETRIC_REPRESENTATION_CONTEXT ( 3 ) GLOBAL_UNCERTAINTY_ASSIGNED_CONTEXT ( ( #3472 ) ) GLOBAL_UNIT_ASSIGNED_CONTEXT ( ( #3475, #3474, #3473 ) ) REPRESENTATION_CONTEXT ( 'NONE', 'WORKASPACE' ) );
#3472 = UNCERTAINTY_MEASURE_WITH_UNIT (LENGTH_MEASURE( 1.000000000000000100E-005 ), #3475, 'distance_accuracy_value', 'NONE');
#3473 =( NAMED_UNIT ( * ) SI_UNIT ( $, .STERADIAN. ) SOLID_ANGLE_UNIT ( ) );
#3474 =( NAMED_UNIT ( * ) PLANE_ANGLE_UNIT ( ) SI_UNIT ( $, .RADIAN. ) );
#3475 =( LENGTH_UNIT ( ) NAMED_UNIT ( * ) SI_UNIT ( .MILLI., .METRE. ) );
#3476 = MECHANICAL_DESIGN_GEOMETRIC_PRESENTATION_REPRESENTATION (  '', ( #3478 ), #3471 ) ;
#3477 = PRESENTATION_LAYER_ASSIGNMENT (  '', '', ( #3478 ) ) ;
#3478 = STYLED_ITEM ( 'NONE', ( #3479 ), #4074 ) ;
#3479 = PRESENTATION_STYLE_ASSIGNMENT (( #3480 ) ) ;
#3480 = SURFACE_STYLE_USAGE ( .BOTH. , #3481 ) ;
#3481 = SURFACE_SIDE_STYLE ('',( #3482 ) ) ;
#3482 = SURFACE_STYLE_FILL_AREA ( #3483 ) ;
#3483 = FILL_AREA_STYLE ('',( #3484 ) ) ;
#3484 = FILL_AREA_STYLE_COLOUR ( '', #3485 ) ;
#3485 = COLOUR_RGB ( '',0.7529411764705882200, 0.7529411764705882200, 0.7529411764705882200 ) ;
#3486 = FACE_OUTER_BOUND ( 'NONE', #4041, .T. ) ;
#3487 = CARTESIAN_POINT ( 'NONE',  ( -10.59999999999996800, 6.800000000000007800, 4.700000000000080100 ) ) ;
#3488 = CARTESIAN_POINT ( 'NONE',  ( -5.369999999999961900, 5.369999999999973500, 6.200000000000062400 ) ) ;
#3489 = CARTESIAN_POINT ( 'NONE',  ( 11.85000000000001000, 6.799999999999999800, -1.499999999999999100 ) ) ;
#3490 = DIRECTION ( 'NONE',  ( 1.000000000000000000, 0.0000000000000000000, -3.491483361109382100E-015 ) ) ;
#3491 = VECTOR ( 'NONE', #3490, 1000.000000000000000 ) ;
#3492 = CARTESIAN_POINT ( 'NONE',  ( -2.550000000000012300, -3.599999999999990300, -8.129999999999915500 ) ) ;
#3493 = LINE ( 'NONE', #3492, #3491 ) ;
#3494 = PLANE ( 'NONE',  #3552 ) ;
#3495 =( GEOMETRIC_REPRESENTATION_CONTEXT ( 3 ) GLOBAL_UNCERTAINTY_ASSIGNED_CONTEXT ( ( #3496 ) ) GLOBAL_UNIT_ASSIGNED_CONTEXT ( ( #3499, #3498, #3497 ) ) REPRESENTATION_CONTEXT ( 'NONE', 'WORKASPACE' ) );
#3496 = UNCERTAINTY_MEASURE_WITH_UNIT (LENGTH_MEASURE( 1.000000000000000100E-005 ), #3499, 'distance_accuracy_value', 'NONE');
#3497 =( NAMED_UNIT ( * ) SI_UNIT ( $, .STERADIAN. ) SOLID_ANGLE_UNIT ( ) );
#3498 =( NAMED_UNIT ( * ) PLANE_ANGLE_UNIT ( ) SI_UNIT ( $, .RADIAN. ) );
#3499 =( LENGTH_UNIT ( ) NAMED_UNIT ( * ) SI_UNIT ( .MILLI., .METRE. ) );
#3500 = MECHANICAL_DESIGN_GEOMETRIC_PRESENTATION_REPRESENTATION (  '', ( #3502 ), #3495 ) ;
#3501 = PRESENTATION_LAYER_ASSIGNMENT (  '', '', ( #3502 ) ) ;
#3502 = STYLED_ITEM ( 'NONE', ( #3503 ), #4082 ) ;
#3503 = PRESENTATION_STYLE_ASSIGNMENT (( #3504 ) ) ;
#3504 = SURFACE_STYLE_USAGE ( .BOTH. , #3505 ) ;
#3505 = SURFACE_SIDE_STYLE ('',( #3506 ) ) ;
#3506 = SURFACE_STYLE_FILL_AREA ( #3507 ) ;
#3507 = FILL_AREA_STYLE ('',( #3509 ) ) ;
#3508 = COLOUR_RGB ( '',0.7529411764705882200, 0.7529411764705882200, 0.7529411764705882200 ) ;
#3509 = FILL_AREA_STYLE_COLOUR ( '', #3508 ) ;
#3510 = FACE_OUTER_BOUND ( 'NONE', #4087, .T. ) ;
#3511 = CARTESIAN_POINT ( 'NONE',  ( 10.47000000000003800, 4.229999999999973800, 6.200000000000006400 ) ) ;
#3512 = DIRECTION ( 'NONE',  ( 3.491483361109382100E-015, 0.0000000000000000000, 1.000000000000000000 ) ) ;
#3513 = VECTOR ( 'NONE', #3512, 1000.000000000000000 ) ;
#3514 = CARTESIAN_POINT ( 'NONE',  ( 9.329999999999989400, 4.229999999999973800, -7.559999999999982700 ) ) ;
#3515 = LINE ( 'NONE', #3514, #3513 ) ;
#3516 = DIRECTION ( 'NONE',  ( 3.491483361109382100E-015, 0.0000000000000000000, 1.000000000000000000 ) ) ;
#3517 = VECTOR ( 'NONE', #3516, 1000.000000000000000 ) ;
#3518 = CARTESIAN_POINT ( 'NONE',  ( 9.329999999999989400, 5.369999999999973500, -7.559999999999982700 ) ) ;
#3519 = LINE ( 'NONE', #3518, #3517 ) ;
#3520 = DIRECTION ( 'NONE',  ( 3.491483361109382100E-015, 0.0000000000000000000, 1.000000000000000000 ) ) ;
#3521 = VECTOR ( 'NONE', #3520, 1000.000000000000000 ) ;
#3522 = LINE ( 'NONE', #3589, #3588 ) ;
#3523 = CARTESIAN_POINT ( 'NONE',  ( 10.46999999999998800, 3.660000000000008600, -8.129999999999961700 ) ) ;
#3524 = CARTESIAN_POINT ( 'NONE',  ( 10.46999999999998800, -3.599999999999990300, -8.129999999999961700 ) ) ;
#3525 = CARTESIAN_POINT ( 'NONE',  ( 10.46999999999999000, 5.369999999999973500, -7.559999999999987200 ) ) ;
#3526 = CARTESIAN_POINT ( 'NONE',  ( 10.46999999999999000, 4.229999999999973800, -7.559999999999987200 ) ) ;
#3527 = CARTESIAN_POINT ( 'NONE',  ( 5.370000000000038300, 4.229999999999973800, 6.200000000000024200 ) ) ;
#3528 = DIRECTION ( 'NONE',  ( 1.000000000000000000, 0.0000000000000000000, -3.491483361109382100E-015 ) ) ;
#3529 = VECTOR ( 'NONE', #3528, 1000.000000000000000 ) ;
#3530 = CARTESIAN_POINT ( 'NONE',  ( 5.370000000000038300, 4.229999999999973800, 6.200000000000024200 ) ) ;
#3531 = LINE ( 'NONE', #3530, #3529 ) ;
#3532 = DIRECTION ( 'NONE',  ( 3.491483361109382100E-015, 0.0000000000000000000, 1.000000000000000000 ) ) ;
#3533 = VECTOR ( 'NONE', #3532, 1000.000000000000000 ) ;
#3534 = CARTESIAN_POINT ( 'NONE',  ( 5.369999999999989400, 4.229999999999973800, -7.559999999999968500 ) ) ;
#3535 = LINE ( 'NONE', #3534, #3533 ) ;
#3536 = DIRECTION ( 'NONE',  ( 1.000000000000000000, 0.0000000000000000000, -3.491483361109382100E-015 ) ) ;
#3537 = VECTOR ( 'NONE', #3536, 1000.000000000000000 ) ;
#3538 = CARTESIAN_POINT ( 'NONE',  ( 9.330000000000037400, 4.229999999999973800, 6.200000000000009900 ) ) ;
#3539 = LINE ( 'NONE', #3538, #3537 ) ;
#3540 = DIRECTION ( 'NONE',  ( -1.000000000000000000, 0.0000000000000000000, 3.491483361109382100E-015 ) ) ;
#3541 = VECTOR ( 'NONE', #3540, 1000.000000000000000 ) ;
#3542 = CARTESIAN_POINT ( 'NONE',  ( 9.330000000000037400, 5.369999999999973500, 6.200000000000009900 ) ) ;
#3543 = LINE ( 'NONE', #3542, #3541 ) ;
#3544 = DIRECTION ( 'NONE',  ( -1.902109074535972000E-016, 1.000000000000000000, 6.641182184757512200E-031 ) ) ;
#3545 = VECTOR ( 'NONE', #3544, 1000.000000000000000 ) ;
#3546 = CARTESIAN_POINT ( 'NONE',  ( 10.47000000000003800, 5.369999999999973500, 6.200000000000006400 ) ) ;
#3547 = LINE ( 'NONE', #3546, #3545 ) ;
#3548 = CARTESIAN_POINT ( 'NONE',  ( 10.47000000000003800, 5.369999999999973500, 6.200000000000006400 ) ) ;
#3549 = DIRECTION ( 'NONE',  ( -1.000000000000000000, 0.0000000000000000000, 3.491483361109382100E-015 ) ) ;
#3550 = DIRECTION ( 'NONE',  ( 0.0000000000000000000, -1.000000000000000000, 0.0000000000000000000 ) ) ;
#3551 = CARTESIAN_POINT ( 'NONE',  ( 9.329999999999989400, 4.229999999999973800, -7.559999999999982700 ) ) ;
#3552 = AXIS2_PLACEMENT_3D ( 'NONE', #3551, #3550, #3549 ) ;
#3553 =( LENGTH_UNIT ( ) NAMED_UNIT ( * ) SI_UNIT ( .MILLI., .METRE. ) );
#3554 = MECHANICAL_DESIGN_GEOMETRIC_PRESENTATION_REPRESENTATION (  '', ( #3556 ), #3611 ) ;
#3555 = PRESENTATION_LAYER_ASSIGNMENT (  '', '', ( #3556 ) ) ;
#3556 = STYLED_ITEM ( 'NONE', ( #3557 ), #4120 ) ;
#3557 = PRESENTATION_STYLE_ASSIGNMENT (( #3558 ) ) ;
#3558 = SURFACE_STYLE_USAGE ( .BOTH. , #3559 ) ;
#3559 = SURFACE_SIDE_STYLE ('',( #3560 ) ) ;
#3560 = SURFACE_STYLE_FILL_AREA ( #3561 ) ;
#3561 = FILL_AREA_STYLE ('',( #3562 ) ) ;
#3562 = FILL_AREA_STYLE_COLOUR ( '', #3563 ) ;
#3563 = COLOUR_RGB ( '',0.7529411764705882200, 0.7529411764705882200, 0.7529411764705882200 ) ;
#3564 = FACE_OUTER_BOUND ( 'NONE', #4119, .T. ) ;
#3565 = CARTESIAN_POINT ( 'NONE',  ( 6.510000000000038000, 4.229999999999973800, 6.200000000000020600 ) ) ;
#3566 = DIRECTION ( 'NONE',  ( 3.043374519257736300E-015, 0.0000000000000000000, 1.000000000000000000 ) ) ;
#3567 = DIRECTION ( 'NONE',  ( -1.000000000000000000, 0.0000000000000000000, 3.491483361109382100E-015 ) ) ;
#3568 = CARTESIAN_POINT ( 'NONE',  ( 10.46999999999999000, 3.660000000000007200, -7.559999999999995200 ) ) ;
#3569 = AXIS2_PLACEMENT_3D ( 'NONE', #3568, #3567, #3566 ) ;
#3570 = CIRCLE ( 'NONE', #3569, 0.5699999999999663100 ) ;
#3571 = DIRECTION ( 'NONE',  ( 3.491483361109382100E-015, 0.0000000000000000000, 1.000000000000000000 ) ) ;
#3572 = VECTOR ( 'NONE', #3571, 1000.000000000000000 ) ;
#3573 = CARTESIAN_POINT ( 'NONE',  ( 6.509999999999990000, 5.369999999999973500, -7.559999999999973000 ) ) ;
#3574 = LINE ( 'NONE', #3573, #3572 ) ;
#3575 = DIRECTION ( 'NONE',  ( 3.491483361109382100E-015, 0.0000000000000000000, 1.000000000000000000 ) ) ;
#3576 = VECTOR ( 'NONE', #3575, 1000.000000000000000 ) ;
#3577 = CARTESIAN_POINT ( 'NONE',  ( 10.46999999999999000, 4.229999999999973800, -7.559999999999987200 ) ) ;
#3578 = LINE ( 'NONE', #3577, #3576 ) ;
#3579 = DIRECTION ( 'NONE',  ( -1.000000000000000000, 0.0000000000000000000, 3.491483361109382100E-015 ) ) ;
#3580 = VECTOR ( 'NONE', #3579, 1000.000000000000000 ) ;
#3581 = CARTESIAN_POINT ( 'NONE',  ( 5.370000000000038300, 5.369999999999973500, 6.200000000000024200 ) ) ;
#3582 = LINE ( 'NONE', #3581, #3580 ) ;
#3583 = DIRECTION ( 'NONE',  ( 4.171321041665876800E-031, -1.000000000000000000, 1.194713137725073900E-016 ) ) ;
#3584 = VECTOR ( 'NONE', #3583, 1000.000000000000000 ) ;
#3585 = CARTESIAN_POINT ( 'NONE',  ( 10.46999999999998800, 3.660000000000008600, -8.129999999999961700 ) ) ;
#3586 = LINE ( 'NONE', #3585, #3584 ) ;
#3587 = DIRECTION ( 'NONE',  ( -1.902109074535972000E-016, 1.000000000000000000, 6.641182184757512200E-031 ) ) ;
#3588 = VECTOR ( 'NONE', #3587, 1000.000000000000000 ) ;
#3589 = CARTESIAN_POINT ( 'NONE',  ( 6.510000000000038000, 5.369999999999973500, 6.200000000000020600 ) ) ;
#3590 = UNCERTAINTY_MEASURE_WITH_UNIT (LENGTH_MEASURE( 1.000000000000000100E-005 ), #3593, 'distance_accuracy_value', 'NONE');
#3591 =( NAMED_UNIT ( * ) SI_UNIT ( $, .STERADIAN. ) SOLID_ANGLE_UNIT ( ) );
#3592 =( NAMED_UNIT ( * ) PLANE_ANGLE_UNIT ( ) SI_UNIT ( $, .RADIAN. ) );
#3593 =( LENGTH_UNIT ( ) NAMED_UNIT ( * ) SI_UNIT ( .MILLI., .METRE. ) );
#3594 = MECHANICAL_DESIGN_GEOMETRIC_PRESENTATION_REPRESENTATION (  '', ( #3596 ), #3643 ) ;
#3595 = PRESENTATION_LAYER_ASSIGNMENT (  '', '', ( #3596 ) ) ;
#3596 = STYLED_ITEM ( 'NONE', ( #3597 ), #4123 ) ;
#3597 = PRESENTATION_STYLE_ASSIGNMENT (( #3598 ) ) ;
#3598 = SURFACE_STYLE_USAGE ( .BOTH. , #3599 ) ;
#3599 = SURFACE_SIDE_STYLE ('',( #3600 ) ) ;
#3600 = SURFACE_STYLE_FILL_AREA ( #3601 ) ;
#3601 = FILL_AREA_STYLE ('',( #3602 ) ) ;
#3602 = FILL_AREA_STYLE_COLOUR ( '', #3603 ) ;
#3603 = COLOUR_RGB ( '',0.7529411764705882200, 0.7529411764705882200, 0.7529411764705882200 ) ;
#3604 = FACE_OUTER_BOUND ( 'NONE', #4122, .T. ) ;
#3605 = CARTESIAN_POINT ( 'NONE',  ( 6.510000000000038000, 5.369999999999973500, 6.200000000000020600 ) ) ;
#3606 = DIRECTION ( 'NONE',  ( -1.000000000000000000, 0.0000000000000000000, 3.491483361109382100E-015 ) ) ;
#3607 = DIRECTION ( 'NONE',  ( 0.0000000000000000000, -1.000000000000000000, 0.0000000000000000000 ) ) ;
#3608 = CARTESIAN_POINT ( 'NONE',  ( 5.369999999999989400, 4.229999999999973800, -7.559999999999968500 ) ) ;
#3609 = AXIS2_PLACEMENT_3D ( 'NONE', #3608, #3607, #3606 ) ;
#3610 = PLANE ( 'NONE',  #3609 ) ;
#3611 =( GEOMETRIC_REPRESENTATION_CONTEXT ( 3 ) GLOBAL_UNCERTAINTY_ASSIGNED_CONTEXT ( ( #3612 ) ) GLOBAL_UNIT_ASSIGNED_CONTEXT ( ( #3553, #3614, #3613 ) ) REPRESENTATION_CONTEXT ( 'NONE', 'WORKASPACE' ) );
#3612 = UNCERTAINTY_MEASURE_WITH_UNIT (LENGTH_MEASURE( 1.000000000000000100E-005 ), #3553, 'distance_accuracy_value', 'NONE');
#3613 =( NAMED_UNIT ( * ) SI_UNIT ( $, .STERADIAN. ) SOLID_ANGLE_UNIT ( ) );
#3614 =( NAMED_UNIT ( * ) PLANE_ANGLE_UNIT ( ) SI_UNIT ( $, .RADIAN. ) );
#3615 = UNCERTAINTY_MEASURE_WITH_UNIT (LENGTH_MEASURE( 1.000000000000000100E-005 ), #3618, 'distance_accuracy_value', 'NONE');
#3616 =( NAMED_UNIT ( * ) SI_UNIT ( $, .STERADIAN. ) SOLID_ANGLE_UNIT ( ) );
#3617 =( NAMED_UNIT ( * ) PLANE_ANGLE_UNIT ( ) SI_UNIT ( $, .RADIAN. ) );
#3618 =( LENGTH_UNIT ( ) NAMED_UNIT ( * ) SI_UNIT ( .MILLI., .METRE. ) );
#3619 = MECHANICAL_DESIGN_GEOMETRIC_PRESENTATION_REPRESENTATION (  '', ( #3621 ), #3673 ) ;
#3620 = PRESENTATION_LAYER_ASSIGNMENT (  '', '', ( #3621 ) ) ;
#3621 = STYLED_ITEM ( 'NONE', ( #3622 ), #4133 ) ;
#3622 = PRESENTATION_STYLE_ASSIGNMENT (( #3623 ) ) ;
#3623 = SURFACE_STYLE_USAGE ( .BOTH. , #3624 ) ;
#3624 = SURFACE_SIDE_STYLE ('',( #3625 ) ) ;
#3625 = SURFACE_STYLE_FILL_AREA ( #3626 ) ;
#3626 = FILL_AREA_STYLE ('',( #3633 ) ) ;
#3627 = COLOUR_RGB ( '',0.7529411764705882200, 0.7529411764705882200, 0.7529411764705882200 ) ;
#3628 = FACE_OUTER_BOUND ( 'NONE', #4130, .T. ) ;
#3629 = DIRECTION ( 'NONE',  ( 3.491483361109382100E-015, 0.0000000000000000000, 1.000000000000000000 ) ) ;
#3630 = VECTOR ( 'NONE', #3629, 1000.000000000000000 ) ;
#3631 = CARTESIAN_POINT ( 'NONE',  ( 10.46999999999999000, 5.369999999999973500, -7.559999999999987200 ) ) ;
#3632 = LINE ( 'NONE', #3631, #3630 ) ;
#3633 = FILL_AREA_STYLE_COLOUR ( '', #3627 ) ;
#3634 = DIRECTION ( 'NONE',  ( 3.491483361109382100E-015, 0.0000000000000000000, 1.000000000000000000 ) ) ;
#3635 = VECTOR ( 'NONE', #3634, 1000.000000000000000 ) ;
#3636 = CARTESIAN_POINT ( 'NONE',  ( 6.509999999999990000, 4.229999999999973800, -7.559999999999973000 ) ) ;
#3637 = LINE ( 'NONE', #3636, #3635 ) ;
#3638 = DIRECTION ( 'NONE',  ( 1.902109074535972000E-016, -1.000000000000000000, -6.641182184757512200E-031 ) ) ;
#3639 = DIRECTION ( 'NONE',  ( 1.000000000000000000, 1.902109074535972000E-016, -3.491483361109382100E-015 ) ) ;
#3640 = CARTESIAN_POINT ( 'NONE',  ( 6.509999999999990000, 5.369999999999973500, -7.559999999999973000 ) ) ;
#3641 = AXIS2_PLACEMENT_3D ( 'NONE', #3640, #3639, #3638 ) ;
#3642 = PLANE ( 'NONE',  #3641 ) ;
#3643 =( GEOMETRIC_REPRESENTATION_CONTEXT ( 3 ) GLOBAL_UNCERTAINTY_ASSIGNED_CONTEXT ( ( #3590 ) ) GLOBAL_UNIT_ASSIGNED_CONTEXT ( ( #3593, #3592, #3591 ) ) REPRESENTATION_CONTEXT ( 'NONE', 'WORKASPACE' ) );
#3644 =( LENGTH_UNIT ( ) NAMED_UNIT ( * ) SI_UNIT ( .MILLI., .METRE. ) );
#3645 = MECHANICAL_DESIGN_GEOMETRIC_PRESENTATION_REPRESENTATION (  '', ( #3647 ), #3697 ) ;
#3646 = PRESENTATION_LAYER_ASSIGNMENT (  '', '', ( #3647 ) ) ;
#3647 = STYLED_ITEM ( 'NONE', ( #3648 ), #4145 ) ;
#3648 = PRESENTATION_STYLE_ASSIGNMENT (( #3649 ) ) ;
#3649 = SURFACE_STYLE_USAGE ( .BOTH. , #3650 ) ;
#3650 = SURFACE_SIDE_STYLE ('',( #3651 ) ) ;
#3651 = SURFACE_STYLE_FILL_AREA ( #3652 ) ;
#3652 = FILL_AREA_STYLE ('',( #3653 ) ) ;
#3653 = FILL_AREA_STYLE_COLOUR ( '', #3654 ) ;
#3654 = COLOUR_RGB ( '',0.7529411764705882200, 0.7529411764705882200, 0.7529411764705882200 ) ;
#3655 = FACE_OUTER_BOUND ( 'NONE', #4138, .T. ) ;
#3656 = CARTESIAN_POINT ( 'NONE',  ( 1.409999999999987700, -3.599999999999990300, -8.129999999999929700 ) ) ;
#3657 = CARTESIAN_POINT ( 'NONE',  ( -10.47000000000000100, 5.369999999999973500, -4.699999999999922000 ) ) ;
#3658 = DIRECTION ( 'NONE',  ( 0.0000000000000000000, 1.000000000000000000, 0.0000000000000000000 ) ) ;
#3659 = VECTOR ( 'NONE', #3658, 1000.000000000000000 ) ;
#3660 = CARTESIAN_POINT ( 'NONE',  ( -10.47000000000000100, 0.0000000000000000000, -4.699999999999922000 ) ) ;
#3661 = LINE ( 'NONE', #3660, #3659 ) ;
#3662 = CARTESIAN_POINT ( 'NONE',  ( -10.47000000000000100, 4.229999999999973800, -4.699999999999922000 ) ) ;
#3663 = DIRECTION ( 'NONE',  ( -1.000000000000000000, 0.0000000000000000000, 3.491483361109382100E-015 ) ) ;
#3664 = VECTOR ( 'NONE', #3663, 1000.000000000000000 ) ;
#3665 = CARTESIAN_POINT ( 'NONE',  ( -11.85000000000000000, 4.229999999999973800, -4.699999999999917600 ) ) ;
#3666 = LINE ( 'NONE', #3665, #3664 ) ;
#3667 = CARTESIAN_POINT ( 'NONE',  ( -9.329999999999998300, 4.229999999999973800, -4.699999999999926500 ) ) ;
#3668 = DIRECTION ( 'NONE',  ( 1.000000000000000000, 0.0000000000000000000, -3.491483361109382100E-015 ) ) ;
#3669 = DIRECTION ( 'NONE',  ( 0.0000000000000000000, 1.000000000000000000, 0.0000000000000000000 ) ) ;
#3670 = CARTESIAN_POINT ( 'NONE',  ( 5.369999999999989400, 5.369999999999973500, -7.559999999999968500 ) ) ;
#3671 = AXIS2_PLACEMENT_3D ( 'NONE', #3670, #3669, #3668 ) ;
#3672 = PLANE ( 'NONE',  #3671 ) ;
#3673 =( GEOMETRIC_REPRESENTATION_CONTEXT ( 3 ) GLOBAL_UNCERTAINTY_ASSIGNED_CONTEXT ( ( #3615 ) ) GLOBAL_UNIT_ASSIGNED_CONTEXT ( ( #3618, #3617, #3616 ) ) REPRESENTATION_CONTEXT ( 'NONE', 'WORKASPACE' ) );
#3674 = CARTESIAN_POINT ( 'NONE',  ( 10.46999999999998300, 3.659999999999992100, -9.269999999999962300 ) ) ;
#3675 = DIRECTION ( 'NONE',  ( 3.043374519257615600E-015, 0.0000000000000000000, 1.000000000000000000 ) ) ;
#3676 = DIRECTION ( 'NONE',  ( -1.000000000000000000, 0.0000000000000000000, 3.491483361109382100E-015 ) ) ;
#3677 = CARTESIAN_POINT ( 'NONE',  ( 10.46999999999999000, 3.660000000000007200, -7.559999999999995200 ) ) ;
#3678 = AXIS2_PLACEMENT_3D ( 'NONE', #3677, #3676, #3675 ) ;
#3679 = CIRCLE ( 'NONE', #3678, 1.709999999999966700 ) ;
#3680 = DIRECTION ( 'NONE',  ( -1.000000000000000000, 0.0000000000000000000, 3.491483361109382100E-015 ) ) ;
#3681 = DIRECTION ( 'NONE',  ( -3.491483361109382100E-015, 0.0000000000000000000, -1.000000000000000000 ) ) ;
#3682 = CARTESIAN_POINT ( 'NONE',  ( -11.85000000000000000, 0.0000000000000000000, -4.699999999999917600 ) ) ;
#3683 = AXIS2_PLACEMENT_3D ( 'NONE', #3682, #3681, #3680 ) ;
#3684 = PLANE ( 'NONE',  #3683 ) ;
#3685 = FACE_OUTER_BOUND ( 'NONE', #602, .T. ) ;
#3686 = FACE_BOUND ( 'NONE', #631, .T. ) ;
#3687 = FACE_BOUND ( 'NONE', #614, .T. ) ;
#3688 = FACE_BOUND ( 'NONE', #636, .T. ) ;
#3689 = FACE_BOUND ( 'NONE', #591, .T. ) ;
#3690 = FACE_BOUND ( 'NONE', #588, .T. ) ;
#3691 = FACE_BOUND ( 'NONE', #4141, .T. ) ;
#3692 = DIRECTION ( 'NONE',  ( -1.000000000000000000, 0.0000000000000000000, 3.491483361109382100E-015 ) ) ;
#3693 = DIRECTION ( 'NONE',  ( 0.0000000000000000000, -1.000000000000000000, 0.0000000000000000000 ) ) ;
#3694 = CARTESIAN_POINT ( 'NONE',  ( 9.329999999999989400, 4.229999999999973800, -7.559999999999982700 ) ) ;
#3695 = AXIS2_PLACEMENT_3D ( 'NONE', #3694, #3693, #3692 ) ;
#3696 = PLANE ( 'NONE',  #3695 ) ;
#3697 =( GEOMETRIC_REPRESENTATION_CONTEXT ( 3 ) GLOBAL_UNCERTAINTY_ASSIGNED_CONTEXT ( ( #3698 ) ) GLOBAL_UNIT_ASSIGNED_CONTEXT ( ( #3644, #3700, #3699 ) ) REPRESENTATION_CONTEXT ( 'NONE', 'WORKASPACE' ) );
#3698 = UNCERTAINTY_MEASURE_WITH_UNIT (LENGTH_MEASURE( 1.000000000000000100E-005 ), #3644, 'distance_accuracy_value', 'NONE');
#3699 =( NAMED_UNIT ( * ) SI_UNIT ( $, .STERADIAN. ) SOLID_ANGLE_UNIT ( ) );
#3700 =( NAMED_UNIT ( * ) PLANE_ANGLE_UNIT ( ) SI_UNIT ( $, .RADIAN. ) );
#3701 = UNCERTAINTY_MEASURE_WITH_UNIT (LENGTH_MEASURE( 1.000000000000000100E-005 ), #3704, 'distance_accuracy_value', 'NONE');
#3702 =( NAMED_UNIT ( * ) SI_UNIT ( $, .STERADIAN. ) SOLID_ANGLE_UNIT ( ) );
#3703 =( NAMED_UNIT ( * ) PLANE_ANGLE_UNIT ( ) SI_UNIT ( $, .RADIAN. ) );
#3704 =( LENGTH_UNIT ( ) NAMED_UNIT ( * ) SI_UNIT ( .MILLI., .METRE. ) );
#3705 = MECHANICAL_DESIGN_GEOMETRIC_PRESENTATION_REPRESENTATION (  '', ( #3707 ), #3761 ) ;
#3706 = PRESENTATION_LAYER_ASSIGNMENT (  '', '', ( #3707 ) ) ;
#3707 = STYLED_ITEM ( 'NONE', ( #3708 ), #4159 ) ;
#3708 = PRESENTATION_STYLE_ASSIGNMENT (( #3709 ) ) ;
#3709 = SURFACE_STYLE_USAGE ( .BOTH. , #3710 ) ;
#3710 = SURFACE_SIDE_STYLE ('',( #3711 ) ) ;
#3711 = SURFACE_STYLE_FILL_AREA ( #3712 ) ;
#3712 = FILL_AREA_STYLE ('',( #3713 ) ) ;
#3713 = FILL_AREA_STYLE_COLOUR ( '', #3714 ) ;
#3714 = COLOUR_RGB ( '',0.0000000000000000000, 0.0000000000000000000, 0.6274509803921568500 ) ;
#3715 = CARTESIAN_POINT ( 'NONE',  ( 10.46999999999998300, -3.600000000000006800, -9.269999999999962300 ) ) ;
#3716 = CARTESIAN_POINT ( 'NONE',  ( 6.510000000000009600, 5.369999999999973500, -1.499999999999980500 ) ) ;
#3717 = DIRECTION ( 'NONE',  ( 4.171321041665876800E-031, -1.000000000000000000, 1.194713137725073900E-016 ) ) ;
#3718 = VECTOR ( 'NONE', #3717, 1000.000000000000000 ) ;
#3719 = CARTESIAN_POINT ( 'NONE',  ( 1.409999999999987700, 3.660000000000008600, -8.129999999999931500 ) ) ;
#3720 = LINE ( 'NONE', #3719, #3718 ) ;
#3721 = DIRECTION ( 'NONE',  ( 3.423796334164953300E-015, 0.0000000000000000000, 1.000000000000000000 ) ) ;
#3722 = DIRECTION ( 'NONE',  ( -1.000000000000000000, 0.0000000000000000000, 3.491483361109382100E-015 ) ) ;
#3723 = CARTESIAN_POINT ( 'NONE',  ( 1.409999999999989500, 3.660000000000007200, -7.559999999999964100 ) ) ;
#3724 = AXIS2_PLACEMENT_3D ( 'NONE', #3723, #3722, #3721 ) ;
#3725 = CIRCLE ( 'NONE', #3724, 0.5699999999999663100 ) ;
#3726 = CARTESIAN_POINT ( 'NONE',  ( 5.370000000000010800, 5.369999999999973500, -1.499999999999976700 ) ) ;
#3727 = DIRECTION ( 'NONE',  ( -4.453498641543274300E-031, -1.000000000000000000, -1.275531967630005200E-016 ) ) ;
#3728 = VECTOR ( 'NONE', #3727, 1000.000000000000000 ) ;
#3729 = CARTESIAN_POINT ( 'NONE',  ( 5.370000000000010800, 6.799999999999999800, -1.499999999999976700 ) ) ;
#3730 = LINE ( 'NONE', #3729, #3728 ) ;
#3731 = DIRECTION ( 'NONE',  ( -1.000000000000000000, 0.0000000000000000000, 3.491483361109382100E-015 ) ) ;
#3732 = VECTOR ( 'NONE', #3731, 1000.000000000000000 ) ;
#3733 = CARTESIAN_POINT ( 'NONE',  ( -11.84999999999998900, 5.369999999999973500, -1.499999999999916300 ) ) ;
#3734 = LINE ( 'NONE', #3733, #3732 ) ;
#3735 = DIRECTION ( 'NONE',  ( -1.000000000000000000, 0.0000000000000000000, 3.491483361109382100E-015 ) ) ;
#3736 = VECTOR ( 'NONE', #3735, 1000.000000000000000 ) ;
#3737 = CARTESIAN_POINT ( 'NONE',  ( 9.329999999999984100, 3.659999999999992100, -9.269999999999958700 ) ) ;
#3738 = LINE ( 'NONE', #3737, #3736 ) ;
#3739 = CARTESIAN_POINT ( 'NONE',  ( -1.409999999999989500, 5.369999999999973500, -1.499999999999952700 ) ) ;
#3740 = DIRECTION ( 'NONE',  ( -1.000000000000000000, 0.0000000000000000000, 3.491483361109382100E-015 ) ) ;
#3741 = VECTOR ( 'NONE', #3740, 1000.000000000000000 ) ;
#3742 = CARTESIAN_POINT ( 'NONE',  ( -11.84999999999998900, 5.369999999999973500, -1.499999999999916300 ) ) ;
#3743 = LINE ( 'NONE', #3742, #3741 ) ;
#3744 = DIRECTION ( 'NONE',  ( 4.171321041665876800E-031, -1.000000000000000000, 1.194713137725073900E-016 ) ) ;
#3745 = VECTOR ( 'NONE', #3744, 1000.000000000000000 ) ;
#3746 = CARTESIAN_POINT ( 'NONE',  ( 1.409999999999984200, 3.659999999999992100, -9.269999999999930300 ) ) ;
#3747 = LINE ( 'NONE', #3746, #3745 ) ;
#3748 = CARTESIAN_POINT ( 'NONE',  ( 1.409999999999984200, -3.600000000000006800, -9.269999999999930300 ) ) ;
#3749 = CARTESIAN_POINT ( 'NONE',  ( 1.409999999999984200, 3.659999999999992100, -9.269999999999930300 ) ) ;
#3750 = CARTESIAN_POINT ( 'NONE',  ( -2.549999999999989600, 4.229999999999973800, -1.499999999999949400 ) ) ;
#3751 = DIRECTION ( 'NONE',  ( 4.171321041665876800E-031, -1.000000000000000000, 1.194713137725073900E-016 ) ) ;
#3752 = VECTOR ( 'NONE', #3751, 1000.000000000000000 ) ;
#3753 = CARTESIAN_POINT ( 'NONE',  ( 10.46999999999998300, 3.659999999999992100, -9.269999999999962300 ) ) ;
#3754 = LINE ( 'NONE', #3753, #3752 ) ;
#3755 = DIRECTION ( 'NONE',  ( -3.681694268562979500E-015, -1.437166900243591600E-014, -1.000000000000000000 ) ) ;
#3756 = VECTOR ( 'NONE', #3755, 1000.000000000000000 ) ;
#3757 = CARTESIAN_POINT ( 'NONE',  ( 10.46999999999998300, -3.600000000000006800, -9.269999999999962300 ) ) ;
#3758 = LINE ( 'NONE', #3757, #3756 ) ;
#3759 = CARTESIAN_POINT ( 'NONE',  ( 1.409999999999987700, 3.660000000000008600, -8.129999999999931500 ) ) ;
#3760 = CARTESIAN_POINT ( 'NONE',  ( 5.370000000000010800, 4.229999999999973800, -1.499999999999977100 ) ) ;
#3761 =( GEOMETRIC_REPRESENTATION_CONTEXT ( 3 ) GLOBAL_UNCERTAINTY_ASSIGNED_CONTEXT ( ( #3701 ) ) GLOBAL_UNIT_ASSIGNED_CONTEXT ( ( #3704, #3703, #3702 ) ) REPRESENTATION_CONTEXT ( 'NONE', 'WORKASPACE' ) );
#3762 = FILL_AREA_STYLE_COLOUR ( '', #3812 ) ;
#3763 = PLANE ( 'NONE',  #3817 ) ;
#3764 =( GEOMETRIC_REPRESENTATION_CONTEXT ( 3 ) GLOBAL_UNCERTAINTY_ASSIGNED_CONTEXT ( ( #3765 ) ) GLOBAL_UNIT_ASSIGNED_CONTEXT ( ( #3768, #3767, #3766 ) ) REPRESENTATION_CONTEXT ( 'NONE', 'WORKASPACE' ) );
#3765 = UNCERTAINTY_MEASURE_WITH_UNIT (LENGTH_MEASURE( 1.000000000000000100E-005 ), #3768, 'distance_accuracy_value', 'NONE');
#3766 =( NAMED_UNIT ( * ) SI_UNIT ( $, .STERADIAN. ) SOLID_ANGLE_UNIT ( ) );
#3767 =( NAMED_UNIT ( * ) PLANE_ANGLE_UNIT ( ) SI_UNIT ( $, .RADIAN. ) );
#3768 =( LENGTH_UNIT ( ) NAMED_UNIT ( * ) SI_UNIT ( .MILLI., .METRE. ) );
#3769 = MECHANICAL_DESIGN_GEOMETRIC_PRESENTATION_REPRESENTATION (  '', ( #3771 ), #3764 ) ;
#3770 = PRESENTATION_LAYER_ASSIGNMENT (  '', '', ( #3771 ) ) ;
#3771 = STYLED_ITEM ( 'NONE', ( #3772 ), #4180 ) ;
#3772 = PRESENTATION_STYLE_ASSIGNMENT (( #3773 ) ) ;
#3773 = SURFACE_STYLE_USAGE ( .BOTH. , #3774 ) ;
#3774 = SURFACE_SIDE_STYLE ('',( #3775 ) ) ;
#3775 = SURFACE_STYLE_FILL_AREA ( #3776 ) ;
#3776 = FILL_AREA_STYLE ('',( #3784 ) ) ;
#3777 = COLOUR_RGB ( '',0.7529411764705882200, 0.7529411764705882200, 0.7529411764705882200 ) ;
#3778 = FACE_OUTER_BOUND ( 'NONE', #4182, .T. ) ;
#3779 = DIRECTION ( 'NONE',  ( 3.550603605800551700E-015, 0.0000000000000000000, 1.000000000000000000 ) ) ;
#3780 = DIRECTION ( 'NONE',  ( -1.000000000000000000, 0.0000000000000000000, 3.491483361109382100E-015 ) ) ;
#3781 = CARTESIAN_POINT ( 'NONE',  ( 1.409999999999989500, 3.660000000000007200, -7.559999999999964100 ) ) ;
#3782 = AXIS2_PLACEMENT_3D ( 'NONE', #3781, #3780, #3779 ) ;
#3783 = CIRCLE ( 'NONE', #3782, 1.709999999999966700 ) ;
#3784 = FILL_AREA_STYLE_COLOUR ( '', #3777 ) ;
#3785 = DIRECTION ( 'NONE',  ( 3.491483361109382100E-015, 1.437166900243591600E-014, 1.000000000000000000 ) ) ;
#3786 = VECTOR ( 'NONE', #3785, 1000.000000000000000 ) ;
#3787 = CARTESIAN_POINT ( 'NONE',  ( 1.409999999999984200, -3.600000000000006800, -9.269999999999930300 ) ) ;
#3788 = LINE ( 'NONE', #3787, #3786 ) ;
#3789 = LINE ( 'NONE', #3855, #3854 ) ;
#3790 = DIRECTION ( 'NONE',  ( -1.902109074535967600E-016, 1.000000000000000000, 1.275531967630011900E-016 ) ) ;
#3791 = VECTOR ( 'NONE', #3790, 1000.000000000000000 ) ;
#3792 = CARTESIAN_POINT ( 'NONE',  ( 2.550000000000010500, 6.800000000000002500, -1.499999999999966700 ) ) ;
#3793 = LINE ( 'NONE', #3792, #3791 ) ;
#3794 = DIRECTION ( 'NONE',  ( 1.902109074535972000E-016, -1.000000000000000000, -6.641182184757512200E-031 ) ) ;
#3795 = DIRECTION ( 'NONE',  ( 1.000000000000000000, 1.902109074535972000E-016, -3.491483361109382100E-015 ) ) ;
#3796 = CARTESIAN_POINT ( 'NONE',  ( 2.549999999999989600, 5.369999999999973500, -7.559999999999958800 ) ) ;
#3797 = AXIS2_PLACEMENT_3D ( 'NONE', #3796, #3795, #3794 ) ;
#3798 = PLANE ( 'NONE',  #3797 ) ;
#3799 =( GEOMETRIC_REPRESENTATION_CONTEXT ( 3 ) GLOBAL_UNCERTAINTY_ASSIGNED_CONTEXT ( ( #3800 ) ) GLOBAL_UNIT_ASSIGNED_CONTEXT ( ( #3803, #3802, #3801 ) ) REPRESENTATION_CONTEXT ( 'NONE', 'WORKASPACE' ) );
#3800 = UNCERTAINTY_MEASURE_WITH_UNIT (LENGTH_MEASURE( 1.000000000000000100E-005 ), #3803, 'distance_accuracy_value', 'NONE');
#3801 =( NAMED_UNIT ( * ) SI_UNIT ( $, .STERADIAN. ) SOLID_ANGLE_UNIT ( ) );
#3802 =( NAMED_UNIT ( * ) PLANE_ANGLE_UNIT ( ) SI_UNIT ( $, .RADIAN. ) );
#3803 =( LENGTH_UNIT ( ) NAMED_UNIT ( * ) SI_UNIT ( .MILLI., .METRE. ) );
#3804 = MECHANICAL_DESIGN_GEOMETRIC_PRESENTATION_REPRESENTATION (  '', ( #3806 ), #3799 ) ;
#3805 = PRESENTATION_LAYER_ASSIGNMENT (  '', '', ( #3806 ) ) ;
#3806 = STYLED_ITEM ( 'NONE', ( #3807 ), #4186 ) ;
#3807 = PRESENTATION_STYLE_ASSIGNMENT (( #3808 ) ) ;
#3808 = SURFACE_STYLE_USAGE ( .BOTH. , #3809 ) ;
#3809 = SURFACE_SIDE_STYLE ('',( #3810 ) ) ;
#3810 = SURFACE_STYLE_FILL_AREA ( #3811 ) ;
#3811 = FILL_AREA_STYLE ('',( #3762 ) ) ;
#3812 = COLOUR_RGB ( '',0.7529411764705882200, 0.7529411764705882200, 0.7529411764705882200 ) ;
#3813 = FACE_OUTER_BOUND ( 'NONE', #4189, .T. ) ;
#3814 = DIRECTION ( 'NONE',  ( -1.000000000000000000, 0.0000000000000000000, 3.491483361109382100E-015 ) ) ;
#3815 = DIRECTION ( 'NONE',  ( 0.0000000000000000000, -1.000000000000000000, 0.0000000000000000000 ) ) ;
#3816 = CARTESIAN_POINT ( 'NONE',  ( -2.550000000000010500, 4.229999999999973800, -7.559999999999941000 ) ) ;
#3817 = AXIS2_PLACEMENT_3D ( 'NONE', #3816, #3815, #3814 ) ;
#3818 = MECHANICAL_DESIGN_GEOMETRIC_PRESENTATION_REPRESENTATION (  '', ( #3820 ), #3870 ) ;
#3819 = PRESENTATION_LAYER_ASSIGNMENT (  '', '', ( #3820 ) ) ;
#3820 = STYLED_ITEM ( 'NONE', ( #3821 ), #4207 ) ;
#3821 = PRESENTATION_STYLE_ASSIGNMENT (( #3822 ) ) ;
#3822 = SURFACE_STYLE_USAGE ( .BOTH. , #3823 ) ;
#3823 = SURFACE_SIDE_STYLE ('',( #3824 ) ) ;
#3824 = SURFACE_STYLE_FILL_AREA ( #3825 ) ;
#3825 = FILL_AREA_STYLE ('',( #3832 ) ) ;
#3826 = COLOUR_RGB ( '',0.7529411764705882200, 0.7529411764705882200, 0.7529411764705882200 ) ;
#3827 = FACE_OUTER_BOUND ( 'NONE', #4208, .T. ) ;
#3828 = DIRECTION ( 'NONE',  ( -1.000000000000000000, 0.0000000000000000000, 3.491483361109382100E-015 ) ) ;
#3829 = VECTOR ( 'NONE', #3828, 1000.000000000000000 ) ;
#3830 = CARTESIAN_POINT ( 'NONE',  ( -2.549999999999962100, 5.369999999999973500, 6.200000000000051700 ) ) ;
#3831 = LINE ( 'NONE', #3830, #3829 ) ;
#3832 = FILL_AREA_STYLE_COLOUR ( '', #3826 ) ;
#3833 = DIRECTION ( 'NONE',  ( -1.000000000000000000, 0.0000000000000000000, 3.491483361109382100E-015 ) ) ;
#3834 = VECTOR ( 'NONE', #3833, 1000.000000000000000 ) ;
#3835 = CARTESIAN_POINT ( 'NONE',  ( 1.409999999999989500, 5.369999999999973500, -7.559999999999955200 ) ) ;
#3836 = LINE ( 'NONE', #3835, #3834 ) ;
#3837 = CARTESIAN_POINT ( 'NONE',  ( 2.549999999999989600, 5.369999999999973500, -7.559999999999958800 ) ) ;
#3838 = DIRECTION ( 'NONE',  ( -1.902109074535967600E-016, 1.000000000000000000, 1.275531967630011900E-016 ) ) ;
#3839 = VECTOR ( 'NONE', #3838, 1000.000000000000000 ) ;
#3840 = CARTESIAN_POINT ( 'NONE',  ( -9.329999999999987600, 6.800000000000000700, -1.499999999999924900 ) ) ;
#3841 = LINE ( 'NONE', #3840, #3839 ) ;
#3842 = DIRECTION ( 'NONE',  ( 3.491483361109382100E-015, 0.0000000000000000000, 1.000000000000000000 ) ) ;
#3843 = VECTOR ( 'NONE', #3842, 1000.000000000000000 ) ;
#3844 = CARTESIAN_POINT ( 'NONE',  ( 2.549999999999989600, 5.369999999999973500, -7.559999999999958800 ) ) ;
#3845 = LINE ( 'NONE', #3844, #3843 ) ;
#3846 = DIRECTION ( 'NONE',  ( -3.491483361109382100E-015, -1.398970545142586300E-016, -1.000000000000000000 ) ) ;
#3847 = DIRECTION ( 'NONE',  ( 4.884482381047461500E-031, -1.000000000000000000, 1.398970545142586300E-016 ) ) ;
#3848 = CARTESIAN_POINT ( 'NONE',  ( -11.84999999999996800, 6.800000000000000700, 4.700000000000085400 ) ) ;
#3849 = AXIS2_PLACEMENT_3D ( 'NONE', #3848, #3847, #3846 ) ;
#3850 = PLANE ( 'NONE',  #3849 ) ;
#3851 = FACE_OUTER_BOUND ( 'NONE', #35, .T. ) ;
#3852 = CARTESIAN_POINT ( 'NONE',  ( 2.550000000000010500, 4.229999999999973800, -1.499999999999967100 ) ) ;
#3853 = DIRECTION ( 'NONE',  ( 1.000000000000000000, 0.0000000000000000000, -3.491483361109382100E-015 ) ) ;
#3854 = VECTOR ( 'NONE', #3853, 1000.000000000000000 ) ;
#3855 = CARTESIAN_POINT ( 'NONE',  ( -11.84999999999998900, 4.229999999999973800, -1.499999999999916700 ) ) ;
#3856 =( NAMED_UNIT ( * ) SI_UNIT ( $, .STERADIAN. ) SOLID_ANGLE_UNIT ( ) );
#3857 =( NAMED_UNIT ( * ) PLANE_ANGLE_UNIT ( ) SI_UNIT ( $, .RADIAN. ) );
#3858 =( LENGTH_UNIT ( ) NAMED_UNIT ( * ) SI_UNIT ( .MILLI., .METRE. ) );
#3859 = DIRECTION ( 'NONE',  ( 0.0000000000000000000, 0.0000000000000000000, 1.000000000000000000 ) ) ;
#3860 = CARTESIAN_POINT ( 'NONE',  ( 2.549999999999984700, 3.659999999999992100, -9.269999999999933800 ) ) ;
#3861 = DIRECTION ( 'NONE',  ( 1.000000000000000000, 0.0000000000000000000, -3.491483361109382100E-015 ) ) ;
#3862 = VECTOR ( 'NONE', #3861, 1000.000000000000000 ) ;
#3863 = CARTESIAN_POINT ( 'NONE',  ( -11.84999999999998900, 4.229999999999973800, -1.499999999999916700 ) ) ;
#3864 = LINE ( 'NONE', #3863, #3862 ) ;
#3865 = DIRECTION ( 'NONE',  ( 1.000000000000000000, 0.0000000000000000000, -3.491483361109382100E-015 ) ) ;
#3866 = DIRECTION ( 'NONE',  ( 0.0000000000000000000, 1.000000000000000000, 0.0000000000000000000 ) ) ;
#3867 = CARTESIAN_POINT ( 'NONE',  ( 1.409999999999989500, 5.369999999999973500, -7.559999999999955200 ) ) ;
#3868 = AXIS2_PLACEMENT_3D ( 'NONE', #3867, #3866, #3865 ) ;
#3869 = PLANE ( 'NONE',  #3868 ) ;
#3870 =( GEOMETRIC_REPRESENTATION_CONTEXT ( 3 ) GLOBAL_UNCERTAINTY_ASSIGNED_CONTEXT ( ( #3871 ) ) GLOBAL_UNIT_ASSIGNED_CONTEXT ( ( #3874, #3873, #3872 ) ) REPRESENTATION_CONTEXT ( 'NONE', 'WORKASPACE' ) );
#3871 = UNCERTAINTY_MEASURE_WITH_UNIT (LENGTH_MEASURE( 1.000000000000000100E-005 ), #3874, 'distance_accuracy_value', 'NONE');
#3872 =( NAMED_UNIT ( * ) SI_UNIT ( $, .STERADIAN. ) SOLID_ANGLE_UNIT ( ) );
#3873 =( NAMED_UNIT ( * ) PLANE_ANGLE_UNIT ( ) SI_UNIT ( $, .RADIAN. ) );
#3874 =( LENGTH_UNIT ( ) NAMED_UNIT ( * ) SI_UNIT ( .MILLI., .METRE. ) );
#3875 = DIRECTION ( 'NONE',  ( 1.000000000000000000, 0.0000000000000000000, 0.0000000000000000000 ) ) ;
#3876 = CARTESIAN_POINT ( 'NONE',  ( 0.0000000000000000000, 0.0000000000000000000, 0.0000000000000000000 ) ) ;
#3877 = AXIS2_PLACEMENT_3D ( 'NONE', #3876, #3859, #3875 ) ;
#3878 = SHAPE_DEFINITION_REPRESENTATION ( #3882, #3879 ) ;
#3879 = ADVANCED_BREP_SHAPE_REPRESENTATION ( 'B6PS-VH', ( #4159, #3877 ), #3880 ) ;
#3880 =( GEOMETRIC_REPRESENTATION_CONTEXT ( 3 ) GLOBAL_UNCERTAINTY_ASSIGNED_CONTEXT ( ( #3881 ) ) GLOBAL_UNIT_ASSIGNED_CONTEXT ( ( #3858, #3857, #3856 ) ) REPRESENTATION_CONTEXT ( 'NONE', 'WORKASPACE' ) );
#3881 = UNCERTAINTY_MEASURE_WITH_UNIT (LENGTH_MEASURE( 1.000000000000000100E-005 ), #3858, 'distance_accuracy_value', 'NONE');
#3882 = PRODUCT_DEFINITION_SHAPE ( 'NONE', 'NONE',  #3885 ) ;
#3883 = PRODUCT_RELATED_PRODUCT_CATEGORY ( 'part', '', ( #3889 ) ) ;
#3884 = PRODUCT_DEFINITION_FORMATION_WITH_SPECIFIED_SOURCE ( 'ANY', '', #3889, .NOT_KNOWN. ) ;
#3885 = PRODUCT_DEFINITION ( 'UNKNOWN', '', #3884, #3886 ) ;
#3886 = PRODUCT_DEFINITION_CONTEXT ( 'detailed design', #3888, 'design' ) ;
#3887 = APPLICATION_PROTOCOL_DEFINITION ( 'draft international standard', 'automotive_design', 1998, #3888 ) ;
#3888 = APPLICATION_CONTEXT ( 'automotive_design' ) ;
#3889 = PRODUCT ( 'B6PS-VH', 'B6PS-VH', '', ( #3890 ) ) ;
#3890 = PRODUCT_CONTEXT ( 'NONE', #3892, 'mechanical' ) ;
#3891 = APPLICATION_PROTOCOL_DEFINITION ( 'draft international standard', 'automotive_design', 1998, #3892 ) ;
#3892 = APPLICATION_CONTEXT ( 'automotive_design' ) ;
#3893 = ORIENTED_EDGE ( 'NONE', *, *, #3908, .T. ) ;
#3894 = EDGE_CURVE ( 'NONE', #3895, #336, #2912, .T. ) ;
#3895 = VERTEX_POINT ( 'NONE', #2908 ) ;
#3896 = ORIENTED_EDGE ( 'NONE', *, *, #3936, .T. ) ;
#3897 = ADVANCED_FACE ( 'NONE', ( #2907 ), #2905, .T. ) ;
#3898 = ORIENTED_EDGE ( 'NONE', *, *, #348, .T. ) ;
#3899 = ADVANCED_FACE ( 'NONE', ( #2900 ), #2952, .F. ) ;
#3900 = EDGE_CURVE ( 'NONE', #139, #3917, #2947, .T. ) ;
#3901 = ORIENTED_EDGE ( 'NONE', *, *, #3945, .F. ) ;
#3902 = EDGE_LOOP ( 'NONE', ( #3906, #166, #159, #165 ) ) ;
#3903 = EDGE_CURVE ( 'NONE', #3912, #3910, #2943, .T. ) ;
#3904 = ORIENTED_EDGE ( 'NONE', *, *, #3900, .F. ) ;
#3905 = ORIENTED_EDGE ( 'NONE', *, *, #3894, .F. ) ;
#3906 = ORIENTED_EDGE ( 'NONE', *, *, #397, .F. ) ;
#3907 = ORIENTED_EDGE ( 'NONE', *, *, #3909, .T. ) ;
#3908 = EDGE_CURVE ( 'NONE', #340, #3919, #2939, .T. ) ;
#3909 = EDGE_CURVE ( 'NONE', #3910, #150, #2935, .T. ) ;
#3910 = VERTEX_POINT ( 'NONE', #2931 ) ;
#3911 = ORIENTED_EDGE ( 'NONE', *, *, #371, .F. ) ;
#3912 = VERTEX_POINT ( 'NONE', #2930 ) ;
#3913 = EDGE_LOOP ( 'NONE', ( #3904, #3898, #3893, #3915 ) ) ;
#3914 = ORIENTED_EDGE ( 'NONE', *, *, #3214, .T. ) ;
#3915 = ORIENTED_EDGE ( 'NONE', *, *, #3923, .F. ) ;
#3916 = ADVANCED_FACE ( 'NONE', ( #2929 ), #2971, .T. ) ;
#3917 = VERTEX_POINT ( 'NONE', #2967 ) ;
#3918 = EDGE_LOOP ( 'NONE', ( #3959, #3960, #3963, #3966, #718, #721, #102, #3975 ) ) ;
#3919 = VERTEX_POINT ( 'NONE', #2966 ) ;
#3920 = ORIENTED_EDGE ( 'NONE', *, *, #3924, .T. ) ;
#3921 = ORIENTED_EDGE ( 'NONE', *, *, #3974, .T. ) ;
#3922 = ORIENTED_EDGE ( 'NONE', *, *, #3926, .F. ) ;
#3923 = EDGE_CURVE ( 'NONE', #3917, #3919, #2965, .T. ) ;
#3924 = EDGE_CURVE ( 'NONE', #3919, #3982, #2961, .T. ) ;
#3925 = ORIENTED_EDGE ( 'NONE', *, *, #3923, .T. ) ;
#3926 = EDGE_CURVE ( 'NONE', #643, #3895, #2957, .T. ) ;
#3927 = ORIENTED_EDGE ( 'NONE', *, *, #660, .F. ) ;
#3928 = ORIENTED_EDGE ( 'NONE', *, *, #3929, .T. ) ;
#3929 = EDGE_CURVE ( 'NONE', #644, #3912, #3005, .T. ) ;
#3930 = EDGE_LOOP ( 'NONE', ( #3928, #3921, #3922, #3927 ) ) ;
#3931 = EDGE_CURVE ( 'NONE', #382, #3917, #3001, .T. ) ;
#3932 = ORIENTED_EDGE ( 'NONE', *, *, #3931, .T. ) ;
#3933 = EDGE_CURVE ( 'NONE', #382, #4135, #2995, .T. ) ;
#3934 = ADVANCED_FACE ( 'NONE', ( #2991 ), #3037, .F. ) ;
#3935 = EDGE_LOOP ( 'NONE', ( #3907, #3896, #3901, #3949 ) ) ;
#3936 = EDGE_CURVE ( 'NONE', #150, #209, #3032, .T. ) ;
#3937 = EDGE_CURVE ( 'NONE', #412, #343, #3028, .T. ) ;
#3938 = ORIENTED_EDGE ( 'NONE', *, *, #3936, .F. ) ;
#3939 = ORIENTED_EDGE ( 'NONE', *, *, #415, .T. ) ;
#3940 = ADVANCED_FACE ( 'NONE', ( #3024 ), #3023, .T. ) ;
#3941 = ADVANCED_FACE ( 'NONE', ( #3017 ), #3066, .T. ) ;
#3942 = ORIENTED_EDGE ( 'NONE', *, *, #3937, .F. ) ;
#3943 = EDGE_CURVE ( 'NONE', #3951, #626, #3061, .T. ) ;
#3944 = ORIENTED_EDGE ( 'NONE', *, *, #3943, .F. ) ;
#3945 = EDGE_CURVE ( 'NONE', #336, #209, #3057, .T. ) ;
#3946 = ORIENTED_EDGE ( 'NONE', *, *, #3900, .T. ) ;
#3947 = ORIENTED_EDGE ( 'NONE', *, *, #3931, .F. ) ;
#3948 = ORIENTED_EDGE ( 'NONE', *, *, #140, .T. ) ;
#3949 = ORIENTED_EDGE ( 'NONE', *, *, #3214, .F. ) ;
#3950 = ORIENTED_EDGE ( 'NONE', *, *, #149, .F. ) ;
#3951 = VERTEX_POINT ( 'NONE', #3053 ) ;
#3952 = EDGE_LOOP ( 'NONE', ( #3942, #3939, #2805, #3911 ) ) ;
#3953 = EDGE_LOOP ( 'NONE', ( #3957, #3948, #3946, #3947 ) ) ;
#3954 = ADVANCED_FACE ( 'NONE', ( #3052 ), #3088, .F. ) ;
#3955 = ORIENTED_EDGE ( 'NONE', *, *, #3978, .T. ) ;
#3956 = ADVANCED_FACE ( 'NONE', ( #3084 ), #3089, .T. ) ;
#3957 = ORIENTED_EDGE ( 'NONE', *, *, #3980, .F. ) ;
#3958 = ORIENTED_EDGE ( 'NONE', *, *, #611, .T. ) ;
#3959 = ORIENTED_EDGE ( 'NONE', *, *, #3943, .T. ) ;
#3960 = ORIENTED_EDGE ( 'NONE', *, *, #612, .T. ) ;
#3961 = EDGE_CURVE ( 'NONE', #3969, #603, #3079, .T. ) ;
#3962 = VERTEX_POINT ( 'NONE', #3075 ) ;
#3963 = ORIENTED_EDGE ( 'NONE', *, *, #3961, .F. ) ;
#3964 = EDGE_CURVE ( 'NONE', #368, #651, #3074, .T. ) ;
#3965 = EDGE_CURVE ( 'NONE', #3969, #3962, #3070, .T. ) ;
#3966 = ORIENTED_EDGE ( 'NONE', *, *, #3965, .T. ) ;
#3967 = ORIENTED_EDGE ( 'NONE', *, *, #3961, .T. ) ;
#3968 = EDGE_LOOP ( 'NONE', ( #3967, #706, #707, #708 ) ) ;
#3969 = VERTEX_POINT ( 'NONE', #3118 ) ;
#3970 = ADVANCED_FACE ( 'NONE', ( #3117 ), #3101, .T. ) ;
#3971 = ORIENTED_EDGE ( 'NONE', *, *, #3974, .F. ) ;
#3972 = EDGE_CURVE ( 'NONE', #3951, #3973, #3096, .T. ) ;
#3973 = VERTEX_POINT ( 'NONE', #3149 ) ;
#3974 = EDGE_CURVE ( 'NONE', #3912, #3895, #3148, .T. ) ;
#3975 = ORIENTED_EDGE ( 'NONE', *, *, #3972, .F. ) ;
#3976 = EDGE_CURVE ( 'NONE', #3973, #114, #3143, .T. ) ;
#3977 = ADVANCED_FACE ( 'NONE', ( #3139 ), #3124, .F. ) ;
#3978 = EDGE_CURVE ( 'NONE', #3951, #119, #3180, .T. ) ;
#3979 = ORIENTED_EDGE ( 'NONE', *, *, #377, .T. ) ;
#3980 = EDGE_CURVE ( 'NONE', #129, #382, #3176, .T. ) ;
#3981 = ADVANCED_FACE ( 'NONE', ( #3172 ), #3171, .T. ) ;
#3982 = VERTEX_POINT ( 'NONE', #3166 ) ;
#3983 = VERTEX_POINT ( 'NONE', #3165 ) ;
#3984 = ORIENTED_EDGE ( 'NONE', *, *, #3985, .F. ) ;
#3985 = EDGE_CURVE ( 'NONE', #296, #3983, #3164, .T. ) ;
#3986 = ORIENTED_EDGE ( 'NONE', *, *, #254, .T. ) ;
#3987 = VERTEX_POINT ( 'NONE', #3160 ) ;
#3988 = ORIENTED_EDGE ( 'NONE', *, *, #3989, .T. ) ;
#3989 = EDGE_CURVE ( 'NONE', #3987, #4005, #3159, .T. ) ;
#3990 = EDGE_LOOP ( 'NONE', ( #534, #522, #521, #1342 ) ) ;
#3991 = ORIENTED_EDGE ( 'NONE', *, *, #3993, .T. ) ;
#3992 = VERTEX_POINT ( 'NONE', #3155 ) ;
#3993 = EDGE_CURVE ( 'NONE', #3992, #3987, #3154, .T. ) ;
#3994 = ORIENTED_EDGE ( 'NONE', *, *, #3985, .T. ) ;
#3995 = ORIENTED_EDGE ( 'NONE', *, *, #3996, .T. ) ;
#3996 = EDGE_CURVE ( 'NONE', #3983, #239, #3211, .T. ) ;
#3997 = EDGE_LOOP ( 'NONE', ( #4000, #3986, #4064, #4045 ) ) ;
#3998 = ORIENTED_EDGE ( 'NONE', *, *, #240, .F. ) ;
#3999 = EDGE_CURVE ( 'NONE', #255, #282, #3207, .T. ) ;
#4000 = ORIENTED_EDGE ( 'NONE', *, *, #3999, .F. ) ;
#4001 = EDGE_CURVE ( 'NONE', #4004, #3992, #3202, .T. ) ;
#4002 = ADVANCED_FACE ( 'NONE', ( #3198 ), #3240, .F. ) ;
#4003 = ORIENTED_EDGE ( 'NONE', *, *, #4001, .T. ) ;
#4004 = VERTEX_POINT ( 'NONE', #3235 ) ;
#4005 = VERTEX_POINT ( 'NONE', #3234 ) ;
#4006 = EDGE_LOOP ( 'NONE', ( #4007, #4003, #3991, #3988 ) ) ;
#4007 = ORIENTED_EDGE ( 'NONE', *, *, #4008, .T. ) ;
#4008 = EDGE_CURVE ( 'NONE', #4005, #4004, #3232, .T. ) ;
#4009 = ADVANCED_FACE ( 'NONE', ( #3228 ), #3272, .T. ) ;
#4010 = ORIENTED_EDGE ( 'NONE', *, *, #426, .F. ) ;
#4011 = ORIENTED_EDGE ( 'NONE', *, *, #1292, .F. ) ;
#4012 = ORIENTED_EDGE ( 'NONE', *, *, #4201, .T. ) ;
#4013 = EDGE_LOOP ( 'NONE', ( #4011, #4012, #2165, #1167 ) ) ;
#4014 = ORIENTED_EDGE ( 'NONE', *, *, #284, .F. ) ;
#4015 = ORIENTED_EDGE ( 'NONE', *, *, #271, .T. ) ;
#4016 = ORIENTED_EDGE ( 'NONE', *, *, #95, .T. ) ;
#4017 = ORIENTED_EDGE ( 'NONE', *, *, #3999, .T. ) ;
#4018 = EDGE_LOOP ( 'NONE', ( #4019, #4016, #473, #445 ) ) ;
#4019 = ORIENTED_EDGE ( 'NONE', *, *, #4020, .F. ) ;
#4020 = EDGE_CURVE ( 'NONE', #78, #513, #3266, .T. ) ;
#4021 = ORIENTED_EDGE ( 'NONE', *, *, #4176, .F. ) ;
#4022 = ORIENTED_EDGE ( 'NONE', *, *, #4032, .F. ) ;
#4023 = ADVANCED_FACE ( 'NONE', ( #3262 ), #3247, .T. ) ;
#4024 = ADVANCED_FACE ( 'NONE', ( #3246 ), #3286, .F. ) ;
#4025 = EDGE_LOOP ( 'NONE', ( #4026, #433, #434, #435 ) ) ;
#4026 = ORIENTED_EDGE ( 'NONE', *, *, #2546, .F. ) ;
#4027 = ORIENTED_EDGE ( 'NONE', *, *, #4042, .F. ) ;
#4028 = ORIENTED_EDGE ( 'NONE', *, *, #4075, .T. ) ;
#4029 = ORIENTED_EDGE ( 'NONE', *, *, #357, .F. ) ;
#4030 = ADVANCED_FACE ( 'NONE', ( #3282 ), #3329, .T. ) ;
#4031 = ORIENTED_EDGE ( 'NONE', *, *, #373, .F. ) ;
#4032 = EDGE_CURVE ( 'NONE', #438, #378, #3324, .T. ) ;
#4033 = ORIENTED_EDGE ( 'NONE', *, *, #13, .F. ) ;
#4034 = ORIENTED_EDGE ( 'NONE', *, *, #4036, .F. ) ;
#4035 = ORIENTED_EDGE ( 'NONE', *, *, #81, .F. ) ;
#4036 = EDGE_CURVE ( 'NONE', #4069, #676, #3319, .T. ) ;
#4037 = ADVANCED_FACE ( 'NONE', ( #3315 ), #3357, .T. ) ;
#4038 = EDGE_CURVE ( 'NONE', #4071, #517, #3352, .T. ) ;
#4039 = EDGE_LOOP ( 'NONE', ( #4034, #376, #363, #54, #44, #46 ) ) ;
#4040 = ORIENTED_EDGE ( 'NONE', *, *, #4038, .T. ) ;
#4041 = EDGE_LOOP ( 'NONE', ( #4021, #4031, #4033, #4035 ) ) ;
#4042 = EDGE_CURVE ( 'NONE', #378, #387, #3347, .T. ) ;
#4043 = ADVANCED_FACE ( 'NONE', ( #3343 ), #3382, .F. ) ;
#4044 = EDGE_LOOP ( 'NONE', ( #4046, #4050, #4051, #4055 ) ) ;
#4045 = ORIENTED_EDGE ( 'NONE', *, *, #279, .F. ) ;
#4046 = ORIENTED_EDGE ( 'NONE', *, *, #249, .F. ) ;
#4047 = EDGE_CURVE ( 'NONE', #296, #238, #3376, .T. ) ;
#4048 = ORIENTED_EDGE ( 'NONE', *, *, #4047, .F. ) ;
#4049 = ADVANCED_FACE ( 'NONE', ( #3372 ), #3404, .T. ) ;
#4050 = ORIENTED_EDGE ( 'NONE', *, *, #3996, .F. ) ;
#4051 = ORIENTED_EDGE ( 'NONE', *, *, #281, .F. ) ;
#4052 = EDGE_LOOP ( 'NONE', ( #4053, #4054, #4056, #4057 ) ) ;
#4053 = ORIENTED_EDGE ( 'NONE', *, *, #276, .F. ) ;
#4054 = ORIENTED_EDGE ( 'NONE', *, *, #303, .T. ) ;
#4055 = ORIENTED_EDGE ( 'NONE', *, *, #4068, .F. ) ;
#4056 = ORIENTED_EDGE ( 'NONE', *, *, #4047, .T. ) ;
#4057 = ORIENTED_EDGE ( 'NONE', *, *, #247, .F. ) ;
#4058 = ADVANCED_FACE ( 'NONE', ( #3400 ), #3436, .T. ) ;
#4059 = EDGE_LOOP ( 'NONE', ( #4063, #515, #511, #4040 ) ) ;
#4060 = EDGE_CURVE ( 'NONE', #517, #513, #3430, .T. ) ;
#4061 = ADVANCED_FACE ( 'NONE', ( #3426 ), #3460, .F. ) ;
#4062 = EDGE_LOOP ( 'NONE', ( #4067, #4015, #4017, #4014 ) ) ;
#4063 = ORIENTED_EDGE ( 'NONE', *, *, #4060, .T. ) ;
#4064 = ORIENTED_EDGE ( 'NONE', *, *, #4068, .T. ) ;
#4065 = EDGE_LOOP ( 'NONE', ( #4048, #3994, #3995, #3998 ) ) ;
#4066 = ADVANCED_FACE ( 'NONE', ( #3456 ), #3442, .F. ) ;
#4067 = ORIENTED_EDGE ( 'NONE', *, *, #294, .F. ) ;
#4068 = EDGE_CURVE ( 'NONE', #251, #277, #3493, .T. ) ;
#4069 = VERTEX_POINT ( 'NONE', #3489 ) ;
#4070 = ORIENTED_EDGE ( 'NONE', *, *, #50, .T. ) ;
#4071 = VERTEX_POINT ( 'NONE', #3488 ) ;
#4072 = ORIENTED_EDGE ( 'NONE', *, *, #29, .T. ) ;
#4073 = VERTEX_POINT ( 'NONE', #3487 ) ;
#4074 = ADVANCED_FACE ( 'NONE', ( #3486 ), #3470, .F. ) ;
#4075 = EDGE_CURVE ( 'NONE', #39, #356, #3465, .T. ) ;
#4076 = EDGE_CURVE ( 'NONE', #439, #192, #3519, .T. ) ;
#4077 = ORIENTED_EDGE ( 'NONE', *, *, #4076, .T. ) ;
#4078 = EDGE_CURVE ( 'NONE', #438, #204, #3515, .T. ) ;
#4079 = ORIENTED_EDGE ( 'NONE', *, *, #4032, .T. ) ;
#4080 = ORIENTED_EDGE ( 'NONE', *, *, #4078, .F. ) ;
#4081 = VERTEX_POINT ( 'NONE', #3511 ) ;
#4082 = ADVANCED_FACE ( 'NONE', ( #3510 ), #3494, .T. ) ;
#4083 = ORIENTED_EDGE ( 'NONE', *, *, #4088, .T. ) ;
#4084 = ORIENTED_EDGE ( 'NONE', *, *, #4086, .T. ) ;
#4085 = VERTEX_POINT ( 'NONE', #3548 ) ;
#4086 = EDGE_CURVE ( 'NONE', #4081, #4085, #3547, .T. ) ;
#4087 = EDGE_LOOP ( 'NONE', ( #4080, #4079, #227, #225 ) ) ;
#4088 = EDGE_CURVE ( 'NONE', #4085, #192, #3543, .T. ) ;
#4089 = ORIENTED_EDGE ( 'NONE', *, *, #4090, .T. ) ;
#4090 = EDGE_CURVE ( 'NONE', #204, #4081, #3539, .T. ) ;
#4091 = ORIENTED_EDGE ( 'NONE', *, *, #4088, .F. ) ;
#4092 = EDGE_CURVE ( 'NONE', #4160, #4094, #3535, .T. ) ;
#4093 = EDGE_CURVE ( 'NONE', #4094, #4117, #3531, .T. ) ;
#4094 = VERTEX_POINT ( 'NONE', #3527 ) ;
#4095 = ORIENTED_EDGE ( 'NONE', *, *, #4093, .T. ) ;
#4096 = ORIENTED_EDGE ( 'NONE', *, *, #4163, .T. ) ;
#4097 = VERTEX_POINT ( 'NONE', #3526 ) ;
#4098 = ORIENTED_EDGE ( 'NONE', *, *, #4116, .T. ) ;
#4099 = VERTEX_POINT ( 'NONE', #3525 ) ;
#4100 = ORIENTED_EDGE ( 'NONE', *, *, #616, .T. ) ;
#4101 = ORIENTED_EDGE ( 'NONE', *, *, #4109, .F. ) ;
#4102 = VERTEX_POINT ( 'NONE', #3524 ) ;
#4103 = VERTEX_POINT ( 'NONE', #3523 ) ;
#4104 = ORIENTED_EDGE ( 'NONE', *, *, #4106, .T. ) ;
#4105 = EDGE_CURVE ( 'NONE', #4117, #4121, #3522, .T. ) ;
#4106 = EDGE_CURVE ( 'NONE', #4103, #4102, #3586, .T. ) ;
#4107 = EDGE_CURVE ( 'NONE', #4121, #326, #3582, .T. ) ;
#4108 = ORIENTED_EDGE ( 'NONE', *, *, #4105, .T. ) ;
#4109 = EDGE_CURVE ( 'NONE', #4097, #630, #3578, .T. ) ;
#4110 = ORIENTED_EDGE ( 'NONE', *, *, #4107, .T. ) ;
#4111 = ORIENTED_EDGE ( 'NONE', *, *, #4114, .T. ) ;
#4112 = ORIENTED_EDGE ( 'NONE', *, *, #4129, .T. ) ;
#4113 = ORIENTED_EDGE ( 'NONE', *, *, #63, .T. ) ;
#4114 = EDGE_CURVE ( 'NONE', #4156, #4121, #3574, .T. ) ;
#4115 = ORIENTED_EDGE ( 'NONE', *, *, #4124, .F. ) ;
#4116 = EDGE_CURVE ( 'NONE', #4097, #4103, #3570, .T. ) ;
#4117 = VERTEX_POINT ( 'NONE', #3565 ) ;
#4118 = ORIENTED_EDGE ( 'NONE', *, *, #4092, .F. ) ;
#4119 = EDGE_LOOP ( 'NONE', ( #4118, #4127, #4126, #4125 ) ) ;
#4120 = ADVANCED_FACE ( 'NONE', ( #3564 ), #3610, .T. ) ;
#4121 = VERTEX_POINT ( 'NONE', #3605 ) ;
#4122 = EDGE_LOOP ( 'NONE', ( #4115, #4113, #4111, #4134 ) ) ;
#4123 = ADVANCED_FACE ( 'NONE', ( #3604 ), #3642, .T. ) ;
#4124 = EDGE_CURVE ( 'NONE', #65, #4117, #3637, .T. ) ;
#4125 = ORIENTED_EDGE ( 'NONE', *, *, #4093, .F. ) ;
#4126 = ORIENTED_EDGE ( 'NONE', *, *, #4124, .T. ) ;
#4127 = ORIENTED_EDGE ( 'NONE', *, *, #66, .T. ) ;
#4128 = ORIENTED_EDGE ( 'NONE', *, *, #97, .F. ) ;
#4129 = EDGE_CURVE ( 'NONE', #4099, #628, #3632, .T. ) ;
#4130 = EDGE_LOOP ( 'NONE', ( #4131, #659, #558, #526 ) ) ;
#4131 = ORIENTED_EDGE ( 'NONE', *, *, #4114, .F. ) ;
#4132 = ORIENTED_EDGE ( 'NONE', *, *, #4129, .F. ) ;
#4133 = ADVANCED_FACE ( 'NONE', ( #3628 ), #3672, .T. ) ;
#4134 = ORIENTED_EDGE ( 'NONE', *, *, #4105, .F. ) ;
#4135 = VERTEX_POINT ( 'NONE', #3667 ) ;
#4136 = ORIENTED_EDGE ( 'NONE', *, *, #4137, .F. ) ;
#4137 = EDGE_CURVE ( 'NONE', #4135, #4139, #3666, .T. ) ;
#4138 = EDGE_LOOP ( 'NONE', ( #308, #305, #304, #302 ) ) ;
#4139 = VERTEX_POINT ( 'NONE', #3662 ) ;
#4140 = EDGE_CURVE ( 'NONE', #4139, #4142, #3661, .T. ) ;
#4141 = EDGE_LOOP ( 'NONE', ( #4143, #4136, #4128, #568 ) ) ;
#4142 = VERTEX_POINT ( 'NONE', #3657 ) ;
#4143 = ORIENTED_EDGE ( 'NONE', *, *, #4140, .F. ) ;
#4144 = VERTEX_POINT ( 'NONE', #3656 ) ;
#4145 = ADVANCED_FACE ( 'NONE', ( #3655 ), #3696, .T. ) ;
#4146 = ADVANCED_FACE ( 'NONE', ( #3691, #3690, #3689, #3688, #3687, #3686, #3685 ), #3684, .T. ) ;
#4147 = EDGE_CURVE ( 'NONE', #4099, #4149, #3679, .T. ) ;
#4148 = ORIENTED_EDGE ( 'NONE', *, *, #4147, .F. ) ;
#4149 = VERTEX_POINT ( 'NONE', #3674 ) ;
#4150 = ORIENTED_EDGE ( 'NONE', *, *, #4155, .F. ) ;
#4151 = EDGE_CURVE ( 'NONE', #4156, #4153, #3734, .T. ) ;
#4152 = EDGE_CURVE ( 'NONE', #4153, #4160, #3730, .T. ) ;
#4153 = VERTEX_POINT ( 'NONE', #3726 ) ;
#4154 = EDGE_CURVE ( 'NONE', #791, #4161, #3725, .T. ) ;
#4155 = EDGE_CURVE ( 'NONE', #4161, #4144, #3720, .T. ) ;
#4156 = VERTEX_POINT ( 'NONE', #3716 ) ;
#4157 = VERTEX_POINT ( 'NONE', #3715 ) ;
#4158 = ORIENTED_EDGE ( 'NONE', *, *, #4164, .F. ) ;
#4159 = MANIFOLD_SOLID_BREP ( 'NONE', #156 ) ;
#4160 = VERTEX_POINT ( 'NONE', #3760 ) ;
#4161 = VERTEX_POINT ( 'NONE', #3759 ) ;
#4162 = ORIENTED_EDGE ( 'NONE', *, *, #4151, .F. ) ;
#4163 = EDGE_CURVE ( 'NONE', #4102, #4157, #3758, .T. ) ;
#4164 = EDGE_CURVE ( 'NONE', #4149, #4157, #3754, .T. ) ;
#4165 = ORIENTED_EDGE ( 'NONE', *, *, #4154, .F. ) ;
#4166 = VERTEX_POINT ( 'NONE', #3750 ) ;
#4167 = ORIENTED_EDGE ( 'NONE', *, *, #4176, .T. ) ;
#4168 = VERTEX_POINT ( 'NONE', #3749 ) ;
#4169 = ORIENTED_EDGE ( 'NONE', *, *, #4171, .T. ) ;
#4170 = VERTEX_POINT ( 'NONE', #3748 ) ;
#4171 = EDGE_CURVE ( 'NONE', #4168, #4170, #3747, .T. ) ;
#4172 = EDGE_CURVE ( 'NONE', #4174, #84, #3743, .T. ) ;
#4173 = ORIENTED_EDGE ( 'NONE', *, *, #4172, .F. ) ;
#4174 = VERTEX_POINT ( 'NONE', #3739 ) ;
#4175 = EDGE_CURVE ( 'NONE', #4149, #188, #3738, .T. ) ;
#4176 = EDGE_CURVE ( 'NONE', #4170, #4144, #3788, .T. ) ;
#4177 = ORIENTED_EDGE ( 'NONE', *, *, #4152, .F. ) ;
#4178 = EDGE_CURVE ( 'NONE', #795, #4168, #3783, .T. ) ;
#4179 = EDGE_LOOP ( 'NONE', ( #4183, #324, #325, #322 ) ) ;
#4180 = ADVANCED_FACE ( 'NONE', ( #3778 ), #3763, .T. ) ;
#4181 = ORIENTED_EDGE ( 'NONE', *, *, #121, .F. ) ;
#4182 = EDGE_LOOP ( 'NONE', ( #4181, #4072, #4028, #4029 ) ) ;
#4183 = ORIENTED_EDGE ( 'NONE', *, *, #4175, .F. ) ;
#4184 = ORIENTED_EDGE ( 'NONE', *, *, #4178, .T. ) ;
#4185 = ORIENTED_EDGE ( 'NONE', *, *, #122, .T. ) ;
#4186 = ADVANCED_FACE ( 'NONE', ( #3813 ), #3798, .T. ) ;
#4187 = EDGE_CURVE ( 'NONE', #4190, #19, #3793, .T. ) ;
#4188 = EDGE_CURVE ( 'NONE', #9, #4190, #3789, .T. ) ;
#4189 = EDGE_LOOP ( 'NONE', ( #4192, #4191, #4196, #22, #32, #10, #15, #72 ) ) ;
#4190 = VERTEX_POINT ( 'NONE', #3852 ) ;
#4191 = ORIENTED_EDGE ( 'NONE', *, *, #627, .T. ) ;
#4192 = ORIENTED_EDGE ( 'NONE', *, *, #4200, .T. ) ;
#4193 = ORIENTED_EDGE ( 'NONE', *, *, #4188, .F. ) ;
#4194 = EDGE_LOOP ( 'NONE', ( #4177, #4162, #62, #58 ) ) ;
#4195 = ADVANCED_FACE ( 'NONE', ( #3851 ), #3850, .T. ) ;
#4196 = ORIENTED_EDGE ( 'NONE', *, *, #47, .F. ) ;
#4197 = ORIENTED_EDGE ( 'NONE', *, *, #632, .T. ) ;
#4198 = ORIENTED_EDGE ( 'NONE', *, *, #4187, .F. ) ;
#4199 = ORIENTED_EDGE ( 'NONE', *, *, #4200, .F. ) ;
#4200 = EDGE_CURVE ( 'NONE', #4202, #613, #3845, .T. ) ;
#4201 = EDGE_CURVE ( 'NONE', #358, #352, #3841, .T. ) ;
#4202 = VERTEX_POINT ( 'NONE', #3837 ) ;
#4203 = ORIENTED_EDGE ( 'NONE', *, *, #4204, .T. ) ;
#4204 = EDGE_CURVE ( 'NONE', #4202, #795, #3836, .T. ) ;
#4205 = EDGE_CURVE ( 'NONE', #5, #365, #3831, .T. ) ;
#4206 = ORIENTED_EDGE ( 'NONE', *, *, #794, .T. ) ;
#4207 = ADVANCED_FACE ( 'NONE', ( #3827 ), #3869, .T. ) ;
#4208 = EDGE_LOOP ( 'NONE', ( #4206, #4197, #4199, #4203 ) ) ;
#4209 = ORIENTED_EDGE ( 'NONE', *, *, #4201, .F. ) ;
#4210 = ORIENTED_EDGE ( 'NONE', *, *, #4205, .T. ) ;
#4211 = EDGE_CURVE ( 'NONE', #658, #358, #3864, .T. ) ;
#4212 = VERTEX_POINT ( 'NONE', #3860 ) ;
#4213 = ORIENTED_EDGE ( 'NONE', *, *, #4211, .F. ) ;
ENDSEC;
END-ISO-10303-21;
